/* Generated by tools/convert_avatar_assets.py. */
#include "avatar_chroma_assets.h"
#if LV_COLOR_16_SWAP != 1
#error "Avatar asset byte order disagrees with LV_COLOR_16_SWAP"
#endif

static const uint8_t eye_left_open_map[] = {
    0xf7, 0x9c, 0xf7, 0x9c, 0xf7, 0x9c, 0xf7, 0x9c, 0xf7, 0x9c, 0xf7, 0x9c, 0xf7, 0x9c, 0xf7, 0x9c,
    0xf7, 0x9c, 0xf7, 0x9c, 0xf7, 0x9c, 0xf7, 0x9c, 0xff, 0xdd, 0xb5, 0x74, 0x94, 0x2e, 0xc5, 0xb4,
    0xe7, 0x1a, 0xf7, 0x9c, 0xf7, 0x9c, 0xf7, 0x9c, 0xef, 0x3a, 0xc5, 0xd5, 0xc5, 0xf5, 0xf7, 0x7b,
    0xf7, 0x9c, 0xf7, 0x9c, 0xf7, 0x9c, 0xf7, 0x9c, 0xf7, 0x9c, 0xf7, 0x9c, 0xf7, 0x9c, 0xce, 0x16,
    0xce, 0x16, 0xf7, 0x9c, 0xf7, 0x9c, 0xf7, 0x9c, 0xf7, 0x9c, 0xf7, 0x9c, 0xf7, 0x9c, 0xf7, 0x7c,
    0xf7, 0x7b, 0xf7, 0x7b, 0xf7, 0x7b, 0xf7, 0x7b, 0xf7, 0x7c, 0xf7, 0x9b, 0xf7, 0x9c, 0xf7, 0x9c,
    0xd6, 0x78, 0xbd, 0xb4, 0xe7, 0x19, 0xf7, 0x9c, 0xd6, 0x78, 0xbd, 0xb5, 0xc5, 0xf5, 0xf7, 0x7c,
    0xf7, 0x9c, 0xf7, 0x9c, 0xf7, 0x9c, 0xf7, 0x9c, 0xf7, 0x9c, 0xf7, 0x9c, 0xf7, 0x9c, 0xf7, 0x9c,
    0xf7, 0x9c, 0xf7, 0x9c, 0xf7, 0x9c, 0xff, 0xdc, 0xad, 0x32, 0x9c, 0x90, 0xc5, 0xd5, 0xef, 0x5b,
    0xf7, 0x9c, 0xf7, 0x9c, 0xf7, 0x7b, 0xce, 0x16, 0xbd, 0x94, 0xe6, 0xf9, 0xff, 0xbc, 0xf7, 0x9c,
    0xf7, 0x7c, 0xf7, 0x9c, 0xf7, 0x7c, 0xf7, 0x9c, 0xf7, 0x9c, 0xd6, 0x57, 0xc5, 0xf5, 0xf7, 0x7b,
    0xf7, 0x9c, 0xf7, 0x9c, 0xf7, 0x9c, 0xf7, 0x9c, 0xf7, 0x7c, 0xf7, 0x7c, 0xf7, 0x7c, 0xf7, 0x7b,
    0xf7, 0x7b, 0xf7, 0x7c, 0xf7, 0x7b, 0xf7, 0x7c, 0xff, 0x9c, 0xef, 0x3b, 0xbd, 0xb5, 0xbd, 0xb4,
    0xf7, 0x5b, 0xef, 0x3a, 0xcd, 0xf6, 0xbd, 0x94, 0xc6, 0x15, 0xad, 0x12, 0xf7, 0x7c, 0xf7, 0x7c,
    0xf7, 0x7c, 0xf7, 0x7c, 0xf7, 0x7c, 0xf7, 0x9c, 0xf7, 0x9c, 0xf7, 0x9c, 0xf7, 0x9c, 0xf7, 0x9c,
    0xf7, 0x9c, 0xf7, 0x9c, 0xf7, 0x9c, 0x9c, 0xb0, 0xad, 0x12, 0xce, 0x16, 0xf7, 0x7b, 0xf7, 0x9c,
    0xf7, 0x9c, 0xd6, 0x57, 0xbd, 0x94, 0xd6, 0x57, 0xf7, 0x9c, 0xf7, 0x9c, 0xf7, 0x7c, 0xf7, 0x9c,
    0xf7, 0x9c, 0xf7, 0x9c, 0xf7, 0x9c, 0xd6, 0x78, 0xbd, 0x94, 0xef, 0x3a, 0xf7, 0x9c, 0xf7, 0x9c,
    0xf7, 0x9c, 0xf7, 0x9c, 0xf7, 0x7c, 0xf7, 0x7b, 0xf7, 0x7b, 0xf7, 0x7b, 0xf7, 0x7b, 0xf7, 0x7c,
    0xf7, 0x7b, 0xf7, 0x9c, 0xff, 0x9c, 0xde, 0xb8, 0xa4, 0xf1, 0xc5, 0xf5, 0xf7, 0x7b, 0xde, 0x98,
    0xbd, 0xb4, 0xc5, 0xd5, 0xbd, 0xd5, 0x8c, 0x0e, 0x82, 0xea, 0xf7, 0x9c, 0xf7, 0x7c, 0xf7, 0x7c,
    0xf7, 0x7c, 0xf7, 0x7c, 0xf7, 0x7c, 0xf7, 0x9c, 0xf7, 0x9c, 0xf7, 0x9c, 0xf7, 0x9c, 0xf7, 0x9c,
    0xf7, 0x9c, 0xef, 0x3b, 0x94, 0x6f, 0xb5, 0x53, 0xd6, 0x57, 0xf7, 0xbc, 0xf7, 0x9c, 0xde, 0xb8,
    0xbd, 0x94, 0xc5, 0xd5, 0xef, 0x5b, 0xf7, 0x9c, 0xf7, 0x7c, 0xf7, 0x7c, 0xf7, 0x9c, 0xf7, 0x9c,
    0xff, 0x9c, 0xde, 0x98, 0xad, 0x32, 0xe6, 0xd9, 0xff, 0x9c, 0xf7, 0x7c, 0xf7, 0x9c, 0xf7, 0x9c,
    0xf7, 0x7b, 0xf7, 0x7b, 0xf7, 0x7b, 0xf7, 0x5b, 0xf7, 0x7b, 0xf7, 0x7b, 0xf7, 0x7c, 0xf7, 0x9c,
    0xf7, 0x7b, 0xc5, 0xd5, 0x94, 0x70, 0xce, 0x57, 0xef, 0x3a, 0xce, 0x16, 0xbd, 0xb4, 0xc5, 0xf5,
    0xad, 0x12, 0x7b, 0x2b, 0x9b, 0x8c, 0xdd, 0x52, 0xf7, 0x7c, 0xf7, 0x9c, 0xf7, 0x7c, 0xf7, 0x7c,
    0xf7, 0x7c, 0xf7, 0x7c, 0xf7, 0x9c, 0xf7, 0x9c, 0xf7, 0x9c, 0xf7, 0x9c, 0xf7, 0x9c, 0xff, 0xbc,
    0xd6, 0x98, 0x94, 0x4f, 0xbd, 0x94, 0xde, 0xb8, 0xff, 0xdd, 0xe6, 0xf9, 0xc5, 0xb4, 0xbd, 0x94,
    0xde, 0xb8, 0xff, 0xbc, 0xf7, 0x9c, 0xf7, 0x9c, 0xf7, 0x7c, 0xf7, 0x9c, 0xf7, 0x9c, 0xd6, 0x78,
    0x9c, 0xd1, 0xce, 0x36, 0xff, 0xbc, 0xf7, 0x7b, 0xf7, 0x7c, 0xf7, 0x7c, 0xf7, 0x7b, 0xf7, 0x7b,
    0xf7, 0x5b, 0xef, 0x5b, 0xf7, 0x7b, 0xf7, 0x7b, 0xf7, 0x9c, 0xf7, 0x9c, 0xe7, 0x1a, 0xad, 0x12,
    0x94, 0x4f, 0xd6, 0x77, 0xde, 0x98, 0xc5, 0xb5, 0xc5, 0xd5, 0xbd, 0x94, 0x8b, 0xee, 0x83, 0x2b,
    0xc4, 0x90, 0xe5, 0x11, 0xac, 0x2e, 0xf7, 0x7c, 0xf7, 0x7c, 0xf7, 0x7c, 0xf7, 0x7c, 0xf7, 0x7c,
    0xf7, 0x7c, 0xf7, 0x7c, 0xf7, 0x7c, 0xf7, 0x7c, 0xf7, 0x7c, 0xf7, 0x7c, 0xff, 0xbd, 0xc5, 0xd5,
    0x9c, 0x90, 0xbd, 0x94, 0xe6, 0xf9, 0xf7, 0x5b, 0xc5, 0xf5, 0xbd, 0x94, 0xc5, 0xf5, 0xf7, 0x7b,
    0xf7, 0x9c, 0xf7, 0x7c, 0xf7, 0x7b, 0xf7, 0x9c, 0xf7, 0x7b, 0xd6, 0x57, 0x9c, 0x90, 0xad, 0x53,
    0xf7, 0x9c, 0xf7, 0x9c, 0xf7, 0x7c, 0xf7, 0x7b, 0xf7, 0x7b, 0xf7, 0x7b, 0xf7, 0x5b, 0xef, 0x5b,
    0xf7, 0x5b, 0xf7, 0x7b, 0xf7, 0x9c, 0xef, 0x5a, 0xd6, 0x78, 0x94, 0x4f, 0x94, 0x6f, 0xd6, 0x78,
    0xce, 0x36, 0xc5, 0xd5, 0xc5, 0xd5, 0x9c, 0x90, 0x83, 0x4b, 0xab, 0xee, 0xe5, 0x52, 0xd4, 0xf1,
    0xac, 0x90, 0xe6, 0xfa, 0xf7, 0x7c, 0xf7, 0x7c, 0xf7, 0x7c, 0xf7, 0x7c, 0xf7, 0x7c, 0xf7, 0x9c,
    0xf7, 0x7c, 0xf7, 0x7c, 0xf7, 0x9c, 0xf7, 0x7c, 0xf7, 0x9c, 0xff, 0xbd, 0xad, 0x33, 0xa4, 0xd1,
    0xc5, 0xb5, 0xef, 0x3a, 0xce, 0x57, 0xbd, 0x94, 0xbd, 0x94, 0xde, 0xd9, 0xf7, 0x9c, 0xf7, 0x7b,
    0xf7, 0x7c, 0xf7, 0x9c, 0xf7, 0x7b, 0xd6, 0x57, 0xa4, 0xf2, 0x94, 0x6f, 0xef, 0x3a, 0xff, 0x9c,
    0xf7, 0x9c, 0xf7, 0x7b, 0xf7, 0x7b, 0xf7, 0x7b, 0xef, 0x5b, 0xef, 0x3a, 0xef, 0x5b, 0xf7, 0x9c,
    0xf7, 0x9c, 0xe6, 0xf9, 0xc5, 0xd5, 0x7b, 0xcd, 0x94, 0x4f, 0xce, 0x37, 0xc6, 0x16, 0xc5, 0xf5,
    0xad, 0x12, 0x83, 0x8c, 0x93, 0x8c, 0xd4, 0xd1, 0xe5, 0x73, 0xc4, 0x90, 0xc5, 0x94, 0xe7, 0x7b,
    0xbd, 0xd5, 0xf7, 0x7c, 0xf7, 0x7c, 0xf7, 0x7c, 0xf7, 0x7c, 0xf7, 0x7c, 0xf7, 0x7c, 0xf7, 0x9c,
    0xf7, 0x9c, 0xf7, 0x9c, 0xf7, 0x9c, 0xf7, 0x9c, 0xf7, 0x7b, 0x9c, 0x90, 0xb5, 0x53, 0xc5, 0xf5,
    0xde, 0xb8, 0xbd, 0xb5, 0xbd, 0x94, 0xce, 0x16, 0xf7, 0x7b, 0xf7, 0x9b, 0xf7, 0x7b, 0xff, 0x9c,
    0xef, 0x3b, 0xce, 0x16, 0xb5, 0x53, 0x8c, 0x0e, 0xd6, 0x78, 0xff, 0xbd, 0xf7, 0x9c, 0xf7, 0x7b,
    0xf7, 0x7b, 0xf7, 0x7b, 0xef, 0x3b, 0xef, 0x1a, 0xef, 0x7b, 0xf7, 0x9c, 0xef, 0x3a, 0xd6, 0x77,
    0xad, 0x12, 0x73, 0x2b, 0x9c, 0x90, 0xce, 0x36, 0xce, 0x16, 0xb5, 0x53, 0x8b, 0xad, 0x8b, 0x4a,
    0xbc, 0x6f, 0xe5, 0x53, 0xdd, 0x32, 0xbc, 0xd1, 0xd6, 0x37, 0xce, 0x57, 0x94, 0x8f, 0xb5, 0x32,
    0xf7, 0x7c, 0xf7, 0x7c, 0xf7, 0x7c, 0xf7, 0x7c, 0xf7, 0x7c, 0xf7, 0x7c, 0xf7, 0x7c, 0xf7, 0x7c,
    0xf7, 0x9c, 0xf7, 0x7c, 0xf7, 0x9c, 0xe7, 0x1a, 0x94, 0x2f, 0xbd, 0x94, 0xc5, 0xf5, 0xc5, 0xf5,
    0xbd, 0xb4, 0xbd, 0x94, 0xe6, 0xd9, 0xf7, 0x9c, 0xf7, 0x9b, 0xff, 0x9c, 0xef, 0x3a, 0xc5, 0xf6,
    0xb5, 0x74, 0x83, 0xcd, 0xbd, 0x94, 0xff, 0xbc, 0xf7, 0x9c, 0xf7, 0x7b, 0xf7, 0x7b, 0xf7, 0x7b,
    0xef, 0x3a, 0xe7, 0x1a, 0xf7, 0x7b, 0xf7, 0x7b, 0xde, 0xb8, 0xcd, 0xf6, 0x9c, 0x90, 0x6b, 0x0a,
    0xad, 0x12, 0xd6, 0x58, 0xbd, 0xb5, 0x8b, 0xed, 0x83, 0x2a, 0xb4, 0x2e, 0xe5, 0x32, 0xe5, 0x73,
    0xcc, 0xd1, 0xbd, 0x12, 0xc5, 0xf5, 0xa4, 0xf1, 0xa4, 0xb0, 0xe6, 0x98, 0xfe, 0xd9, 0xf7, 0x7c,
    0xf7, 0x7c, 0xf7, 0x7c, 0xf7, 0x7c, 0xf7, 0x7c, 0xf7, 0x7c, 0xf7, 0x7c, 0xf7, 0x9c, 0xf7, 0x9c,
    0xf7, 0x7c, 0xff, 0xbc, 0xd6, 0x57, 0x94, 0x4f, 0xc5, 0xd5, 0xbd, 0xb4, 0xbd, 0xb4, 0xbd, 0x94,
    0xc5, 0xf6, 0xf7, 0x7b, 0xf7, 0x9c, 0xf7, 0x9c, 0xe6, 0xf9, 0xc5, 0xd5, 0xbd, 0xb4, 0x83, 0xcd,
    0xa4, 0xd1, 0xf7, 0x7c, 0xff, 0x9c, 0xf7, 0x7b, 0xf7, 0x5b, 0xf7, 0x5b, 0xef, 0x3a, 0xe7, 0x1a,
    0xef, 0x5b, 0xde, 0xd9, 0xce, 0x16, 0xbd, 0xb4, 0x8c, 0x2e, 0x7b, 0x6c, 0xbd, 0x74, 0xce, 0x37,
    0x9c, 0x90, 0x7b, 0x4b, 0xa3, 0xcc, 0xd5, 0x12, 0xed, 0x73, 0xe5, 0x53, 0xcc, 0xb1, 0xb4, 0x91,
    0xac, 0xf2, 0xa4, 0x90, 0xd6, 0x16, 0xff, 0x9b, 0xf6, 0xd8, 0xe6, 0x15, 0xf7, 0x7c, 0xf7, 0x7c,
    0xf7, 0x7c, 0xf7, 0x7c, 0xf7, 0x9c, 0xf7, 0x9c, 0xf7, 0x7c, 0xf7, 0x9c, 0xf7, 0x9b, 0xf7, 0x7b,
    0xff, 0xbd, 0xc5, 0xd5, 0x9c, 0x90, 0xc5, 0xd5, 0xbd, 0xb4, 0xbd, 0xb4, 0xbd, 0x94, 0xde, 0xd9,
    0xff, 0xdd, 0xf7, 0x7b, 0xde, 0x98, 0xbd, 0x94, 0xc5, 0xb5, 0x8c, 0x0e, 0x8c, 0x2e, 0xef, 0x3a,
    0xff, 0xbc, 0xef, 0x5b, 0xef, 0x5b, 0xef, 0x5b, 0xe7, 0x1a, 0xe6, 0xd9, 0xde, 0xb8, 0xce, 0x16,
    0xc5, 0xb5, 0xb5, 0x53, 0x7b, 0xac, 0x8c, 0x0e, 0xc5, 0xf6, 0xb5, 0x33, 0x83, 0x8c, 0x93, 0xac,
    0xcd, 0x11, 0xe5, 0x73, 0xe5, 0x73, 0xd5, 0x32, 0xb4, 0x6f, 0x9b, 0xee, 0xac, 0xd1, 0xcd, 0xd4,
    0xff, 0x5a, 0xff, 0x7b, 0xf6, 0xd9, 0xf6, 0xd8, 0xff, 0x7b, 0xf7, 0x7c, 0xf7, 0x7c, 0xf7, 0x7c,
    0xf7, 0x7c, 0xf7, 0x7c, 0xf7, 0x7c, 0xf7, 0x7c, 0xf7, 0x7b, 0xf7, 0x7b, 0xf7, 0x7c, 0xff, 0xbd,
    0xad, 0x33, 0xa4, 0xf1, 0xc5, 0xd5, 0xbd, 0xb4, 0xbd, 0x94, 0xce, 0x16, 0xf7, 0x7b, 0xe6, 0xfa,
    0xc6, 0x16, 0xbd, 0x74, 0xc5, 0xd5, 0x9c, 0x90, 0x7b, 0x8c, 0xde, 0x98, 0xff, 0xbc, 0xef, 0x5b,
    0xef, 0x3a, 0xef, 0x3a, 0xde, 0xf9, 0xd6, 0x77, 0xc5, 0xf6, 0xbd, 0xb5, 0xc5, 0xd5, 0xa4, 0xd1,
    0x7b, 0x6c, 0xac, 0xf2, 0xbd, 0x74, 0x93, 0xed, 0x8b, 0x4b, 0xc4, 0x90, 0xed, 0xb4, 0xed, 0xb4,
    0xdd, 0x53, 0xbc, 0x90, 0xa4, 0x2f, 0xac, 0xb1, 0xd6, 0x16, 0xff, 0x5a, 0xff, 0xbc, 0xff, 0x5b,
    0xf7, 0x19, 0xff, 0x5a, 0xff, 0x9b, 0xff, 0x7b, 0xf7, 0x7c, 0xf7, 0x7c, 0xf7, 0x7c, 0xf7, 0x7c,
    0xf7, 0x7c, 0xf7, 0x7c, 0xf7, 0x7c, 0xf7, 0x7b, 0xf7, 0x7b, 0xf7, 0x7c, 0xff, 0xbc, 0x9c, 0xb1,
    0xad, 0x33, 0xc5, 0xb5, 0xbd, 0xb4, 0xbd, 0x94, 0xce, 0x37, 0xce, 0x37, 0xbd, 0x94, 0xbd, 0x94,
    0xc5, 0xd5, 0xa4, 0xd1, 0x73, 0x4b, 0xc5, 0xf6, 0xff, 0xbc, 0xef, 0x5b, 0xe7, 0x1a, 0xe6, 0xf9,
    0xd6, 0x77, 0xc5, 0xd5, 0xbd, 0x94, 0xc5, 0xd5, 0xc5, 0xb4, 0x94, 0x2f, 0x8b, 0xed, 0xac, 0xf2,
    0xa4, 0x4f, 0x93, 0xcc, 0xbc, 0x90, 0xe5, 0x94, 0xdd, 0x73, 0xb4, 0x6f, 0x8b, 0x6b, 0x6a, 0x89,
    0x73, 0x0a, 0x8b, 0xcd, 0xac, 0xd1, 0xde, 0x57, 0xff, 0x7b, 0xff, 0x7b, 0xff, 0x5b, 0xff, 0x7b,
    0xff, 0x9b, 0xff, 0x7b, 0xff, 0x7b, 0xf7, 0x7c, 0xf7, 0x7c, 0xf7, 0x7c, 0xf7, 0x7c, 0xf7, 0x7c,
    0xf7, 0x7c, 0xf7, 0x7c, 0xf7, 0x7b, 0xf7, 0x7b, 0xf7, 0x9c, 0xf7, 0x7b, 0x94, 0x4f, 0xb5, 0x74,
    0xbd, 0xb4, 0xbd, 0xb4, 0xbd, 0xb4, 0xbd, 0xb4, 0xbd, 0x94, 0xbd, 0x94, 0xc5, 0xb5, 0xad, 0x12,
    0x73, 0x4b, 0xb5, 0x94, 0xf7, 0x7b, 0xef, 0x3b, 0xde, 0xb8, 0xd6, 0x57, 0xc5, 0xd5, 0xbd, 0x94,
    0xbd, 0xb4, 0xc5, 0xf5, 0xb5, 0x53, 0x83, 0xac, 0x8b, 0xee, 0x9c, 0x6f, 0x93, 0xed, 0xac, 0x4f,
    0xb4, 0xb0, 0x9b, 0xad, 0x82, 0xea, 0x62, 0x27, 0x49, 0xa4, 0x62, 0xa8, 0x8b, 0xee, 0xa4, 0xd1,
    0xb5, 0x32, 0xbd, 0x73, 0xbd, 0x53, 0xe6, 0x98, 0xff, 0x9c, 0xff, 0x7b, 0xff, 0x7b, 0xff, 0x7b,
    0xff, 0x7b, 0xff, 0x9b, 0xf7, 0x7c, 0xf7, 0x9c, 0xf7, 0x7c, 0xf7, 0x7c, 0xf7, 0x7c, 0xf7, 0x7c,
    0xf7, 0x7c, 0xf7, 0x7b, 0xf7, 0x7b, 0xff, 0x9c, 0xe6, 0xfa, 0x8c, 0x0e, 0xbd, 0xb5, 0xbd, 0xb4,
    0xbd, 0xb4, 0xbd, 0xb4, 0xbd, 0xb4, 0xbd, 0x94, 0xbd, 0xb5, 0xb5, 0x53, 0x7b, 0x6c, 0xad, 0x12,
    0xe6, 0xd9, 0xe6, 0xd9, 0xce, 0x16, 0xc5, 0xd5, 0xbd, 0x94, 0xbd, 0x94, 0xc5, 0xd5, 0xc5, 0xd5,
    0x9c, 0x70, 0x73, 0x2b, 0x83, 0x8d, 0x93, 0xee, 0x8b, 0xac, 0x83, 0x4b, 0x7a, 0xea, 0x6a, 0x88,
    0x7b, 0x2b, 0x62, 0x68, 0x8b, 0x8c, 0xcd, 0xb5, 0xf7, 0x1a, 0xff, 0xbc, 0xff, 0xbc, 0xff, 0xbc,
    0xff, 0xbc, 0xff, 0x9c, 0xff, 0x7b, 0xff, 0x7b, 0xff, 0x7b, 0xff, 0x7b, 0xff, 0x9b, 0xff, 0x9b,
    0xff, 0x9b, 0xf7, 0x7c, 0xf7, 0x9c, 0xf7, 0x9c, 0xf7, 0x7c, 0xf7, 0x7b, 0xf7, 0x7c, 0xf7, 0x7c,
    0xf7, 0x7b, 0xf7, 0x7b, 0xff, 0xbd, 0xce, 0x57, 0x84, 0x0e, 0xc5, 0xd5, 0xbd, 0xb4, 0xbd, 0xb4,
    0xbd, 0xb4, 0xbd, 0xb4, 0xbd, 0xb4, 0xbd, 0x94, 0x7b, 0x8c, 0xa4, 0xd1, 0xce, 0x16, 0xce, 0x16,
    0xbd, 0xb4, 0xbd, 0x94, 0xbd, 0x94, 0xbd, 0xb5, 0xc5, 0xf5, 0xb5, 0x54, 0x7b, 0x8c, 0x62, 0xa9,
    0x72, 0xea, 0x72, 0xca, 0x72, 0xc9, 0x7a, 0xea, 0x9b, 0xce, 0xbd, 0x33, 0xde, 0x36, 0xe6, 0x78,
    0xbd, 0x73, 0xee, 0xd8, 0xff, 0xbc, 0xff, 0xbc, 0xff, 0x9b, 0xff, 0x9b, 0xff, 0x9b, 0xff, 0x7b,
    0xff, 0x7b, 0xff, 0x7b, 0xff, 0x7b, 0xff, 0x7b, 0xff, 0x7b, 0xff, 0x9b, 0xff, 0x9b, 0xff, 0x9b,
    0xf7, 0x9c, 0xf7, 0x9c, 0xf7, 0x9c, 0xf7, 0x7c, 0xf7, 0x7b, 0xf7, 0x7c, 0xf7, 0x7c, 0xf7, 0x7b,
    0xf7, 0x7b, 0xff, 0xdd, 0xbd, 0xd5, 0x8c, 0x2f, 0xc5, 0xd5, 0xbd, 0xb4, 0xbd, 0xb4, 0xbd, 0xb4,
    0xbd, 0xb4, 0xc5, 0xd5, 0x83, 0xcd, 0x9c, 0x70, 0xc5, 0xd5, 0xbd, 0xb4, 0xbd, 0x94, 0xbd, 0x94,
    0xbd, 0x94, 0xc5, 0xd5, 0xbd, 0x94, 0x8c, 0x0e, 0x52, 0x07, 0x49, 0xe6, 0x6a, 0xc9, 0x8b, 0xad,
    0xb4, 0xd1, 0xd6, 0x15, 0xf6, 0xf9, 0xff, 0x7b, 0xff, 0x9c, 0xff, 0x9c, 0xff, 0x9c, 0xff, 0xbc,
    0xff, 0xbc, 0xff, 0x9b, 0xff, 0x7b, 0xff, 0x7b, 0xff, 0x7b, 0xff, 0x7b, 0xff, 0x7b, 0xff, 0x7b,
    0xff, 0x7b, 0xff, 0x7b, 0xff, 0x9b, 0xff, 0x9b, 0xff, 0x9b, 0xff, 0x9b, 0xff, 0x9b, 0xf7, 0x9c,
    0xf7, 0x7c, 0xf7, 0x9c, 0xf7, 0x7c, 0xf7, 0x7b, 0xf7, 0x7b, 0xf7, 0x7c, 0xf7, 0x7b, 0xf7, 0x7b,
    0xff, 0xdd, 0xb5, 0x53, 0x94, 0x6f, 0xc5, 0xd5, 0xbd, 0xb4, 0xbd, 0xb4, 0xbd, 0xb4, 0xc5, 0xd5,
    0x8c, 0x2f, 0x8c, 0x0e, 0xc5, 0xd5, 0xbd, 0x94, 0xbd, 0x94, 0xbd, 0x94, 0xbd, 0xb5, 0xc5, 0xd5,
    0x9c, 0x70, 0x6a, 0xa9, 0x62, 0x88, 0x8b, 0xed, 0xbd, 0x53, 0xe6, 0x98, 0xff, 0x5b, 0xff, 0x9c,
    0xff, 0x9b, 0xff, 0x9b, 0xff, 0x9b, 0xff, 0x7b, 0xff, 0x7b, 0xff, 0x7b, 0xff, 0x7b, 0xff, 0x7b,
    0xff, 0x7b, 0xff, 0x7b, 0xff, 0x7b, 0xff, 0x7b, 0xff, 0x7b, 0xff, 0x7b, 0xff, 0x7b, 0xff, 0x7b,
    0xff, 0x7b, 0xff, 0x9b, 0xff, 0x9b, 0xff, 0x9b, 0xff, 0x9b, 0xff, 0x9b, 0xf7, 0x9c, 0xf7, 0x7c,
    0xf7, 0x7c, 0xf7, 0x7b, 0xf7, 0x7b, 0xf7, 0x7c, 0xf7, 0x7c, 0xf7, 0x7c, 0xf7, 0x7b, 0xff, 0xdd,
    0xa4, 0xd1, 0x9c, 0x90, 0xc5, 0xd5, 0xbd, 0x94, 0xbd, 0xb4, 0xc5, 0xd5, 0x94, 0x4f, 0x83, 0xcd,
    0xc5, 0xb4, 0xbd, 0x94, 0xbd, 0x94, 0xbd, 0xb4, 0xc5, 0xd5, 0xac, 0xf2, 0x83, 0x6c, 0x8b, 0x6b,
    0xc5, 0x12, 0xf6, 0xd9, 0xff, 0x9b, 0xff, 0xbc, 0xff, 0x9b, 0xff, 0x7b, 0xff, 0x7b, 0xff, 0x7b,
    0xff, 0x7b, 0xff, 0x7b, 0xff, 0x7b, 0xff, 0x7b, 0xff, 0x7b, 0xff, 0x7b, 0xff, 0x7b, 0xff, 0x7b,
    0xff, 0x7b, 0xff, 0x7b, 0xff, 0x7b, 0xff, 0x7b, 0xff, 0x7b, 0xff, 0x7b, 0xff, 0x7b, 0xff, 0x9b,
    0xff, 0x7b, 0xff, 0x9b, 0xff, 0x9b, 0xff, 0x9b, 0xff, 0x9b, 0xf7, 0x7c, 0xf7, 0x7c, 0xf7, 0x7c,
    0xf7, 0x7b, 0xf7, 0x7b, 0xf7, 0x7b, 0xf7, 0x7c, 0xf7, 0x7b, 0xf7, 0x9c, 0xff, 0xbd, 0x94, 0x4f,
    0xa4, 0xd1, 0xc5, 0xd5, 0xbd, 0x94, 0xc5, 0xd5, 0x9c, 0x90, 0x7b, 0xad, 0xbd, 0x94, 0xbd, 0x94,
    0xbd, 0x94, 0xc5, 0xd5, 0xb5, 0x33, 0x8b, 0xcd, 0x83, 0x2a, 0xb4, 0x8f, 0xee, 0x77, 0xff, 0x7b,
    0xff, 0x9c, 0xff, 0x7b, 0xff, 0x7b, 0xff, 0x7b, 0xff, 0x7b, 0xff, 0x7b, 0xff, 0x7b, 0xff, 0x7b,
    0xff, 0x7b, 0xff, 0x7b, 0xff, 0x7b, 0xff, 0x7b, 0xff, 0x7b, 0xff, 0x7b, 0xff, 0x7b, 0xff, 0x7b,
    0xff, 0x7b, 0xff, 0x7b, 0xff, 0x7b, 0xff, 0x7b, 0xff, 0x7b, 0xff, 0x7b, 0xff, 0x7b, 0xff, 0x9b,
    0xff, 0x9b, 0xff, 0x9b, 0xff, 0x9b, 0xff, 0x9b, 0xf7, 0x7c, 0xf7, 0x7c, 0xf7, 0x7c, 0xf7, 0x7b,
    0xf7, 0x7b, 0xf7, 0x7b, 0xf7, 0x7c, 0xf7, 0x7b, 0xf7, 0x9c, 0xff, 0xbc, 0x8c, 0x2f, 0xad, 0x12,
    0xc5, 0xb5, 0xc5, 0xd5, 0x9c, 0xb1, 0x7b, 0xad, 0xbd, 0x74, 0xc5, 0xb5, 0xc5, 0xd5, 0xb5, 0x73,
    0x93, 0xee, 0x83, 0x2a, 0xac, 0x0d, 0xe5, 0xf5, 0xff, 0x19, 0xff, 0x7b, 0xff, 0x7b, 0xff, 0x7b,
    0xff, 0x7b, 0xff, 0x7b, 0xff, 0x7b, 0xff, 0x7b, 0xff, 0x7b, 0xff, 0x7b, 0xff, 0x7b, 0xff, 0x7b,
    0xff, 0x7b, 0xff, 0x7b, 0xff, 0x7b, 0xff, 0x7b, 0xff, 0x7b, 0xff, 0x7b, 0xff, 0x7b, 0xff, 0x7b,
    0xff, 0x7b, 0xff, 0x7b, 0xff, 0x7b, 0xff, 0x7b, 0xff, 0x7b, 0xff, 0x7b, 0xff, 0x9b, 0xff, 0x9b,
    0xff, 0x9b, 0xff, 0x9b, 0xff, 0x9b, 0xf7, 0x9c, 0xf7, 0x9c, 0xf7, 0x7c, 0xf7, 0x7b, 0xf7, 0x7b,
    0xf7, 0x7b, 0xf7, 0x7b, 0xf7, 0x7b, 0xf7, 0x9c, 0xf7, 0x9c, 0x8c, 0x2f, 0xad, 0x33, 0xc5, 0xd5,
    0x9c, 0xb1, 0x7b, 0x8d, 0xbd, 0x74, 0xc5, 0xd5, 0xad, 0x33, 0x8c, 0x0e, 0x83, 0x4b, 0xa3, 0xcd,
    0xdd, 0x73, 0xf6, 0xb8, 0xff, 0x7b, 0xff, 0x9c, 0xff, 0x7b, 0xff, 0x7b, 0xff, 0x7b, 0xff, 0x7b,
    0xff, 0x7b, 0xff, 0x7b, 0xff, 0x7b, 0xff, 0x7b, 0xff, 0x7b, 0xff, 0x7b, 0xff, 0x7b, 0xff, 0x7b,
    0xff, 0x7b, 0xff, 0x7b, 0xff, 0x7b, 0xff, 0x7b, 0xff, 0x7b, 0xff, 0x7b, 0xff, 0x7b, 0xff, 0x7b,
    0xff, 0x7b, 0xff, 0x7b, 0xff, 0x7b, 0xff, 0x7b, 0xff, 0x7b, 0xff, 0x7b, 0xff, 0x9b, 0xff, 0x9b,
    0xff, 0x9b, 0xff, 0x9b, 0xf7, 0x7c, 0xf7, 0x7c, 0xf7, 0x7c, 0xf7, 0x7b, 0xf7, 0x7b, 0xf7, 0x7b,
    0xf7, 0x7b, 0xf7, 0x7b, 0xf7, 0x9c, 0xf7, 0x5b, 0x84, 0x0e, 0xb5, 0x74, 0xa4, 0xf2, 0x7b, 0x6c,
    0xb5, 0x33, 0xad, 0x12, 0x94, 0x4e, 0x93, 0xac, 0xac, 0x2e, 0xd5, 0x53, 0xf6, 0x56, 0xff, 0x3a,
    0xff, 0x9c, 0xff, 0x7b, 0xff, 0x7b, 0xff, 0x7b, 0xff, 0x7b, 0xff, 0x7b, 0xff, 0x7b, 0xff, 0x7b,
    0xff, 0x7b, 0xff, 0x7b, 0xff, 0x7b, 0xff, 0x7b, 0xff, 0x7b, 0xff, 0x7b, 0xff, 0x7b, 0xff, 0x7b,
    0xff, 0x7b, 0xff, 0x7b, 0xff, 0x7b, 0xff, 0x7b, 0xff, 0x7b, 0xff, 0x7b, 0xff, 0x7b, 0xff, 0x7b,
    0xff, 0x7b, 0xff, 0x7b, 0xff, 0x7b, 0xff, 0x7b, 0xff, 0x7b, 0xff, 0x9b, 0xff, 0x9b, 0xff, 0x9b,
    0xff, 0x9b, 0xf7, 0x9c, 0xf7, 0x9c, 0xf7, 0x7c, 0xf7, 0x7b, 0xf7, 0x7b, 0xf7, 0x7b, 0xf7, 0x7b,
    0xf7, 0x7b, 0xf7, 0x9c, 0xef, 0x5b, 0x8c, 0x2f, 0xa4, 0xb1, 0x62, 0x88, 0x9b, 0xcd, 0xac, 0x2e,
    0xa3, 0xed, 0xbc, 0x6f, 0xe5, 0x73, 0xee, 0x36, 0xfe, 0xf9, 0xff, 0x7b, 0xff, 0x9b, 0xff, 0x7b,
    0xff, 0x7b, 0xff, 0x7b, 0xff, 0x7b, 0xff, 0x7b, 0xff, 0x7b, 0xff, 0x7b, 0xff, 0x7b, 0xff, 0x7b,
    0xff, 0x7b, 0xff, 0x7b, 0xff, 0x7b, 0xff, 0x7b, 0xff, 0x7b, 0xff, 0x7b, 0xff, 0x7b, 0xff, 0x7b,
    0xff, 0x7b, 0xff, 0x7b, 0xff, 0x7b, 0xff, 0x7b, 0xff, 0x7b, 0xff, 0x7b, 0xff, 0x7b, 0xff, 0x7b,
    0xff, 0x7b, 0xff, 0x7b, 0xff, 0x7b, 0xff, 0x7b, 0xff, 0x9b, 0xff, 0x9b, 0xff, 0x9b, 0xff, 0x9b,
    0xf7, 0x9c, 0xf7, 0x9c, 0xf7, 0x7c, 0xf7, 0x7b, 0xf7, 0x7b, 0xf7, 0x7b, 0xf7, 0x7b, 0xf7, 0x7b,
    0xf7, 0x9c, 0xef, 0x5b, 0x7b, 0x8c, 0x6a, 0x88, 0xac, 0x0e, 0xdd, 0x32, 0xdd, 0x32, 0xed, 0xd5,
    0xf6, 0x57, 0xfe, 0xf9, 0xff, 0x7b, 0xff, 0x9c, 0xff, 0x9b, 0xff, 0x9b, 0xff, 0x7b, 0xff, 0x7b,
    0xff, 0x7b, 0xff, 0x7b, 0xff, 0x7b, 0xff, 0x7b, 0xff, 0x7b, 0xff, 0x7b, 0xff, 0x7b, 0xff, 0x7b,
    0xff, 0x7b, 0xff, 0x7b, 0xff, 0x7b, 0xff, 0x7b, 0xff, 0x7b, 0xff, 0x7b, 0xff, 0x7b, 0xff, 0x7b,
    0xff, 0x7b, 0xff, 0x7b, 0xff, 0x7b, 0xff, 0x7b, 0xff, 0x7b, 0xff, 0x7b, 0xff, 0x7b, 0xff, 0x7b,
    0xff, 0x7b, 0xff, 0x7b, 0xff, 0x7b, 0xff, 0x9b, 0xff, 0x9b, 0xff, 0x9b, 0xff, 0x9b, 0xf7, 0x7c,
    0xf7, 0x7c, 0xf7, 0x7c, 0xf7, 0x7b, 0xf7, 0x5b, 0xf7, 0x7b, 0xf7, 0x7b, 0xf7, 0x7b, 0xf7, 0x9c,
    0xef, 0x3b, 0x72, 0xea, 0xbc, 0x6f, 0xe5, 0x73, 0xdd, 0x12, 0xee, 0x57, 0xff, 0x7b, 0xff, 0x9b,
    0xff, 0x9b, 0xff, 0x9b, 0xff, 0x7b, 0xff, 0x7b, 0xff, 0x7b, 0xff, 0x7b, 0xff, 0x7b, 0xff, 0x7b,
    0xff, 0x7b, 0xff, 0x7b, 0xff, 0x7b, 0xff, 0x7b, 0xff, 0x7b, 0xff, 0x7b, 0xff, 0x7b, 0xff, 0x7b,
    0xff, 0x7b, 0xff, 0x7b, 0xff, 0x7b, 0xff, 0x7b, 0xff, 0x7b, 0xff, 0x7b, 0xff, 0x7b, 0xff, 0x7b,
    0xff, 0x7b, 0xff, 0x7b, 0xff, 0x7b, 0xff, 0x7b, 0xff, 0x7b, 0xff, 0x7b, 0xff, 0x7b, 0xff, 0x7b,
    0xff, 0x7b, 0xff, 0x7b, 0xff, 0x7b, 0xff, 0x9b, 0xff, 0x9b, 0xff, 0x9b, 0xf7, 0x7c, 0xf7, 0x9b,
    0xf7, 0x7b, 0xf7, 0x7b, 0xf7, 0x5b, 0xf7, 0x7b, 0xf7, 0x7b, 0xf7, 0x7b, 0xf7, 0x9c, 0xe6, 0xf9,
    0x8b, 0x8c, 0xdd, 0x32, 0xdd, 0x12, 0xdd, 0xb4, 0xff, 0x5b, 0xff, 0x9b, 0xff, 0x7b, 0xff, 0x7b,
    0xff, 0x7b, 0xff, 0x7b, 0xff, 0x7b, 0xff, 0x7b, 0xff, 0x7b, 0xff, 0x7b, 0xff, 0x7b, 0xff, 0x7b,
    0xff, 0x7b, 0xff, 0x7b, 0xff, 0x7b, 0xff, 0x7b, 0xff, 0x7b, 0xff, 0x7b, 0xff, 0x7b, 0xff, 0x7b,
    0xff, 0x7b, 0xff, 0x7b, 0xff, 0x7b, 0xff, 0x7b, 0xff, 0x7b, 0xff, 0x7b, 0xff, 0x7b, 0xff, 0x7b,
    0xff, 0x7b, 0xff, 0x7b, 0xff, 0x7b, 0xff, 0x7b, 0xff, 0x7b, 0xff, 0x7b, 0xff, 0x7b, 0xff, 0x7b,
    0xff, 0x7b, 0xff, 0x7b, 0xff, 0x7b, 0xff, 0x9b, 0xff, 0x9b, 0xf7, 0x7c, 0xf7, 0x9c, 0xf7, 0x7c,
    0xf7, 0x7b, 0xef, 0x5b, 0xf7, 0x7b, 0xf7, 0x7b, 0xf7, 0x7b, 0xf7, 0x9c, 0xe6, 0xd9, 0x8b, 0x6b,
    0xdd, 0x32, 0xd5, 0x32, 0xee, 0xb7, 0xff, 0x9c, 0xff, 0x7b, 0xff, 0x7b, 0xff, 0x7b, 0xff, 0x7b,
    0xff, 0x7b, 0xff, 0x7b, 0xff, 0x7b, 0xff, 0x7b, 0xff, 0x7b, 0xff, 0x7b, 0xff, 0x7b, 0xff, 0x7b,
    0xff, 0x7b, 0xff, 0x7b, 0xff, 0x7b, 0xff, 0x7b, 0xff, 0x7b, 0xff, 0x7b, 0xff, 0x7b, 0xff, 0x7b,
    0xff, 0x7b, 0xff, 0x9b, 0xff, 0x9b, 0xff, 0x9c, 0xff, 0x9c, 0xff, 0x9c, 0xff, 0x9b, 0xff, 0x9b,
    0xff, 0x7b, 0xff, 0x7b, 0xff, 0x7b, 0xff, 0x7b, 0xff, 0x7b, 0xff, 0x7b, 0xff, 0x7b, 0xff, 0x7b,
    0xff, 0x7b, 0xff, 0x7b, 0xff, 0x9b, 0xff, 0x9b, 0xf7, 0x7c, 0xf7, 0x7c, 0xf7, 0x7c, 0xf7, 0x7b,
    0xef, 0x5b, 0xf7, 0x7b, 0xf7, 0x7b, 0xf7, 0x7b, 0xf7, 0x9c, 0xe6, 0xd9, 0x8b, 0x6b, 0xdd, 0x12,
    0xdd, 0xb4, 0xff, 0x5b, 0xff, 0x7b, 0xff, 0x7b, 0xff, 0x7b, 0xff, 0x7b, 0xff, 0x7b, 0xff, 0x7b,
    0xff, 0x7b, 0xff, 0x7b, 0xff, 0x7b, 0xff, 0x7b, 0xff, 0x7b, 0xff, 0x7b, 0xff, 0x7b, 0xff, 0x7b,
    0xff, 0x7b, 0xff, 0x7b, 0xff, 0x7b, 0xff, 0x5b, 0xff, 0x5b, 0xff, 0x5b, 0xff, 0x7b, 0xff, 0x5a,
    0xee, 0xf9, 0xe6, 0x97, 0xde, 0x36, 0xdd, 0xf5, 0xdd, 0xf5, 0xee, 0x98, 0xff, 0x3a, 0xff, 0x7b,
    0xff, 0x9b, 0xff, 0x9b, 0xff, 0x7b, 0xff, 0x7b, 0xff, 0x7b, 0xff, 0x7b, 0xff, 0x7b, 0xff, 0x7b,
    0xff, 0x7b, 0xff, 0x9b, 0xff, 0x9c, 0xf7, 0x9c, 0xf7, 0x7c, 0xf7, 0x7c, 0xf7, 0x5b, 0xef, 0x5b,
    0xf7, 0x7b, 0xf7, 0x7b, 0xf7, 0x7b, 0xf7, 0x9c, 0xe6, 0xd9, 0x8b, 0x6b, 0xd5, 0x12, 0xee, 0x77,
    0xff, 0x9b, 0xff, 0x7b, 0xff, 0x7b, 0xff, 0x7b, 0xff, 0x7b, 0xff, 0x7b, 0xff, 0x7b, 0xff, 0x7b,
    0xff, 0x7b, 0xff, 0x7b, 0xff, 0x7b, 0xff, 0x7b, 0xff, 0x7b, 0xff, 0x7b, 0xff, 0x7b, 0xff, 0x5a,
    0xf7, 0x3a, 0xf7, 0x19, 0xf7, 0x19, 0xff, 0x7b, 0xac, 0xb0, 0x9c, 0x6f, 0xff, 0xdd, 0xf7, 0x1a,
    0xee, 0xf9, 0xee, 0xb8, 0xde, 0x36, 0xc5, 0x32, 0xac, 0x2e, 0xa3, 0xcd, 0xc4, 0xd1, 0xee, 0x77,
    0xff, 0x39, 0xff, 0x9b, 0xff, 0x7b, 0xff, 0x7b, 0xff, 0x7b, 0xff, 0x7b, 0xff, 0x7b, 0xff, 0x9b,
    0xff, 0x9b, 0xff, 0x9b, 0xf7, 0x9c, 0xf7, 0x7c, 0xf7, 0x7c, 0xf7, 0x5b, 0xef, 0x3b, 0xf7, 0x7b,
    0xf7, 0x7b, 0xf7, 0x7b, 0xf7, 0x9c, 0xe6, 0xd9, 0x8b, 0x6c, 0xd5, 0x53, 0xff, 0x3a, 0xff, 0x9b,
    0xff, 0x7b, 0xff, 0x7b, 0xff, 0x7b, 0xff, 0x7b, 0xff, 0x7b, 0xff, 0x7b, 0xff, 0x7b, 0xff, 0x7b,
    0xff, 0x7b, 0xff, 0x7b, 0xff, 0x7b, 0xff, 0x7b, 0xff, 0x7b, 0xff, 0x7b, 0xff, 0x5a, 0xff, 0x7b,
    0xff, 0xbc, 0xff, 0xfd, 0xff, 0xfe, 0x7b, 0x2b, 0x20, 0x81, 0xe6, 0xb9, 0xff, 0xfe, 0xff, 0xfd,
    0xff, 0xbc, 0xff, 0xbc, 0xff, 0xbc, 0xff, 0x3a, 0xde, 0x16, 0xa4, 0x0d, 0x93, 0x4b, 0xd5, 0x32,
    0xf6, 0xd8, 0xff, 0x9b, 0xff, 0x7b, 0xff, 0x7b, 0xff, 0x7b, 0xff, 0x7b, 0xff, 0x9b, 0xff, 0x9b,
    0xff, 0x9b, 0xf7, 0x9c, 0xf7, 0x7c, 0xf7, 0x7c, 0xef, 0x5b, 0xef, 0x3a, 0xf7, 0x7b, 0xf7, 0x7b,
    0xf7, 0x7b, 0xf7, 0x9c, 0xe6, 0xd9, 0x8b, 0x6b, 0xdd, 0xb4, 0xff, 0x7b, 0xff, 0x7b, 0xff, 0x7b,
    0xff, 0x7b, 0xff, 0x7b, 0xff, 0x7b, 0xff, 0x7b, 0xff, 0x7b, 0xff, 0x7b, 0xff, 0x7b, 0xff, 0x7b,
    0xff, 0x7b, 0xff, 0x7b, 0xff, 0x7b, 0xff, 0x7b, 0xff, 0x9c, 0xff, 0xdd, 0xff, 0xbc, 0xe6, 0x98,
    0xb4, 0xd1, 0x72, 0xca, 0x20, 0x61, 0x10, 0x00, 0x39, 0x03, 0x83, 0xad, 0xc5, 0xd5, 0xf7, 0x3a,
    0xff, 0xdc, 0xff, 0x7b, 0xff, 0x5b, 0xff, 0x9b, 0xff, 0x9b, 0xcd, 0x73, 0x9b, 0x8c, 0xcd, 0x32,
    0xff, 0x19, 0xff, 0x9b, 0xff, 0x7b, 0xff, 0x7b, 0xff, 0x7b, 0xff, 0x7b, 0xff, 0x9b, 0xff, 0x9b,
    0xf7, 0x9c, 0xf7, 0x7c, 0xf7, 0x7c, 0xef, 0x5b, 0xef, 0x3a, 0xf7, 0x7b, 0xf7, 0x7b, 0xf7, 0x7b,
    0xf7, 0x9c, 0xde, 0xd9, 0x8b, 0x6b, 0xe6, 0x36, 0xff, 0x9b, 0xff, 0x7b, 0xff, 0x7b, 0xff, 0x7b,
    0xff, 0x9c, 0xff, 0xbc, 0xff, 0x9c, 0xff, 0x7b, 0xff, 0x7b, 0xff, 0x7b, 0xff, 0x7b, 0xff, 0x9c,
    0xff, 0xdc, 0xff, 0xdd, 0xff, 0x9c, 0xe6, 0xb8, 0xac, 0xb1, 0x6a, 0x88, 0x30, 0xc2, 0x18, 0x00,
    0x18, 0x00, 0x20, 0x00, 0x20, 0x20, 0x18, 0x00, 0x10, 0x00, 0x18, 0x00, 0x49, 0x65, 0x9c, 0x4f,
    0xee, 0xf9, 0xff, 0xdc, 0xff, 0x7b, 0xff, 0x5a, 0xff, 0x9c, 0xf6, 0xb8, 0xcd, 0x12, 0xee, 0x98,
    0xff, 0x9b, 0xff, 0x7b, 0xff, 0x7b, 0xff, 0x7b, 0xff, 0x7b, 0xff, 0x9b, 0xff, 0x9b, 0xf7, 0x9c,
    0xf7, 0x7c, 0xf7, 0x7c, 0xef, 0x5b, 0xef, 0x1a, 0xf7, 0x7b, 0xf7, 0x7b, 0xf7, 0x7b, 0xff, 0x9c,
    0xde, 0xb8, 0x8b, 0x6c, 0xee, 0x98, 0xff, 0x9c, 0xff, 0x7b, 0xff, 0x7b, 0xf7, 0x1a, 0xe6, 0x77,
    0xcd, 0xd5, 0xf7, 0x1a, 0xff, 0xbc, 0xff, 0xdc, 0xff, 0xbc, 0xff, 0x5b, 0xee, 0xb9, 0xc5, 0x94,
    0x94, 0x0e, 0x62, 0x68, 0x30, 0xc2, 0x10, 0x00, 0x18, 0x00, 0x28, 0x20, 0x28, 0x61, 0x28, 0x41,
    0x28, 0x41, 0x28, 0x41, 0x28, 0x41, 0x28, 0x41, 0x28, 0x21, 0x20, 0x00, 0x10, 0x00, 0x39, 0x23,
    0x9c, 0x0f, 0xf6, 0xf9, 0xff, 0x9b, 0xff, 0x5a, 0xff, 0x9b, 0xff, 0x5b, 0xff, 0x5a, 0xff, 0x7b,
    0xff, 0x7b, 0xff, 0x7b, 0xff, 0x7b, 0xff, 0x7b, 0xff, 0x9b, 0xff, 0x9b, 0xf7, 0x9c, 0xf7, 0x7c,
    0xf7, 0x7b, 0xef, 0x5b, 0xe7, 0x1a, 0xf7, 0x7b, 0xf7, 0x7b, 0xf7, 0x7b, 0xff, 0x9c, 0xde, 0x98,
    0x93, 0xac, 0xf6, 0xf9, 0xff, 0x9b, 0xff, 0x7b, 0xff, 0x7b, 0xee, 0xf9, 0xc5, 0x94, 0x39, 0x43,
    0x28, 0xe2, 0x62, 0x69, 0x6a, 0xa9, 0x62, 0x68, 0x49, 0xa6, 0x30, 0xc2, 0x20, 0x20, 0x10, 0x00,
    0x18, 0x00, 0x18, 0x00, 0x28, 0x40, 0x30, 0x41, 0x30, 0x41, 0x28, 0x41, 0x28, 0x40, 0x28, 0x41,
    0x28, 0x41, 0x28, 0x41, 0x28, 0x41, 0x28, 0x41, 0x30, 0x41, 0x30, 0x41, 0x20, 0x00, 0x10, 0x00,
    0x49, 0xa5, 0xc5, 0x73, 0xff, 0x7b, 0xff, 0x7b, 0xff, 0x7b, 0xff, 0x7b, 0xff, 0x7b, 0xff, 0x7b,
    0xff, 0x7b, 0xff, 0x7b, 0xff, 0x7b, 0xff, 0x9b, 0xff, 0x9b, 0xf7, 0x7c, 0xf7, 0x7c, 0xf7, 0x7b,
    0xef, 0x3b, 0xe6, 0xf9, 0xf7, 0x7b, 0xf7, 0x7b, 0xf7, 0x7b, 0xf7, 0x9c, 0xde, 0x98, 0x93, 0xed,
    0xff, 0x3a, 0xff, 0x7b, 0xff, 0x7b, 0xff, 0x7b, 0xff, 0x7b, 0xff, 0x9c, 0xcd, 0xd5, 0x30, 0xc3,
    0x00, 0x00, 0x10, 0x00, 0x10, 0x00, 0x10, 0x00, 0x18, 0x00, 0x20, 0x20, 0x28, 0x40, 0x28, 0x40,
    0x28, 0x41, 0x28, 0x20, 0x20, 0x00, 0x20, 0x21, 0x28, 0x82, 0x28, 0xc3, 0x28, 0xa2, 0x28, 0x61,
    0x20, 0x40, 0x20, 0x20, 0x20, 0x20, 0x28, 0x21, 0x30, 0x41, 0x30, 0x41, 0x28, 0x41, 0x20, 0x00,
    0x40, 0xc2, 0x9b, 0xad, 0xf6, 0xf9, 0xff, 0xbb, 0xff, 0x7b, 0xff, 0x7b, 0xff, 0x7b, 0xff, 0x7b,
    0xff, 0x7b, 0xff, 0x7b, 0xff, 0x7b, 0xff, 0x9b, 0xf7, 0x7c, 0xf7, 0x7c, 0xf7, 0x7b, 0xef, 0x3a,
    0xde, 0xb8, 0xf7, 0x7b, 0xf7, 0x7b, 0xf7, 0x7b, 0xf7, 0x9c, 0xde, 0x98, 0x9c, 0x0e, 0xff, 0x7b,
    0xff, 0x7b, 0xff, 0x7b, 0xff, 0x7b, 0xff, 0x7b, 0xff, 0x7b, 0xff, 0xdd, 0xee, 0xf9, 0x62, 0x68,
    0x18, 0x00, 0x20, 0x20, 0x20, 0x20, 0x28, 0x20, 0x28, 0x41, 0x28, 0x41, 0x20, 0x00, 0x18, 0x00,
    0x30, 0xe3, 0x5a, 0x49, 0x62, 0x8a, 0x4a, 0x08, 0x39, 0x65, 0x30, 0xe3, 0x30, 0xa1, 0x30, 0x81,
    0x28, 0x60, 0x20, 0x00, 0x18, 0x00, 0x20, 0x20, 0x28, 0x41, 0x30, 0x41, 0x30, 0x21, 0x40, 0xa2,
    0x7a, 0x89, 0x93, 0x8c, 0xe6, 0x97, 0xff, 0xbc, 0xff, 0x7b, 0xff, 0x7b, 0xff, 0x7b, 0xff, 0x7b,
    0xff, 0x7b, 0xff, 0x7b, 0xff, 0x9b, 0xf7, 0x7c, 0xf7, 0x7b, 0xf7, 0x7b, 0xef, 0x3a, 0xde, 0x98,
    0xf7, 0x7b, 0xf7, 0x7b, 0xf7, 0x7b, 0xf7, 0x9c, 0xde, 0xb8, 0xa4, 0x6f, 0xff, 0x7b, 0xff, 0x7b,
    0xff, 0x7b, 0xff, 0x7b, 0xff, 0x7b, 0xff, 0x7b, 0xff, 0xdc, 0xff, 0xdc, 0x7b, 0x2b, 0x10, 0x00,
    0x28, 0x40, 0x28, 0x40, 0x30, 0x61, 0x20, 0x20, 0x18, 0x00, 0x41, 0x86, 0x8c, 0x30, 0x9c, 0xd3,
    0x5a, 0x8a, 0x30, 0xc2, 0x30, 0x80, 0x38, 0xc0, 0x49, 0x01, 0x49, 0x21, 0x49, 0x21, 0x49, 0x63,
    0x8b, 0xcd, 0x83, 0x6c, 0x30, 0xa2, 0x20, 0x20, 0x30, 0xa2, 0x38, 0x82, 0x28, 0x00, 0x51, 0x24,
    0xb4, 0x70, 0xb4, 0x90, 0xe6, 0xb8, 0xff, 0x9c, 0xff, 0x7b, 0xff, 0x7b, 0xff, 0x7b, 0xff, 0x7b,
    0xff, 0x7b, 0xff, 0x9b, 0xf7, 0x7c, 0xf7, 0x7b, 0xf7, 0x7b, 0xef, 0x1a, 0xd6, 0x77, 0xf7, 0x7b,
    0xf7, 0x7b, 0xf7, 0x7b, 0xf7, 0x9c, 0xde, 0xb8, 0xa4, 0x90, 0xff, 0x9b, 0xff, 0x7b, 0xff, 0x7b,
    0xff, 0x7b, 0xff, 0x7b, 0xff, 0xfd, 0xde, 0x57, 0x49, 0xc6, 0x08, 0x00, 0x20, 0x20, 0x30, 0x41,
    0x28, 0x40, 0x10, 0x00, 0x31, 0x03, 0x8c, 0x0f, 0xce, 0x39, 0xa4, 0xd3, 0x20, 0xa2, 0x20, 0x20,
    0x51, 0x42, 0x61, 0xc3, 0x61, 0xe3, 0x61, 0xe3, 0x61, 0xe3, 0x59, 0xa2, 0xb5, 0x52, 0xff, 0xff,
    0xff, 0xff, 0xc5, 0xd6, 0x39, 0x02, 0x20, 0x41, 0x51, 0xe7, 0x59, 0x65, 0x28, 0x00, 0x59, 0x86,
    0xdd, 0xd5, 0xd5, 0xf5, 0xf7, 0x1a, 0xff, 0x7b, 0xff, 0x7b, 0xff, 0x7b, 0xff, 0x7b, 0xff, 0x7b,
    0xff, 0x9b, 0xf7, 0x7c, 0xf7, 0x7b, 0xf7, 0x7c, 0xe7, 0x1a, 0xd6, 0x77, 0xf7, 0x7b, 0xf7, 0x7b,
    0xf7, 0x7b, 0xf7, 0x9c, 0xe6, 0xd9, 0xac, 0xd1, 0xff, 0x9b, 0xff, 0x9b, 0xff, 0xbc, 0xff, 0xfd,
    0xff, 0xbc, 0xb5, 0x32, 0x30, 0xa2, 0x10, 0x00, 0x20, 0x40, 0x28, 0x41, 0x28, 0x00, 0x18, 0x00,
    0x5a, 0x69, 0xbd, 0x96, 0xd6, 0x59, 0xac, 0xf4, 0x20, 0x61, 0x38, 0xc1, 0x6a, 0x04, 0x6a, 0x04,
    0x6a, 0x04, 0x62, 0x04, 0x6a, 0x04, 0x69, 0xe4, 0x62, 0x04, 0xe6, 0xfa, 0xff, 0xff, 0xff, 0xff,
    0xff, 0xff, 0x8b, 0x28, 0x51, 0x42, 0x18, 0x41, 0x7b, 0x2c, 0x6a, 0x48, 0x38, 0x61, 0x8b, 0x0b,
    0xf6, 0xb8, 0xf7, 0x3a, 0xff, 0x7b, 0xff, 0x7b, 0xff, 0x7b, 0xff, 0x7b, 0xff, 0x7b, 0xff, 0x9b,
    0xf7, 0x7b, 0xf7, 0x7b, 0xf7, 0x7c, 0xe7, 0x1a, 0xd6, 0x57, 0xf7, 0x7b, 0xf7, 0x7b, 0xf7, 0x7b,
    0xf7, 0x9c, 0xe6, 0xf9, 0xa4, 0xd1, 0xff, 0x9b, 0xff, 0x9c, 0xee, 0xf9, 0xad, 0x12, 0x5a, 0x47,
    0x18, 0x00, 0x18, 0x00, 0x28, 0x40, 0x28, 0x41, 0x20, 0x00, 0x18, 0x00, 0x73, 0x2c, 0xce, 0x18,
    0xc6, 0x17, 0xbd, 0xb6, 0x39, 0x45, 0x18, 0x00, 0x69, 0xe3, 0x6a, 0x04, 0x6a, 0x04, 0x6a, 0x04,
    0x6a, 0x04, 0x6a, 0x04, 0x6a, 0x04, 0x61, 0xc3, 0xac, 0xd0, 0xff, 0xff, 0xff, 0xff, 0xde, 0x78,
    0x72, 0x45, 0x72, 0x24, 0x49, 0x42, 0x20, 0x62, 0x9c, 0x51, 0x93, 0x8c, 0x69, 0xc6, 0xb4, 0x90,
    0xff, 0x9b, 0xff, 0x7b, 0xff, 0x7b, 0xff, 0x7b, 0xff, 0x7b, 0xff, 0x7b, 0xff, 0x9b, 0xf7, 0x7b,
    0xf7, 0x7b, 0xf7, 0x9c, 0xe7, 0x1a, 0xce, 0x57, 0xef, 0x5b, 0xf7, 0x7b, 0xf7, 0x7b, 0xf7, 0x9b,
    0xef, 0x3b, 0x94, 0x2e, 0x73, 0x0a, 0x41, 0x64, 0x28, 0x60, 0x10, 0x00, 0x18, 0x00, 0x20, 0x20,
    0x28, 0x40, 0x28, 0x41, 0x20, 0x20, 0x18, 0x00, 0x83, 0x8e, 0xce, 0x38, 0xc5, 0xf7, 0xc5, 0xf7,
    0x8c, 0x10, 0x41, 0xc6, 0x7a, 0xea, 0x72, 0x46, 0x61, 0xc2, 0x6a, 0x04, 0x6a, 0x04, 0x6a, 0x04,
    0x6a, 0x04, 0x6a, 0x04, 0x6a, 0x04, 0x6a, 0x04, 0x93, 0xab, 0xa4, 0x6f, 0x7a, 0xa7, 0x69, 0xe3,
    0x72, 0x03, 0x7a, 0x24, 0x38, 0xa0, 0x39, 0x65, 0xcd, 0xf6, 0xb4, 0x90, 0x93, 0x6b, 0xe6, 0x57,
    0xff, 0x9c, 0xff, 0x7b, 0xff, 0x7b, 0xff, 0x7b, 0xff, 0x7b, 0xff, 0x9b, 0xf7, 0x7b, 0xf7, 0x7b,
    0xf7, 0x9c, 0xe7, 0x1a, 0xce, 0x36, 0xef, 0x5b, 0xf7, 0x7b, 0xf7, 0x7b, 0xf7, 0x7b, 0xef, 0x3b,
    0xac, 0xd1, 0xcd, 0xd5, 0x83, 0x6c, 0x51, 0xc6, 0x30, 0xa2, 0x28, 0x20, 0x28, 0x40, 0x28, 0x40,
    0x28, 0x20, 0x18, 0x00, 0x83, 0xae, 0xce, 0x59, 0xc5, 0xf7, 0xbd, 0xb6, 0xc5, 0xd7, 0xde, 0xba,
    0xff, 0xff, 0xff, 0xff, 0xe6, 0xda, 0x83, 0x4a, 0x61, 0xc3, 0x6a, 0x04, 0x6a, 0x04, 0x6a, 0x04,
    0x6a, 0x04, 0x6a, 0x04, 0x72, 0x04, 0x69, 0xc3, 0x61, 0xc3, 0x69, 0xe3, 0x6a, 0x04, 0x6a, 0x04,
    0x72, 0x24, 0x6a, 0x04, 0x20, 0x20, 0x94, 0x31, 0xe6, 0x99, 0xc5, 0x12, 0xcd, 0xb4, 0xff, 0x7b,
    0xff, 0x7b, 0xff, 0x7b, 0xff, 0x7b, 0xff, 0x7b, 0xff, 0x9b, 0xf7, 0x7b, 0xf7, 0x7b, 0xf7, 0x9c,
    0xe7, 0x1a, 0xc6, 0x16, 0xef, 0x3a, 0xf7, 0x7b, 0xf7, 0x7b, 0xf7, 0x7b, 0xf7, 0x5b, 0xa4, 0xd1,
    0xff, 0x5b, 0xff, 0xfe, 0xff, 0xfd, 0xb5, 0x12, 0x20, 0x00, 0x28, 0x20, 0x28, 0x41, 0x18, 0x00,
    0x62, 0xaa, 0xd6, 0x79, 0xc5, 0xf7, 0xc5, 0xd7, 0xbd, 0xd6, 0xe7, 0x1c, 0xff, 0xff, 0xff, 0xff,
    0xff, 0xff, 0xff, 0xff, 0xd5, 0xf6, 0x61, 0xa3, 0x6a, 0x03, 0x6a, 0x24, 0x6a, 0x24, 0x6a, 0x04,
    0x6a, 0x04, 0x6a, 0x04, 0x6a, 0x04, 0x6a, 0x04, 0x6a, 0x04, 0x6a, 0x04, 0x6a, 0x04, 0x6a, 0x03,
    0x72, 0x24, 0x40, 0xe1, 0x52, 0x08, 0xf7, 0x7d, 0xde, 0x36, 0xe6, 0x56, 0xff, 0x5a, 0xff, 0x7b,
    0xff, 0x7b, 0xff, 0x7b, 0xff, 0x7b, 0xff, 0x7b, 0xf7, 0x7b, 0xf7, 0x7b, 0xf7, 0x9c, 0xef, 0x1a,
    0xbd, 0xd5, 0xef, 0x1a, 0xf7, 0x7c, 0xf7, 0x7b, 0xf7, 0x7b, 0xf7, 0x7c, 0xa4, 0xd1, 0xee, 0xf9,
    0xff, 0x9b, 0xff, 0xfd, 0x93, 0xcd, 0x18, 0x00, 0x28, 0x40, 0x28, 0x00, 0x41, 0x24, 0xbd, 0xb6,
    0xc6, 0x18, 0xc5, 0xf7, 0xbd, 0xd7, 0xc5, 0xf7, 0xff, 0xdf, 0xff, 0xff, 0xff, 0xff, 0xff, 0xff,
    0xff, 0xff, 0xc5, 0x74, 0x61, 0xc3, 0x6a, 0x03, 0x61, 0xe3, 0x61, 0xc3, 0x61, 0xc2, 0x59, 0x82,
    0x61, 0xa3, 0x61, 0xa3, 0x61, 0xc3, 0x69, 0xe3, 0x6a, 0x03, 0x6a, 0x04, 0x72, 0x24, 0x72, 0x24,
    0x61, 0xc3, 0x38, 0xe3, 0xef, 0x5c, 0xff, 0xbc, 0xee, 0xd9, 0xf7, 0x3a, 0xff, 0x7b, 0xff, 0x7b,
    0xff, 0x7b, 0xff, 0x7b, 0xff, 0x7b, 0xf7, 0x7b, 0xf7, 0x7b, 0xf7, 0x9c, 0xef, 0x3a, 0xbd, 0xb4,
    0xe6, 0xf9, 0xf7, 0x9c, 0xf7, 0x7b, 0xf7, 0x7b, 0xf7, 0x9c, 0xad, 0x12, 0xe6, 0xb8, 0xff, 0xbc,
    0xf6, 0xfa, 0x39, 0x03, 0x20, 0x00, 0x28, 0x20, 0x28, 0x40, 0x9c, 0x50, 0xce, 0x58, 0xc5, 0xf7,
    0xc5, 0xf7, 0xbd, 0xf7, 0xbd, 0xd7, 0xe6, 0xfb, 0xff, 0xff, 0xff, 0xff, 0xff, 0xff, 0xff, 0xbe,
    0x83, 0x2a, 0x59, 0xa2, 0x59, 0x82, 0x59, 0x62, 0x61, 0xa2, 0x51, 0x61, 0x41, 0x00, 0x51, 0x41,
    0x59, 0xa2, 0x59, 0x62, 0x59, 0x82, 0x59, 0x82, 0x61, 0xa3, 0x61, 0xe3, 0x6a, 0x03, 0x72, 0x24,
    0x28, 0x81, 0xce, 0x38, 0xff, 0xff, 0xff, 0x7b, 0xff, 0x7b, 0xff, 0x7b, 0xff, 0x7b, 0xff, 0x7b,
    0xff, 0x7b, 0xff, 0x7b, 0xf7, 0x7b, 0xf7, 0x7b, 0xf7, 0x9c, 0xf7, 0x5b, 0xb5, 0x94, 0xde, 0x98,
    0xf7, 0x9c, 0xf7, 0x7b, 0xf7, 0x7b, 0xff, 0x9c, 0xad, 0x12, 0xde, 0x77, 0xff, 0xfe, 0x9c, 0x2f,
    0x10, 0x00, 0x28, 0x20, 0x20, 0x00, 0x59, 0xe7, 0xce, 0x38, 0xc5, 0xf7, 0xc5, 0xf7, 0xc5, 0xf7,
    0xc5, 0xf7, 0xc5, 0xd7, 0x5a, 0x8a, 0xc5, 0xd6, 0xf7, 0xbd, 0xde, 0x99, 0x83, 0x6b, 0x51, 0x62,
    0x59, 0x62, 0x51, 0x62, 0x59, 0x62, 0x61, 0xa3, 0x49, 0x21, 0x41, 0x00, 0x41, 0x00, 0x59, 0xa2,
    0x59, 0x82, 0x59, 0x82, 0x59, 0x82, 0x59, 0x82, 0x59, 0x82, 0x59, 0xa2, 0x61, 0xc3, 0x20, 0x20,
    0xa4, 0xf3, 0xff, 0xff, 0xff, 0x7c, 0xff, 0x7b, 0xff, 0x7b, 0xff, 0x7b, 0xff, 0x7b, 0xff, 0x7b,
    0xff, 0x7b, 0xf7, 0x7b, 0xf7, 0x7b, 0xf7, 0x7b, 0xf7, 0x7b, 0xb5, 0x74, 0xc6, 0x16, 0xff, 0x9c,
    0xf7, 0x7b, 0xf7, 0x7b, 0xff, 0xbc, 0xbd, 0x93, 0xe6, 0x98, 0xc5, 0x73, 0x20, 0x40, 0x20, 0x20,
    0x30, 0x20, 0x28, 0x20, 0x94, 0x10, 0xce, 0x58, 0xc5, 0xf7, 0xc5, 0xf7, 0xc5, 0xf7, 0xc5, 0xf7,
    0xc5, 0xf7, 0x29, 0x03, 0x30, 0x80, 0x6a, 0x45, 0x59, 0xa3, 0x51, 0x41, 0x51, 0x82, 0x59, 0x62,
    0x59, 0x62, 0x59, 0xa2, 0x61, 0xc3, 0x41, 0x00, 0x41, 0x00, 0x41, 0x00, 0x59, 0x82, 0x69, 0xe3,
    0x61, 0x82, 0x59, 0xa2, 0x59, 0x82, 0x59, 0xa2, 0x59, 0xa2, 0x61, 0xa2, 0x18, 0x00, 0x8c, 0x30,
    0xff, 0xff, 0xff, 0x9c, 0xff, 0x7b, 0xff, 0x7b, 0xff, 0x7b, 0xff, 0x7b, 0xff, 0x7b, 0xff, 0x7b,
    0xf7, 0x7b, 0xf7, 0x7b, 0xf7, 0x7b, 0xf7, 0x7c, 0xbd, 0xb4, 0xb5, 0x73, 0xf7, 0x9c, 0xef, 0x5b,
    0xef, 0x1a, 0xf7, 0x5b, 0xbd, 0x53, 0x6a, 0xa9, 0x30, 0x61, 0x20, 0x00, 0x30, 0x41, 0x38, 0x20,
    0x40, 0xe3, 0xb5, 0x75, 0xc6, 0x17, 0xc5, 0xf7, 0xc5, 0xf7, 0xbd, 0xd7, 0xc5, 0xf7, 0xd6, 0x79,
    0x39, 0x45, 0x30, 0x60, 0x59, 0x41, 0x51, 0x61, 0x59, 0x82, 0x59, 0x82, 0x59, 0x82, 0x61, 0xa2,
    0x69, 0xc2, 0x6a, 0x03, 0x49, 0x20, 0x41, 0x01, 0x41, 0x00, 0x59, 0x81, 0x82, 0x84, 0x7a, 0x43,
    0x72, 0x03, 0x69, 0xc3, 0x61, 0xa2, 0x59, 0xa2, 0x61, 0xa2, 0x18, 0x20, 0x7b, 0x8d, 0xff, 0xff,
    0xff, 0x9c, 0xff, 0x7b, 0xff, 0x7b, 0xff, 0x7b, 0xff, 0x7b, 0xff, 0x7b, 0xff, 0x7b, 0xf7, 0x7b,
    0xf7, 0x7b, 0xf7, 0x7b, 0xf7, 0x9c, 0xc5, 0xf6, 0xa4, 0xd1, 0xf7, 0x7b, 0xf7, 0x9c, 0xad, 0x12,
    0x39, 0xa5, 0x28, 0xa1, 0x20, 0x00, 0x28, 0x20, 0x38, 0x61, 0x40, 0x62, 0x38, 0x00, 0x59, 0xa7,
    0xc5, 0xf7, 0xc5, 0xf7, 0xc5, 0xf7, 0xbd, 0xd6, 0xc6, 0x18, 0xef, 0x5d, 0xff, 0xff, 0x41, 0xc6,
    0x28, 0x40, 0x59, 0x82, 0x59, 0x82, 0x59, 0x82, 0x59, 0x82, 0x61, 0xe2, 0x69, 0xe2, 0x71, 0xe2,
    0x7a, 0x64, 0x49, 0x20, 0x41, 0x00, 0x41, 0x00, 0x59, 0x61, 0x8a, 0xa4, 0x92, 0xa4, 0x8a, 0xa4,
    0x7a, 0x23, 0x69, 0xc2, 0x61, 0xa2, 0x61, 0xa2, 0x18, 0x20, 0x7b, 0x8d, 0xff, 0xff, 0xff, 0x9c,
    0xff, 0x7b, 0xff, 0x7b, 0xff, 0x7b, 0xff, 0x7b, 0xff, 0x7b, 0xff, 0x9b, 0xf7, 0x7b, 0xf7, 0x7b,
    0xf7, 0x7b, 0xf7, 0x9c, 0xce, 0x37, 0x94, 0x6f, 0xe7, 0x1a, 0xf7, 0x9c, 0xf7, 0x5b, 0xad, 0x33,
    0x49, 0xc6, 0x28, 0x20, 0x38, 0x41, 0x48, 0x62, 0x48, 0x62, 0x38, 0x20, 0x62, 0x28, 0xc6, 0x17,
    0xc5, 0xf7, 0xbd, 0xd7, 0xce, 0x79, 0xf7, 0xbe, 0xff, 0xff, 0xff, 0xff, 0x4a, 0x28, 0x20, 0x20,
    0x59, 0x62, 0x59, 0x62, 0x61, 0xc2, 0x72, 0x03, 0x6a, 0x03, 0x61, 0xc1, 0x7a, 0x23, 0xcc, 0xac,
    0x6a, 0x03, 0x38, 0xc0, 0x38, 0xe0, 0x59, 0x61, 0xb3, 0xa8, 0xbb, 0xc8, 0xb3, 0xa7, 0xa3, 0x46,
    0x72, 0x23, 0x72, 0x03, 0x61, 0xa2, 0x18, 0x00, 0x8b, 0xef, 0xff, 0xff, 0xff, 0x9c, 0xff, 0x7b,
    0xff, 0x7b, 0xff, 0x7b, 0xff, 0x7b, 0xff, 0x7b, 0xff, 0x9b, 0xf7, 0x7b, 0xf7, 0x7b, 0xf7, 0x7b,
    0xf7, 0x9c, 0xd6, 0x78, 0x94, 0x4f, 0xd6, 0x77, 0xf7, 0x9c, 0xf7, 0x7c, 0xff, 0xfe, 0xde, 0x98,
    0x59, 0xc6, 0x40, 0x41, 0x40, 0x21, 0x48, 0x62, 0x38, 0x20, 0x61, 0xc7, 0xc5, 0xf7, 0xbd, 0xf7,
    0xd6, 0x79, 0xff, 0xdf, 0xff, 0xff, 0xff, 0xff, 0xff, 0xff, 0x6b, 0x0b, 0x18, 0x00, 0x59, 0x62,
    0x69, 0xc2, 0x72, 0x03, 0x69, 0xe2, 0x69, 0xc2, 0x82, 0x63, 0xab, 0x66, 0xd4, 0xab, 0xb3, 0xe9,
    0x38, 0xc0, 0x30, 0x80, 0x72, 0x03, 0xdd, 0x0c, 0xe5, 0x2c, 0xe5, 0x2c, 0xdc, 0xeb, 0x8a, 0xc3,
    0x71, 0xe1, 0x59, 0x61, 0x18, 0x00, 0xac, 0xf3, 0xff, 0xff, 0xff, 0x7c, 0xff, 0x7b, 0xff, 0x7b,
    0xff, 0x7b, 0xff, 0x7b, 0xff, 0x7b, 0xff, 0x9b, 0xf7, 0x7b, 0xf7, 0x7b, 0xf7, 0x7b, 0xf7, 0x9c,
    0xde, 0x98, 0x94, 0x70, 0xbd, 0xb4, 0xff, 0xbc, 0xf7, 0x7b, 0xf7, 0x9c, 0xef, 0x1a, 0xb4, 0xf1,
    0xc4, 0xf2, 0x50, 0xe3, 0x38, 0x00, 0x40, 0x41, 0x51, 0x04, 0xb5, 0x55, 0xce, 0x79, 0xff, 0xdf,
    0xff, 0xff, 0xff, 0xff, 0xff, 0xff, 0xff, 0xff, 0x94, 0x71, 0x08, 0x00, 0x61, 0x82, 0x72, 0x03,
    0x69, 0xe2, 0x7a, 0x63, 0x72, 0x03, 0xa3, 0x66, 0xed, 0x4c, 0xab, 0x45, 0xc4, 0x29, 0x8a, 0xe5,
    0x59, 0x61, 0xc4, 0x4a, 0xed, 0x6d, 0xf5, 0xce, 0xe5, 0x2c, 0xe5, 0x0b, 0xab, 0xc7, 0xbc, 0xae,
    0xac, 0x6f, 0x28, 0x80, 0xc5, 0xf7, 0xff, 0xff, 0xff, 0x7c, 0xff, 0x7b, 0xff, 0x7b, 0xff, 0x7b,
    0xff, 0x7b, 0xff, 0x7b, 0xff, 0x9b, 0xf7, 0x7b, 0xf7, 0x7b, 0xf7, 0x7b, 0xf7, 0x9c, 0xde, 0x98,
    0x9c, 0xb1, 0xad, 0x12, 0xff, 0xdc, 0xf7, 0x7b, 0xf7, 0x7b, 0xf7, 0x7b, 0xac, 0xd1, 0xff, 0x5a,
    0xe6, 0x57, 0x61, 0xa6, 0x38, 0x00, 0x48, 0x62, 0xa4, 0x92, 0xf7, 0xbe, 0xff, 0xff, 0xff, 0xff,
    0xff, 0xff, 0xff, 0xff, 0xff, 0xff, 0xce, 0x38, 0x10, 0x20, 0x51, 0x62, 0x7a, 0x03, 0x9b, 0x06,
    0xe5, 0x8d, 0xd4, 0xec, 0xa3, 0x05, 0xf5, 0x8d, 0xe5, 0x8c, 0xcc, 0x68, 0xe5, 0x4b, 0xe5, 0x4c,
    0xed, 0x6c, 0xf5, 0xad, 0xf5, 0xce, 0xed, 0x8d, 0xdc, 0xca, 0xdd, 0x8e, 0xff, 0xff, 0xff, 0xff,
    0x83, 0x6c, 0xde, 0xda, 0xff, 0xfe, 0xff, 0x7b, 0xff, 0x7b, 0xff, 0x7b, 0xff, 0x7b, 0xff, 0x7b,
    0xff, 0x7b, 0xff, 0x7b, 0xf7, 0x7b, 0xf7, 0x7b, 0xf7, 0x7b, 0xf7, 0x9c, 0xde, 0xb8, 0xad, 0x12,
    0x94, 0x4f, 0xf7, 0x9c, 0xf7, 0x7c, 0xf7, 0x7b, 0xff, 0xbc, 0xb5, 0x32, 0xe6, 0x77, 0xff, 0xdc,
    0xf6, 0xb9, 0x69, 0xa6, 0x30, 0x00, 0xa4, 0x51, 0xff, 0xff, 0xff, 0xff, 0xff, 0xff, 0xff, 0xff,
    0xff, 0xff, 0xff, 0xff, 0xf7, 0xbe, 0x31, 0x44, 0x38, 0xc0, 0x82, 0x63, 0xd4, 0xcb, 0xfe, 0x50,
    0xfe, 0x2f, 0xc4, 0x28, 0xdd, 0x2a, 0xfe, 0x6f, 0xfe, 0xb0, 0xff, 0x11, 0xff, 0x52, 0xfe, 0xf1,
    0xfe, 0x90, 0xed, 0xee, 0xf5, 0xee, 0xed, 0x8c, 0xee, 0x10, 0xff, 0xfd, 0xff, 0xff, 0xa4, 0xd2,
    0xff, 0xbd, 0xff, 0x9c, 0xff, 0x7b, 0xff, 0x7b, 0xff, 0x7b, 0xff, 0x7b, 0xff, 0x7b, 0xff, 0x7b,
    0xff, 0x9b, 0xf7, 0x7b, 0xf7, 0x7b, 0xf7, 0x7b, 0xf7, 0x9c, 0xde, 0xb8, 0xbd, 0x94, 0x83, 0xcd,
    0xe6, 0xf9, 0xf7, 0x9c, 0xf7, 0x7b, 0xff, 0xbc, 0xc5, 0x94, 0xd5, 0xf5, 0xff, 0x9b, 0xff, 0xbc,
    0xee, 0x57, 0x40, 0xa2, 0x7a, 0xcb, 0xff, 0xff, 0xff, 0xff, 0xff, 0xff, 0xff, 0xff, 0xff, 0xff,
    0xff, 0xff, 0xff, 0xff, 0x83, 0xcf, 0x10, 0x00, 0x92, 0xc5, 0xdd, 0x0b, 0xfe, 0x91, 0xf5, 0xee,
    0xd4, 0xea, 0xf6, 0x2e, 0xf6, 0xb0, 0xff, 0x73, 0xff, 0xb4, 0xff, 0xb5, 0xff, 0xb5, 0xff, 0x94,
    0xff, 0x53, 0xfe, 0x90, 0xf5, 0xee, 0xf6, 0x0e, 0xe5, 0xf1, 0x7b, 0x2a, 0x8c, 0x30, 0xff, 0xff,
    0xff, 0x7b, 0xff, 0x7b, 0xff, 0x7b, 0xff, 0x7b, 0xff, 0x7b, 0xff, 0x7b, 0xff, 0x7b, 0xff, 0x9b,
    0xf7, 0x7b, 0xf7, 0x7b, 0xf7, 0x7b, 0xf7, 0x9c, 0xde, 0xd9, 0xc5, 0xd5, 0x83, 0xcd, 0xc5, 0xd5,
    0xf7, 0xbc, 0xf7, 0x7b, 0xf7, 0xbc, 0xce, 0x16, 0xc5, 0x53, 0xff, 0x9b, 0xff, 0x5b, 0xff, 0xbc,
    0xbc, 0xd2, 0x49, 0x44, 0xf7, 0x7d, 0xff, 0xff, 0xff, 0xff, 0xff, 0xff, 0xff, 0xff, 0xff, 0xff,
    0xff, 0xff, 0xde, 0xba, 0x18, 0x40, 0x69, 0xe3, 0xbb, 0xc7, 0xcc, 0xca, 0xed, 0xcd, 0xed, 0xcd,
    0xfe, 0xd1, 0xff, 0x93, 0xff, 0xb5, 0xff, 0xd6, 0xff, 0xd7, 0xff, 0xd7, 0xff, 0xb6, 0xff, 0xb5,
    0xff, 0x53, 0xfe, 0xb0, 0xfe, 0x6f, 0xb4, 0x29, 0x20, 0x40, 0xde, 0xba, 0xff, 0xdd, 0xff, 0x7b,
    0xff, 0x7b, 0xff, 0x7b, 0xff, 0x7b, 0xff, 0x7b, 0xff, 0x7b, 0xff, 0x7b, 0xff, 0x9b, 0xf7, 0x7b,
    0xf7, 0x7b, 0xf7, 0x7b, 0xf7, 0x9c, 0xe6, 0xf9, 0xc5, 0xf5, 0x9c, 0x70, 0x94, 0x70, 0xff, 0xbc,
    0xf7, 0x7b, 0xf7, 0x9c, 0xde, 0xb8, 0xb4, 0xd1, 0xff, 0x5a, 0xff, 0x5b, 0xff, 0x5b, 0xff, 0x9c,
    0x93, 0x8d, 0xbd, 0x95, 0xff, 0xff, 0xff, 0xff, 0xff, 0xff, 0xff, 0xff, 0xff, 0xff, 0xff, 0xff,
    0xff, 0xff, 0x6b, 0x2c, 0x20, 0x20, 0xab, 0x87, 0xc4, 0x47, 0xe5, 0x6c, 0xfe, 0x70, 0xff, 0x53,
    0xff, 0xb5, 0xff, 0xd6, 0xff, 0xf7, 0xff, 0xf8, 0xff, 0xf8, 0xff, 0xd7, 0xff, 0xb6, 0xff, 0x94,
    0xff, 0x52, 0xfe, 0xd0, 0x72, 0x44, 0x73, 0x2b, 0xff, 0xfe, 0xff, 0x7b, 0xff, 0x7b, 0xff, 0x7b,
    0xff, 0x7b, 0xff, 0x7b, 0xff, 0x7b, 0xff, 0x7b, 0xff, 0x7b, 0xff, 0x9b,
};

const lv_img_dsc_t avatar_asset_eye_left_open = {
    .header.always_zero = 0,
    .header.w = 55,
    .header.h = 58,
    .header.cf = LV_IMG_CF_TRUE_COLOR_CHROMA_KEYED,
    .data_size = sizeof(eye_left_open_map),
    .data = eye_left_open_map,
};

static const uint8_t eye_left_half_map[] = {
    0xf7, 0x9c, 0xf7, 0x9c, 0xf7, 0x9c, 0xf7, 0x9c, 0xf7, 0x9c, 0xf7, 0x9c, 0xf7, 0x9c, 0xf7, 0x9c,
    0xf7, 0x9c, 0xf7, 0x9c, 0xf7, 0x9c, 0xf7, 0x9c, 0xf7, 0x7b, 0x94, 0x6f, 0xb5, 0x53, 0xc5, 0xf5,
    0xf7, 0x7b, 0xf7, 0x9c, 0xf7, 0x7b, 0xf7, 0x7b, 0xd6, 0x77, 0xc5, 0xd5, 0xde, 0xb9, 0xf7, 0x9c,
    0xf7, 0x9c, 0xf7, 0x9c, 0xf7, 0x9c, 0xf7, 0x9c, 0xf7, 0x9c, 0xf7, 0x7c, 0xe6, 0xf9, 0xc5, 0xd5,
    0xef, 0x3a, 0xf7, 0x7c, 0xf7, 0x9c, 0xf7, 0x9c, 0xf7, 0x9c, 0xf7, 0x9c, 0xf7, 0x7c, 0xf7, 0x7c,
    0xf7, 0x7b, 0xf7, 0x7b, 0xf7, 0x7b, 0xf7, 0x7b, 0xf7, 0x7c, 0xf7, 0x7b, 0xf7, 0x5b, 0xe6, 0xfa,
    0xbd, 0xb5, 0xde, 0x98, 0xf7, 0x7b, 0xde, 0xb8, 0xc5, 0xd5, 0xbd, 0xd5, 0xbd, 0xb4, 0xf7, 0x7c,
    0xf7, 0x9c, 0xf7, 0x9c, 0xf7, 0x9c, 0xf7, 0x9c, 0xf7, 0x9c, 0xf7, 0x9c, 0xf7, 0x9c, 0xf7, 0x9c,
    0xf7, 0x9c, 0xf7, 0x9c, 0xf7, 0x9c, 0xef, 0x3a, 0x8c, 0x2f, 0xbd, 0x94, 0xd6, 0x57, 0xf7, 0x7b,
    0xf7, 0x9c, 0xf7, 0x7b, 0xde, 0xb8, 0xc5, 0xd5, 0xce, 0x37, 0xf7, 0x7b, 0xf7, 0x9c, 0xf7, 0x9c,
    0xf7, 0x9c, 0xf7, 0x9c, 0xf7, 0x7c, 0xf7, 0x7c, 0xe7, 0x1a, 0xc5, 0xd5, 0xe6, 0xf9, 0xf7, 0x7c,
    0xf7, 0x9c, 0xf7, 0x9c, 0xf7, 0x9c, 0xf7, 0x9c, 0xf7, 0x7c, 0xf7, 0x7c, 0xf7, 0x7b, 0xf7, 0x7b,
    0xf7, 0x7b, 0xf7, 0x7c, 0xf7, 0x7b, 0xf7, 0x7b, 0xef, 0x5b, 0xce, 0x37, 0xb5, 0x73, 0xe6, 0xf9,
    0xef, 0x3a, 0xce, 0x36, 0xc5, 0xb5, 0xbd, 0xb4, 0xbd, 0x93, 0x83, 0xad, 0xf7, 0x7c, 0xf7, 0x7c,
    0xf7, 0x7c, 0xf7, 0x7c, 0xf7, 0x7c, 0xf7, 0x9c, 0xf7, 0x9c, 0xf7, 0x9c, 0xf7, 0x9c, 0xf7, 0x9c,
    0xf7, 0x9c, 0xf7, 0x7c, 0xe6, 0xf9, 0x94, 0x4f, 0xbd, 0x94, 0xde, 0xb8, 0xf7, 0x9c, 0xf7, 0x7b,
    0xe6, 0xf9, 0xc5, 0xd5, 0xc5, 0xf5, 0xef, 0x3a, 0xf7, 0x9c, 0xf7, 0x7c, 0xf7, 0x9c, 0xf7, 0x9c,
    0xf7, 0x7c, 0xf7, 0x7c, 0xe7, 0x1a, 0xbd, 0xb5, 0xde, 0x98, 0xf7, 0x7b, 0xf7, 0x7c, 0xf7, 0x9c,
    0xf7, 0x9c, 0xf7, 0x7c, 0xf7, 0x7b, 0xf7, 0x7b, 0xf7, 0x7b, 0xf7, 0x7b, 0xf7, 0x7b, 0xf7, 0x7b,
    0xf7, 0x7b, 0xf7, 0x7b, 0xe6, 0xfa, 0xb5, 0x73, 0xb5, 0x73, 0xef, 0x1a, 0xde, 0xb8, 0xc5, 0xd5,
    0xbd, 0xb4, 0xbd, 0xb4, 0xa4, 0xb1, 0x7b, 0x0a, 0xbc, 0x70, 0xf7, 0x7c, 0xf7, 0x7c, 0xf7, 0x7c,
    0xf7, 0x7c, 0xf7, 0x7c, 0xf7, 0x7c, 0xf7, 0x9c, 0xf7, 0x9c, 0xf7, 0x9c, 0xf7, 0x9c, 0xf7, 0x9c,
    0xf7, 0x7c, 0xce, 0x36, 0x9c, 0xb0, 0xbd, 0x94, 0xe7, 0x1a, 0xf7, 0x9c, 0xef, 0x3a, 0xcd, 0xf5,
    0xbd, 0xb4, 0xde, 0xb8, 0xf7, 0x7b, 0xf7, 0x9c, 0xf7, 0x7c, 0xf7, 0x9c, 0xf7, 0x7c, 0xf7, 0x7b,
    0xe6, 0xf9, 0xbd, 0xb4, 0xc5, 0xf5, 0xf7, 0x7b, 0xf7, 0x7b, 0xf7, 0x7c, 0xf7, 0x9c, 0xf7, 0x7b,
    0xf7, 0x7b, 0xf7, 0x7b, 0xf7, 0x5b, 0xf7, 0x7b, 0xf7, 0x7b, 0xf7, 0x7b, 0xf7, 0x7b, 0xef, 0x5b,
    0xd6, 0x77, 0x9c, 0xb1, 0xbd, 0xb4, 0xe6, 0xf9, 0xce, 0x36, 0xbd, 0xb5, 0xbd, 0xb4, 0xbd, 0x53,
    0x8b, 0xac, 0x93, 0x6c, 0xd4, 0xf1, 0xcc, 0xd0, 0xf7, 0x7c, 0xf7, 0x7c, 0xf7, 0x7c, 0xf7, 0x7c,
    0xf7, 0x7c, 0xf7, 0x7c, 0xf7, 0x9c, 0xf7, 0x9c, 0xf7, 0x9c, 0xf7, 0x9c, 0xf7, 0x9c, 0xf7, 0x7c,
    0xad, 0x53, 0xad, 0x32, 0xbd, 0xb4, 0xef, 0x3b, 0xf7, 0x7b, 0xce, 0x16, 0xc5, 0xb4, 0xc5, 0xf5,
    0xf7, 0x5b, 0xf7, 0x7c, 0xf7, 0x7b, 0xf7, 0x7c, 0xf7, 0x7c, 0xf7, 0x7b, 0xde, 0xd9, 0xbd, 0x94,
    0xad, 0x32, 0xef, 0x3b, 0xf7, 0x7c, 0xf7, 0x7c, 0xf7, 0x7c, 0xf7, 0x7b, 0xf7, 0x7b, 0xf7, 0x7b,
    0xef, 0x5b, 0xf7, 0x5b, 0xf7, 0x7b, 0xf7, 0x7b, 0xf7, 0x7b, 0xe7, 0x1a, 0xc5, 0xd5, 0x94, 0x4f,
    0xc5, 0xf5, 0xd6, 0x77, 0xc5, 0xd5, 0xc5, 0xb5, 0xbd, 0x94, 0xa4, 0x70, 0x8b, 0x4b, 0xbc, 0x90,
    0xdd, 0x12, 0xbc, 0x8f, 0xbd, 0x33, 0xf7, 0x7c, 0xf7, 0x7c, 0xf7, 0x7c, 0xf7, 0x7c, 0xf7, 0x7c,
    0xf7, 0x7c, 0xf7, 0x7c, 0xf7, 0x9c, 0xf7, 0x7c, 0xf7, 0x7c, 0xf7, 0x7c, 0xf7, 0x7b, 0x9c, 0xb0,
    0xbd, 0x74, 0xc5, 0xd5, 0xf7, 0x5b, 0xd6, 0x77, 0xc5, 0xb5, 0xc5, 0xb5, 0xde, 0xb8, 0xf7, 0x7b,
    0xf7, 0x7c, 0xf7, 0x7c, 0xf7, 0x7b, 0xf7, 0x7b, 0xde, 0xb8, 0xb5, 0x94, 0x9c, 0x90, 0xe6, 0xd9,
    0xf7, 0x7c, 0xf7, 0x7c, 0xf7, 0x7b, 0xf7, 0x7b, 0xf7, 0x7b, 0xf7, 0x7b, 0xef, 0x5b, 0xef, 0x5b,
    0xf7, 0x7b, 0xf7, 0x7b, 0xef, 0x3b, 0xd6, 0x77, 0xad, 0x53, 0x83, 0xee, 0xc5, 0xf6, 0xce, 0x16,
    0xc5, 0xd5, 0xbd, 0xb4, 0xad, 0x12, 0x83, 0x6b, 0xab, 0xee, 0xd5, 0x12, 0xd5, 0x12, 0xb4, 0xb0,
    0xce, 0x36, 0xef, 0x5b, 0xf7, 0x7c, 0xf7, 0x7c, 0xf7, 0x7c, 0xf7, 0x7c, 0xf7, 0x7c, 0xf7, 0x7c,
    0xf7, 0x9c, 0xf7, 0x9c, 0xf7, 0x9c, 0xf7, 0x7c, 0xf7, 0x9c, 0xef, 0x3b, 0x94, 0x4f, 0xbd, 0x94,
    0xce, 0x16, 0xe6, 0xf9, 0xc5, 0xd5, 0xc5, 0xb4, 0xce, 0x16, 0xef, 0x5b, 0xf7, 0x7b, 0xf7, 0x7b,
    0xf7, 0x7b, 0xf7, 0x7b, 0xde, 0x98, 0xbd, 0xb5, 0x94, 0x6f, 0xce, 0x16, 0xf7, 0x7b, 0xf7, 0x9c,
    0xf7, 0x7b, 0xf7, 0x7b, 0xf7, 0x7b, 0xf7, 0x5b, 0xef, 0x3a, 0xef, 0x5b, 0xf7, 0x7b, 0xf7, 0x7b,
    0xe6, 0xfa, 0xcd, 0xf6, 0x9c, 0x91, 0x83, 0xed, 0xc5, 0xd5, 0xc5, 0xd5, 0xc5, 0xb5, 0xb5, 0x53,
    0x8b, 0xcd, 0x93, 0x6c, 0xcc, 0xd1, 0xdd, 0x32, 0xd5, 0x12, 0xb4, 0xf2, 0xe6, 0xf9, 0xce, 0x56,
    0x94, 0x4f, 0xf7, 0x7c, 0xf7, 0x7c, 0xf7, 0x7c, 0xf7, 0x7c, 0xf7, 0x7c, 0xf7, 0x7c, 0xf7, 0x7c,
    0xf7, 0x7c, 0xf7, 0x9c, 0xf7, 0x9c, 0xf7, 0x7b, 0xde, 0xb8, 0x94, 0x6f, 0xbd, 0x94, 0xce, 0x37,
    0xce, 0x16, 0xbd, 0xb5, 0xbd, 0xb4, 0xe6, 0xd9, 0xf7, 0x7b, 0xf7, 0x7b, 0xf7, 0x7b, 0xf7, 0x7b,
    0xd6, 0x57, 0xbd, 0xb5, 0x9c, 0xb0, 0xad, 0x53, 0xef, 0x5b, 0xf7, 0x9c, 0xf7, 0x7b, 0xf7, 0x7b,
    0xf7, 0x7b, 0xef, 0x5b, 0xef, 0x1a, 0xef, 0x5a, 0xf7, 0x7b, 0xef, 0x5b, 0xd6, 0x77, 0xbd, 0x94,
    0x83, 0xcd, 0x8c, 0x0e, 0xc5, 0xd5, 0xc5, 0xd5, 0xc5, 0x94, 0x93, 0xee, 0x8b, 0x4b, 0xc4, 0xb0,
    0xdd, 0x12, 0xdd, 0x32, 0xbc, 0xd0, 0xc5, 0x94, 0xde, 0xb8, 0x9c, 0x70, 0xb5, 0x12, 0xf6, 0xd8,
    0xf7, 0x7c, 0xf7, 0x7c, 0xf7, 0x7c, 0xf7, 0x7c, 0xf7, 0x7c, 0xf7, 0x7c, 0xf7, 0x7c, 0xf7, 0x9c,
    0xf7, 0x9c, 0xf7, 0x7c, 0xf7, 0x7c, 0xc5, 0xd5, 0xa4, 0xf1, 0xbd, 0x94, 0xc5, 0xf5, 0xbd, 0xb4,
    0xbd, 0xb4, 0xce, 0x16, 0xf7, 0x7b, 0xf7, 0x7b, 0xf7, 0x7b, 0xf7, 0x5b, 0xd6, 0x57, 0xbd, 0x94,
    0x9c, 0xb1, 0x9c, 0x90, 0xe6, 0xfa, 0xf7, 0x7c, 0xf7, 0x7b, 0xf7, 0x7b, 0xf7, 0x5b, 0xef, 0x5b,
    0xe7, 0x1a, 0xef, 0x3a, 0xef, 0x5b, 0xe6, 0xd8, 0xc5, 0xd5, 0xb5, 0x73, 0x7b, 0x6c, 0x9c, 0x90,
    0xc5, 0xd5, 0xc5, 0xb5, 0x9c, 0x4f, 0x83, 0x0a, 0xbc, 0x4f, 0xdd, 0x12, 0xdd, 0x32, 0xdd, 0x33,
    0xb4, 0x90, 0xcd, 0xf5, 0xad, 0x11, 0x9c, 0x90, 0xe6, 0xb8, 0xf6, 0xd9, 0xe5, 0xf5, 0xf7, 0x9c,
    0xf7, 0x7c, 0xf7, 0x7c, 0xf7, 0x9c, 0xf7, 0x7c, 0xf7, 0x7c, 0xf7, 0x7c, 0xf7, 0x9c, 0xf7, 0x9c,
    0xf7, 0x7b, 0xf7, 0x7b, 0xa5, 0x12, 0xb5, 0x53, 0xbd, 0xb4, 0xbd, 0xb4, 0xbd, 0xb4, 0xbd, 0xb4,
    0xde, 0xd9, 0xf7, 0x7b, 0xf7, 0x7b, 0xef, 0x3a, 0xce, 0x16, 0xbd, 0xb4, 0xa4, 0xf2, 0x84, 0x0e,
    0xde, 0x98, 0xf7, 0x7c, 0xf7, 0x7b, 0xef, 0x5b, 0xef, 0x5b, 0xef, 0x3a, 0xe6, 0xf9, 0xef, 0x1a,
    0xe6, 0xd9, 0xce, 0x16, 0xbd, 0xb4, 0xac, 0xf1, 0x7b, 0x6c, 0xad, 0x12, 0xbd, 0xb5, 0xad, 0x12,
    0x83, 0x6b, 0xac, 0x2e, 0xd5, 0x11, 0xdd, 0x32, 0xdd, 0x53, 0xcc, 0xf1, 0xb4, 0x70, 0xb4, 0xf2,
    0xa4, 0x90, 0xde, 0x36, 0xff, 0x3a, 0xf6, 0xf9, 0xee, 0x77, 0xf6, 0xf9, 0xf7, 0x7c, 0xf7, 0x7c,
    0xf7, 0x7c, 0xf7, 0x7c, 0xf7, 0x9c, 0xf7, 0x7c, 0xf7, 0x7c, 0xf7, 0x9b, 0xf7, 0x7b, 0xf7, 0x7c,
    0xf7, 0x7b, 0x9c, 0x90, 0xbd, 0x94, 0xbd, 0xb4, 0xbd, 0xb4, 0xbd, 0xb4, 0xc5, 0xf5, 0xf7, 0x7b,
    0xef, 0x7b, 0xde, 0xb8, 0xc5, 0xd5, 0xbd, 0x94, 0xb5, 0x53, 0x7b, 0x8c, 0xce, 0x16, 0xf7, 0x7b,
    0xf7, 0x7b, 0xef, 0x3a, 0xef, 0x3b, 0xe7, 0x3a, 0xde, 0xd9, 0xd6, 0x98, 0xce, 0x16, 0xbd, 0xb5,
    0xbd, 0x94, 0x94, 0x4f, 0x83, 0xcd, 0xbd, 0x74, 0xb5, 0x53, 0x93, 0xed, 0x93, 0xac, 0xcd, 0x11,
    0xdd, 0x32, 0xdd, 0x52, 0xd5, 0x32, 0xbc, 0xb0, 0xac, 0x4f, 0xa4, 0x90, 0xd6, 0x15, 0xf7, 0x3a,
    0xff, 0x5a, 0xf7, 0x19, 0xf6, 0xf9, 0xff, 0x5b, 0xff, 0x7b, 0xf7, 0x7c, 0xf7, 0x7c, 0xf7, 0x7c,
    0xf7, 0x7c, 0xf7, 0x7c, 0xf7, 0x7c, 0xf7, 0x7c, 0xf7, 0x7b, 0xf7, 0x7b, 0xf7, 0x7c, 0xf7, 0x5b,
    0x8c, 0x2f, 0xbd, 0xb4, 0xbd, 0xb4, 0xbd, 0xb4, 0xbd, 0xb4, 0xde, 0x98, 0xe6, 0xf9, 0xce, 0x16,
    0xbd, 0xb4, 0xbd, 0x94, 0xb5, 0x74, 0x7b, 0x6c, 0xb5, 0x74, 0xef, 0x3b, 0xf7, 0x7b, 0xef, 0x3a,
    0xe7, 0x1a, 0xe6, 0xf9, 0xd6, 0x77, 0xc5, 0xf5, 0xc5, 0xb5, 0xbd, 0xb4, 0xb5, 0x73, 0x83, 0xcd,
    0x9c, 0x70, 0xbd, 0x53, 0x9c, 0x2e, 0x8b, 0x6b, 0xbc, 0x90, 0xdd, 0x53, 0xdd, 0x53, 0xd5, 0x32,
    0xb4, 0x70, 0x9c, 0x0e, 0xa4, 0x70, 0xcd, 0xd5, 0xf7, 0x19, 0xff, 0x5a, 0xff, 0x5b, 0xf7, 0x3a,
    0xff, 0x5b, 0xff, 0x7b, 0xff, 0x7b, 0xff, 0x7b, 0xf7, 0x7c, 0xf7, 0x7c, 0xf7, 0x7c, 0xf7, 0x7c,
    0xf7, 0x7c, 0xf7, 0x7c, 0xf7, 0x7c, 0xf7, 0x7b, 0xf7, 0x7b, 0xf7, 0x7c, 0xef, 0x3a, 0x8c, 0x0e,
    0xbd, 0xb4, 0xbd, 0xb4, 0xbd, 0xb4, 0xbd, 0xb5, 0xce, 0x16, 0xbd, 0xb4, 0xbd, 0x94, 0xbd, 0x94,
    0xbd, 0x94, 0x7b, 0xad, 0xa4, 0xf2, 0xe7, 0x1a, 0xef, 0x5b, 0xe6, 0xf9, 0xde, 0xd9, 0xd6, 0x77,
    0xc5, 0xf5, 0xbd, 0xb4, 0xc5, 0xb4, 0xc5, 0xb4, 0xa4, 0xb1, 0x83, 0x8c, 0xac, 0xf1, 0xa4, 0x4f,
    0x8b, 0xac, 0xb4, 0xb0, 0xd5, 0x33, 0xcd, 0x12, 0xac, 0x2f, 0x7b, 0x0a, 0x6a, 0xa8, 0x73, 0x0b,
    0x8b, 0xcd, 0x9c, 0x4f, 0xac, 0xf1, 0xd6, 0x36, 0xff, 0x5b, 0xff, 0x7b, 0xff, 0x7b, 0xff, 0x7b,
    0xff, 0x7b, 0xff, 0x7b, 0xff, 0x9b, 0xf7, 0x7c, 0xf7, 0x7c, 0xf7, 0x7c, 0xf7, 0x7c, 0xf7, 0x7c,
    0xf7, 0x7c, 0xf7, 0x7c, 0xf7, 0x7b, 0xf7, 0x7b, 0xf7, 0x7c, 0xde, 0xb8, 0x8c, 0x2f, 0xbd, 0xb4,
    0xbd, 0xb4, 0xbd, 0xb4, 0xbd, 0xb4, 0xbd, 0xb4, 0xbd, 0x94, 0xbd, 0x94, 0xbd, 0x94, 0x8b, 0xee,
    0x9c, 0xb1, 0xd6, 0x77, 0xef, 0x3b, 0xde, 0xb8, 0xce, 0x57, 0xc5, 0xf5, 0xbd, 0xb4, 0xbd, 0xb4,
    0xbd, 0xb4, 0xbd, 0x94, 0x8b, 0xee, 0x8b, 0xcd, 0x9c, 0x4f, 0x83, 0x8c, 0xa4, 0x6f, 0xb4, 0xb0,
    0x8b, 0x6b, 0x62, 0x47, 0x62, 0x27, 0x5a, 0x07, 0x7b, 0x4b, 0x9c, 0x90, 0xbd, 0x73, 0xcd, 0xf5,
    0xd6, 0x36, 0xde, 0x57, 0xd6, 0x16, 0xf7, 0x3a, 0xff, 0x7b, 0xff, 0x7b, 0xff, 0x7b, 0xff, 0x7b,
    0xff, 0x9b, 0xff, 0x9b, 0xf7, 0x7c, 0xf7, 0x9c, 0xf7, 0x7c, 0xf7, 0x7b, 0xf7, 0x7c, 0xf7, 0x7c,
    0xf7, 0x7c, 0xf7, 0x7b, 0xf7, 0x7c, 0xf7, 0x7c, 0xbd, 0xb4, 0xa4, 0xd1, 0xbd, 0xb4, 0xbd, 0xb4,
    0xbd, 0xb4, 0xbd, 0xb4, 0xbd, 0xb4, 0xbd, 0x94, 0xbd, 0x94, 0x94, 0x2f, 0x9c, 0x70, 0xc5, 0xf5,
    0xde, 0xb8, 0xce, 0x16, 0xc5, 0xd5, 0xbd, 0xb5, 0xbd, 0xb4, 0xbd, 0x94, 0xbd, 0x94, 0xa4, 0xf1,
    0x73, 0x2b, 0x7b, 0x4b, 0x8b, 0x8d, 0x93, 0xee, 0x8b, 0x4c, 0x6a, 0x68, 0x7b, 0x0a, 0x9c, 0x0e,
    0xac, 0xd1, 0x83, 0x6c, 0xcd, 0xb5, 0xf7, 0x1a, 0xff, 0x7b, 0xff, 0x9b, 0xff, 0x9b, 0xff, 0x9b,
    0xff, 0x7b, 0xff, 0x9b, 0xff, 0x9b, 0xff, 0x9b, 0xff, 0x7b, 0xff, 0x7b, 0xff, 0x9b, 0xff, 0x9b,
    0xff, 0x9b, 0xf7, 0x9c, 0xf7, 0x9c, 0xf7, 0x7c, 0xf7, 0x7b, 0xf7, 0x7c, 0xf7, 0x7c, 0xf7, 0x7c,
    0xf7, 0x7b, 0xf7, 0x7c, 0xf7, 0x7c, 0x9c, 0xb1, 0xb5, 0x53, 0xbd, 0xb4, 0xbd, 0xb4, 0xbd, 0xb4,
    0xbd, 0xb4, 0xbd, 0x94, 0xbd, 0x94, 0x9c, 0x90, 0x8c, 0x2e, 0xbd, 0xb4, 0xc5, 0xd5, 0xbd, 0xd5,
    0xbd, 0xb4, 0xbd, 0xb4, 0xbd, 0xb4, 0xbd, 0x94, 0xbd, 0x74, 0x8b, 0xce, 0x6a, 0xca, 0x7b, 0x2b,
    0x72, 0xea, 0x72, 0xea, 0x83, 0x6c, 0xb4, 0xd1, 0xd5, 0xf6, 0xe6, 0x78, 0xee, 0xf9, 0xe6, 0xb8,
    0xe6, 0xd8, 0xff, 0x7b, 0xff, 0x7b, 0xff, 0x7b, 0xff, 0x7b, 0xff, 0x7b, 0xff, 0x7b, 0xff, 0x7b,
    0xff, 0x7b, 0xff, 0x7b, 0xff, 0x7b, 0xff, 0x7b, 0xff, 0x9b, 0xff, 0x9b, 0xff, 0x9b, 0xff, 0x9b,
    0xf7, 0x9c, 0xf7, 0x9c, 0xf7, 0x7c, 0xf7, 0x7b, 0xf7, 0x7b, 0xf7, 0x7c, 0xf7, 0x7c, 0xf7, 0x7b,
    0xf7, 0x7c, 0xf7, 0x7c, 0x94, 0x4f, 0xbd, 0x74, 0xbd, 0xb4, 0xbd, 0xb4, 0xbd, 0xb4, 0xbd, 0xb4,
    0xbd, 0x94, 0xac, 0xf2, 0x83, 0xcd, 0xbd, 0x94, 0xbd, 0x94, 0xbd, 0x94, 0xbd, 0x94, 0xbd, 0x94,
    0xbd, 0x94, 0xbd, 0x94, 0x9c, 0x70, 0x62, 0xa9, 0x52, 0x27, 0x6a, 0xc9, 0x9c, 0x0e, 0xcd, 0xb4,
    0xee, 0xb8, 0xf7, 0x19, 0xff, 0x5a, 0xff, 0x7b, 0xff, 0x7b, 0xff, 0x7b, 0xff, 0x7b, 0xff, 0x7b,
    0xff, 0x7b, 0xff, 0x7b, 0xff, 0x7b, 0xff, 0x7b, 0xff, 0x7b, 0xff, 0x7b, 0xff, 0x7b, 0xff, 0x7b,
    0xff, 0x7b, 0xff, 0x9b, 0xff, 0x9b, 0xff, 0x9b, 0xff, 0x9b, 0xff, 0x9b, 0xff, 0x9b, 0xf7, 0x9c,
    0xf7, 0x7c, 0xf7, 0x7c, 0xf7, 0x7b, 0xf7, 0x7b, 0xf7, 0x7c, 0xf7, 0x7c, 0xf7, 0x7b, 0xf7, 0x7b,
    0xf7, 0x7c, 0x83, 0xee, 0xbd, 0x94, 0xbd, 0xb4, 0xbd, 0xb4, 0xbd, 0xb4, 0xbd, 0xb4, 0xb5, 0x33,
    0x7b, 0xad, 0xb5, 0x73, 0xbd, 0x94, 0xbd, 0x94, 0xbd, 0x94, 0xbd, 0x94, 0xbd, 0x94, 0xac, 0xf2,
    0x7b, 0x4b, 0x7b, 0x2b, 0xa4, 0x90, 0xd6, 0x15, 0xee, 0xf9, 0xf7, 0x3a, 0xff, 0x5a, 0xff, 0x7b,
    0xff, 0x7b, 0xff, 0x7b, 0xff, 0x7b, 0xff, 0x7b, 0xff, 0x7b, 0xff, 0x7b, 0xff, 0x7b, 0xff, 0x7b,
    0xff, 0x7b, 0xff, 0x7b, 0xff, 0x7b, 0xff, 0x7b, 0xff, 0x7b, 0xff, 0x7b, 0xff, 0x7b, 0xff, 0x7b,
    0xff, 0x9b, 0xff, 0x9b, 0xff, 0x9b, 0xff, 0x9b, 0xff, 0x9b, 0xff, 0x9b, 0xf7, 0x7c, 0xf7, 0x7c,
    0xf7, 0x7c, 0xf7, 0x7b, 0xf7, 0x7b, 0xf7, 0x7c, 0xf7, 0x7c, 0xf7, 0x7b, 0xf7, 0x7c, 0xf7, 0x7b,
    0x7b, 0x8c, 0xbd, 0x94, 0xbd, 0x94, 0xbd, 0x94, 0xbd, 0x94, 0xb5, 0x53, 0x7b, 0x8c, 0xb5, 0x53,
    0xbd, 0x94, 0xbd, 0x94, 0xbd, 0x94, 0xbd, 0x94, 0xb5, 0x53, 0x8b, 0xcd, 0x8b, 0xac, 0xc5, 0x53,
    0xee, 0x98, 0xff, 0x3a, 0xff, 0x7b, 0xff, 0x7b, 0xff, 0x7b, 0xff, 0x7b, 0xff, 0x7b, 0xff, 0x7b,
    0xff, 0x7b, 0xff, 0x7b, 0xff, 0x7b, 0xff, 0x7b, 0xff, 0x7b, 0xff, 0x7b, 0xff, 0x7b, 0xff, 0x7b,
    0xff, 0x7b, 0xff, 0x7b, 0xff, 0x7b, 0xff, 0x7b, 0xff, 0x7b, 0xff, 0x7b, 0xff, 0x7b, 0xff, 0x9b,
    0xff, 0x9b, 0xff, 0x9b, 0xff, 0x9b, 0xff, 0x9b, 0xff, 0x9b, 0xf7, 0x7c, 0xf7, 0x7c, 0xf7, 0x7c,
    0xf7, 0x7b, 0xf7, 0x7b, 0xf7, 0x7c, 0xf7, 0x7c, 0xf7, 0x7b, 0xf7, 0x7c, 0xf7, 0x5b, 0x73, 0x6c,
    0xbd, 0x94, 0xbd, 0x94, 0xbd, 0x94, 0xb5, 0x53, 0x7b, 0x8c, 0xad, 0x32, 0xbd, 0x74, 0xbd, 0x94,
    0xbd, 0x94, 0xbd, 0x73, 0x94, 0x0e, 0x83, 0x4b, 0xbc, 0xb0, 0xde, 0x15, 0xff, 0x19, 0xff, 0x7b,
    0xff, 0x7b, 0xff, 0x7b, 0xff, 0x7b, 0xff, 0x7b, 0xff, 0x7b, 0xff, 0x7b, 0xff, 0x7b, 0xff, 0x7b,
    0xff, 0x7b, 0xff, 0x7b, 0xff, 0x7b, 0xff, 0x7b, 0xff, 0x7b, 0xff, 0x7b, 0xff, 0x7b, 0xff, 0x7b,
    0xff, 0x7b, 0xff, 0x7b, 0xff, 0x7b, 0xff, 0x7b, 0xff, 0x7b, 0xff, 0x7b, 0xff, 0x7b, 0xff, 0x9b,
    0xff, 0x9b, 0xff, 0x9b, 0xff, 0x9b, 0xff, 0x9b, 0xf7, 0x7c, 0xf7, 0x7c, 0xf7, 0x7c, 0xf7, 0x7b,
    0xf7, 0x7b, 0xf7, 0x7b, 0xf7, 0x7c, 0xf7, 0x7b, 0xf7, 0x7c, 0xef, 0x3b, 0x7b, 0x8c, 0xbd, 0x94,
    0xbd, 0x94, 0xb5, 0x53, 0x83, 0xad, 0xad, 0x12, 0xbd, 0x74, 0xbd, 0x94, 0xb5, 0x94, 0x9c, 0x4f,
    0x83, 0x2a, 0xb4, 0x6f, 0xdd, 0xb3, 0xf6, 0xb8, 0xff, 0x5b, 0xff, 0x7b, 0xff, 0x7b, 0xff, 0x7b,
    0xff, 0x7b, 0xff, 0x7b, 0xff, 0x7b, 0xff, 0x7b, 0xff, 0x7b, 0xff, 0x7b, 0xff, 0x7b, 0xff, 0x7b,
    0xff, 0x7b, 0xff, 0x7b, 0xff, 0x7b, 0xff, 0x7b, 0xff, 0x7b, 0xff, 0x7b, 0xff, 0x7b, 0xff, 0x7b,
    0xff, 0x7b, 0xff, 0x7b, 0xff, 0x7b, 0xff, 0x7b, 0xff, 0x7b, 0xff, 0x9b, 0xff, 0x9b, 0xff, 0x9b,
    0xff, 0x9b, 0xff, 0x9b, 0xff, 0x9b, 0xf7, 0x9c, 0xf7, 0x7c, 0xf7, 0x7c, 0xf7, 0x7b, 0xf7, 0x7b,
    0xf7, 0x7b, 0xf7, 0x7b, 0xf7, 0x7b, 0xf7, 0x7b, 0xe7, 0x1a, 0x7b, 0xad, 0xbd, 0x94, 0xb5, 0x74,
    0x7b, 0xac, 0xac, 0xf2, 0xb5, 0x74, 0xb5, 0x73, 0x94, 0x2f, 0x83, 0x6b, 0xac, 0x4e, 0xd5, 0x73,
    0xee, 0x57, 0xff, 0x3a, 0xff, 0x7b, 0xff, 0x7b, 0xff, 0x7b, 0xff, 0x7b, 0xff, 0x7b, 0xff, 0x7b,
    0xff, 0x7b, 0xff, 0x7b, 0xff, 0x7b, 0xff, 0x7b, 0xff, 0x7b, 0xff, 0x7b, 0xff, 0x7b, 0xff, 0x7b,
    0xff, 0x7b, 0xff, 0x7b, 0xff, 0x7b, 0xff, 0x7b, 0xff, 0x7b, 0xff, 0x7b, 0xff, 0x7b, 0xff, 0x7b,
    0xff, 0x7b, 0xff, 0x7b, 0xff, 0x7b, 0xff, 0x7b, 0xff, 0x7b, 0xff, 0x7b, 0xff, 0x9b, 0xff, 0x9b,
    0xff, 0x9b, 0xff, 0x9b, 0xf7, 0x7c, 0xf7, 0x7c, 0xf7, 0x7c, 0xf7, 0x7b, 0xf7, 0x7b, 0xf7, 0x7b,
    0xf7, 0x7b, 0xf7, 0x7b, 0xf7, 0x7b, 0xe6, 0xd9, 0x7b, 0xad, 0xb5, 0x53, 0x83, 0x8c, 0xa4, 0x90,
    0xac, 0xf1, 0x9c, 0x4f, 0x93, 0xcc, 0xbc, 0xb0, 0xdd, 0x73, 0xe6, 0x15, 0xfe, 0xf9, 0xff, 0x5b,
    0xff, 0x7b, 0xff, 0x7b, 0xff, 0x7b, 0xff, 0x7b, 0xff, 0x7b, 0xff, 0x7b, 0xff, 0x7b, 0xff, 0x7b,
    0xff, 0x7b, 0xff, 0x7b, 0xff, 0x7b, 0xff, 0x7b, 0xff, 0x7b, 0xff, 0x7b, 0xff, 0x7b, 0xff, 0x7b,
    0xff, 0x7b, 0xff, 0x7b, 0xff, 0x7b, 0xff, 0x7b, 0xff, 0x7b, 0xff, 0x7b, 0xff, 0x7b, 0xff, 0x7b,
    0xff, 0x7b, 0xff, 0x7b, 0xff, 0x7b, 0xff, 0x7b, 0xff, 0x7b, 0xff, 0x9b, 0xff, 0x9b, 0xff, 0x9b,
    0xff, 0x9b, 0xf7, 0x9c, 0xf7, 0x7c, 0xf7, 0x7c, 0xf7, 0x7b, 0xf7, 0x7b, 0xf7, 0x7b, 0xf7, 0x7b,
    0xf7, 0x7b, 0xf7, 0x7b, 0xde, 0xb8, 0x83, 0xcd, 0x7b, 0x4b, 0x83, 0x2b, 0xb4, 0x2e, 0xbc, 0x6f,
    0xcc, 0xf1, 0xdd, 0x73, 0xe5, 0xf5, 0xf6, 0xd9, 0xff, 0x5b, 0xff, 0x7b, 0xff, 0x7b, 0xff, 0x7b,
    0xff, 0x7b, 0xff, 0x7b, 0xff, 0x7b, 0xff, 0x7b, 0xff, 0x7b, 0xff, 0x7b, 0xff, 0x7b, 0xff, 0x7b,
    0xff, 0x7b, 0xff, 0x7b, 0xff, 0x7b, 0xff, 0x7b, 0xff, 0x7b, 0xff, 0x7b, 0xff, 0x7b, 0xff, 0x7b,
    0xff, 0x7b, 0xff, 0x7b, 0xff, 0x7b, 0xff, 0x7b, 0xff, 0x7b, 0xff, 0x7b, 0xff, 0x7b, 0xff, 0x7b,
    0xff, 0x7b, 0xff, 0x7b, 0xff, 0x7b, 0xff, 0x7b, 0xff, 0x9b, 0xff, 0x9b, 0xff, 0x9b, 0xff, 0x9b,
    0xf7, 0x9c, 0xf7, 0x7c, 0xf7, 0x7c, 0xf7, 0x7b, 0xf7, 0x7b, 0xf7, 0x7b, 0xf7, 0x7b, 0xf7, 0x7b,
    0xf7, 0x7b, 0xd6, 0x78, 0x62, 0x67, 0x9b, 0xcd, 0xd5, 0x32, 0xdd, 0x32, 0xe5, 0xd5, 0xf6, 0x98,
    0xff, 0x19, 0xff, 0x5b, 0xff, 0x7b, 0xff, 0x7b, 0xff, 0x7b, 0xff, 0x7b, 0xff, 0x7b, 0xff, 0x7b,
    0xff, 0x7b, 0xff, 0x7b, 0xff, 0x7b, 0xff, 0x7b, 0xff, 0x7b, 0xff, 0x7b, 0xff, 0x7b, 0xff, 0x7b,
    0xff, 0x7b, 0xff, 0x7b, 0xff, 0x7b, 0xff, 0x7b, 0xff, 0x7b, 0xff, 0x7b, 0xff, 0x7b, 0xff, 0x7b,
    0xff, 0x7b, 0xff, 0x7b, 0xff, 0x7b, 0xff, 0x7b, 0xff, 0x7b, 0xff, 0x7b, 0xff, 0x7b, 0xff, 0x7b,
    0xff, 0x7b, 0xff, 0x7b, 0xff, 0x7b, 0xff, 0x9b, 0xff, 0x9b, 0xff, 0x9b, 0xff, 0x9b, 0xf7, 0x7c,
    0xf7, 0x7b, 0xf7, 0x7c, 0xf7, 0x7b, 0xf7, 0x7b, 0xf7, 0x7b, 0xf7, 0x7b, 0xf7, 0x7b, 0xf7, 0x7b,
    0xd6, 0x37, 0x8b, 0x6b, 0xd5, 0x12, 0xdd, 0x32, 0xdd, 0x94, 0xff, 0x3a, 0xff, 0x7b, 0xff, 0x7b,
    0xff, 0x7b, 0xff, 0x7b, 0xff, 0x7b, 0xff, 0x7b, 0xff, 0x7b, 0xff, 0x7b, 0xff, 0x7b, 0xff, 0x7b,
    0xff, 0x7b, 0xff, 0x7b, 0xff, 0x7b, 0xff, 0x7b, 0xff, 0x7b, 0xff, 0x7b, 0xff, 0x7b, 0xff, 0x7b,
    0xff, 0x7b, 0xff, 0x7b, 0xff, 0x7b, 0xff, 0x7b, 0xff, 0x7b, 0xff, 0x7b, 0xff, 0x7b, 0xff, 0x7b,
    0xff, 0x7b, 0xff, 0x7b, 0xff, 0x7b, 0xff, 0x7b, 0xff, 0x7b, 0xff, 0x7b, 0xff, 0x7b, 0xff, 0x7b,
    0xff, 0x7b, 0xff, 0x7b, 0xff, 0x7b, 0xff, 0x9b, 0xff, 0x9b, 0xff, 0x9c, 0xf7, 0x9c, 0xf7, 0x7b,
    0xf7, 0x7b, 0xf7, 0x7b, 0xf7, 0x5b, 0xf7, 0x7b, 0xf7, 0x7b, 0xf7, 0x7b, 0xf7, 0x7b, 0xcd, 0xf6,
    0x9b, 0xad, 0xdd, 0x12, 0xdd, 0x52, 0xee, 0x97, 0xff, 0x7b, 0xff, 0x7b, 0xff, 0x7b, 0xff, 0x7b,
    0xff, 0x7b, 0xff, 0x7b, 0xff, 0x7b, 0xff, 0x7b, 0xff, 0x7b, 0xff, 0x7b, 0xff, 0x7b, 0xff, 0x7b,
    0xff, 0x7b, 0xff, 0x7b, 0xff, 0x7b, 0xff, 0x7b, 0xff, 0x7b, 0xff, 0x7b, 0xff, 0x7b, 0xff, 0x7b,
    0xff, 0x7b, 0xff, 0x7b, 0xff, 0x7b, 0xff, 0x7b, 0xff, 0x7b, 0xff, 0x7b, 0xff, 0x7b, 0xff, 0x7b,
    0xff, 0x7b, 0xff, 0x7b, 0xff, 0x7b, 0xff, 0x7b, 0xff, 0x7b, 0xff, 0x7b, 0xff, 0x7b, 0xff, 0x7b,
    0xff, 0x7b, 0xff, 0x7b, 0xff, 0x9b, 0xff, 0x9b, 0xff, 0x9c, 0xf7, 0x7c, 0xf7, 0x7c, 0xf7, 0x7b,
    0xf7, 0x7b, 0xf7, 0x5b, 0xf7, 0x7b, 0xf7, 0x7b, 0xf7, 0x7c, 0xf7, 0x7b, 0xc5, 0xd5, 0xa3, 0xcd,
    0xdd, 0x32, 0xdd, 0xb4, 0xff, 0x5a, 0xff, 0x7b, 0xff, 0x7b, 0xff, 0x7b, 0xff, 0x7b, 0xff, 0x7b,
    0xff, 0x7b, 0xff, 0x7b, 0xff, 0x7b, 0xff, 0x7b, 0xff, 0x7b, 0xff, 0x7b, 0xff, 0x7b, 0xff, 0x7b,
    0xff, 0x7b, 0xff, 0x7b, 0xff, 0x7b, 0xff, 0x7b, 0xff, 0x7b, 0xff, 0x7b, 0xff, 0x7b, 0xff, 0x7b,
    0xff, 0x7b, 0xff, 0x7b, 0xff, 0x7b, 0xff, 0x5b, 0xff, 0x5b, 0xff, 0x7b, 0xff, 0x7b, 0xff, 0x7b,
    0xff, 0x7b, 0xff, 0x7b, 0xff, 0x7b, 0xff, 0x7b, 0xff, 0x7b, 0xff, 0x7b, 0xff, 0x7b, 0xff, 0x7b,
    0xff, 0x7b, 0xff, 0x9b, 0xff, 0x9b, 0xff, 0x9c, 0xf7, 0x7c, 0xf7, 0x7c, 0xf7, 0x7b, 0xf7, 0x5b,
    0xef, 0x5b, 0xf7, 0x7b, 0xf7, 0x7b, 0xf7, 0x7b, 0xf7, 0x7b, 0xc5, 0xd5, 0xa3, 0xcd, 0xdd, 0x32,
    0xee, 0x97, 0xff, 0x7b, 0xff, 0x7b, 0xff, 0x7b, 0xff, 0x7b, 0xff, 0x7b, 0xff, 0x7b, 0xff, 0x7b,
    0xff, 0x7b, 0xff, 0x7b, 0xff, 0x7b, 0xff, 0x7b, 0xff, 0x7b, 0xff, 0x7b, 0xff, 0x7b, 0xff, 0x7b,
    0xff, 0x7b, 0xff, 0x7b, 0xff, 0x5b, 0xff, 0x5a, 0xf7, 0x3a, 0xde, 0x77, 0xf7, 0x3a, 0xf7, 0x1a,
    0xe6, 0x97, 0xde, 0x36, 0xd5, 0xb4, 0xc5, 0x52, 0xcd, 0x32, 0xe6, 0x16, 0xf6, 0x98, 0xfe, 0xf9,
    0xff, 0x5a, 0xff, 0x7b, 0xff, 0x7b, 0xff, 0x7b, 0xff, 0x7b, 0xff, 0x7b, 0xff, 0x7b, 0xff, 0x7b,
    0xff, 0x9b, 0xff, 0x9b, 0xff, 0x9c, 0xf7, 0x9c, 0xf7, 0x7c, 0xf7, 0x7b, 0xef, 0x5b, 0xef, 0x5b,
    0xf7, 0x7b, 0xf7, 0x7b, 0xf7, 0x7b, 0xf7, 0x7b, 0xc5, 0xd5, 0xa3, 0xcd, 0xdd, 0x93, 0xff, 0x3a,
    0xff, 0x7b, 0xff, 0x7b, 0xff, 0x7b, 0xff, 0x7b, 0xff, 0x7b, 0xff, 0x7b, 0xff, 0x7b, 0xff, 0x7b,
    0xff, 0x7b, 0xff, 0x7b, 0xff, 0x7b, 0xff, 0x7b, 0xff, 0x7b, 0xff, 0x7b, 0xff, 0x5b, 0xf7, 0x3a,
    0xf7, 0x39, 0xf7, 0x3a, 0xf7, 0x3a, 0xf7, 0x3a, 0x62, 0x88, 0xbd, 0x53, 0xff, 0x5b, 0xff, 0x7b,
    0xff, 0x7b, 0xff, 0x5b, 0xf7, 0x19, 0xde, 0x16, 0xb4, 0x90, 0x9b, 0xac, 0xbc, 0xb0, 0xe5, 0xd5,
    0xf6, 0xd8, 0xff, 0x7b, 0xff, 0x7b, 0xff, 0x7b, 0xff, 0x7b, 0xff, 0x7b, 0xff, 0x7b, 0xff, 0x9b,
    0xff, 0x9b, 0xff, 0x9b, 0xf7, 0x7c, 0xf7, 0x7c, 0xf7, 0x7b, 0xef, 0x5b, 0xef, 0x5b, 0xf7, 0x7b,
    0xf7, 0x7b, 0xf7, 0x7b, 0xf7, 0x7b, 0xc5, 0xd5, 0xa3, 0xed, 0xe6, 0x15, 0xff, 0x7b, 0xff, 0x7b,
    0xff, 0x7b, 0xff, 0x7b, 0xff, 0x7b, 0xff, 0x7b, 0xff, 0x7b, 0xff, 0x7b, 0xff, 0x7b, 0xff, 0x7b,
    0xff, 0x7b, 0xff, 0x7b, 0xff, 0x7b, 0xff, 0x7b, 0xff, 0x7b, 0xff, 0x7b, 0xff, 0x7b, 0xff, 0x7b,
    0xff, 0x7b, 0xff, 0x5a, 0xd6, 0x16, 0x31, 0x03, 0x41, 0xa5, 0xde, 0x57, 0xf7, 0x5b, 0xff, 0x7b,
    0xff, 0x7b, 0xff, 0x7b, 0xff, 0x5b, 0xff, 0x5b, 0xf6, 0xd9, 0xb4, 0xb0, 0x9b, 0x8c, 0xd5, 0x52,
    0xee, 0xb8, 0xff, 0x7b, 0xff, 0x7b, 0xff, 0x7b, 0xff, 0x7b, 0xff, 0x7b, 0xff, 0x9b, 0xff, 0x9b,
    0xff, 0x9b, 0xf7, 0x9c, 0xf7, 0x7c, 0xf7, 0x7b, 0xef, 0x5b, 0xef, 0x5b, 0xf7, 0x7b, 0xf7, 0x7b,
    0xf7, 0x7b, 0xf7, 0x7b, 0xc5, 0xd5, 0xa3, 0xed, 0xf6, 0x98, 0xff, 0x7b, 0xff, 0x7b, 0xff, 0x7b,
    0xff, 0x7b, 0xff, 0x7b, 0xff, 0x7b, 0xff, 0x7b, 0xff, 0x7b, 0xff, 0x7b, 0xff, 0x7b, 0xff, 0x7b,
    0xff, 0x7b, 0xff, 0x7b, 0xff, 0x7b, 0xff, 0x7b, 0xff, 0x5b, 0xf7, 0x3a, 0xd6, 0x16, 0x9c, 0x0e,
    0x5a, 0x07, 0x30, 0xa2, 0x20, 0x20, 0x18, 0x20, 0x28, 0x81, 0x5a, 0x27, 0x9c, 0x4f, 0xe6, 0x77,
    0xff, 0x3a, 0xff, 0x5a, 0xff, 0x5a, 0xff, 0x5a, 0xff, 0x3a, 0xe6, 0x16, 0xb4, 0x4f, 0xdd, 0xb4,
    0xff, 0x3a, 0xff, 0x7b, 0xff, 0x7b, 0xff, 0x7b, 0xff, 0x7b, 0xff, 0x9b, 0xff, 0x9b, 0xff, 0x9b,
    0xf7, 0x9c, 0xf7, 0x7c, 0xf7, 0x7b, 0xef, 0x3a, 0xef, 0x3a, 0xf7, 0x7b, 0xf7, 0x7b, 0xf7, 0x7b,
    0xf7, 0x7b, 0xc5, 0xb4, 0xa4, 0x0e, 0xff, 0x19, 0xff, 0x7b, 0xff, 0x7b, 0xff, 0x7b, 0xff, 0x7b,
    0xff, 0x7b, 0xff, 0x7b, 0xff, 0x7b, 0xff, 0x7b, 0xff, 0x7b, 0xff, 0x7b, 0xff, 0x5b, 0xff, 0x5b,
    0xff, 0x5b, 0xf7, 0x3a, 0xde, 0x37, 0x9c, 0x2f, 0x51, 0xe6, 0x28, 0xa1, 0x28, 0x61, 0x28, 0x61,
    0x28, 0x41, 0x28, 0x20, 0x20, 0x20, 0x20, 0x20, 0x20, 0x40, 0x20, 0x40, 0x30, 0xc2, 0x7b, 0x2b,
    0xde, 0x36, 0xff, 0x3a, 0xff, 0x3a, 0xff, 0x3a, 0xff, 0x5a, 0xfe, 0xf9, 0xdd, 0xf5, 0xff, 0x3a,
    0xff, 0x7b, 0xff, 0x7b, 0xff, 0x7b, 0xff, 0x7b, 0xff, 0x7b, 0xff, 0x9b, 0xff, 0x9b, 0xf7, 0x7c,
    0xf7, 0x7c, 0xf7, 0x7b, 0xef, 0x3a, 0xef, 0x3a, 0xf7, 0x7b, 0xf7, 0x7b, 0xf7, 0x7b, 0xf7, 0x7b,
    0xc5, 0x94, 0xac, 0x4f, 0xff, 0x5a, 0xff, 0x7b, 0xff, 0x7b, 0xff, 0x5b, 0xe6, 0x77, 0xc5, 0x73,
    0x9c, 0x6f, 0xd6, 0x36, 0xf6, 0xfa, 0xf7, 0x1a, 0xee, 0xb8, 0xcd, 0xb5, 0xa4, 0x90, 0x72, 0xea,
    0x41, 0x64, 0x20, 0x60, 0x20, 0x40, 0x20, 0x40, 0x28, 0x41, 0x28, 0x41, 0x28, 0x61, 0x28, 0x41,
    0x28, 0x41, 0x28, 0x41, 0x28, 0x41, 0x28, 0x41, 0x28, 0x41, 0x28, 0x41, 0x20, 0x40, 0x28, 0x81,
    0x7b, 0x0b, 0xe6, 0x78, 0xff, 0x3a, 0xff, 0x5a, 0xff, 0x5a, 0xff, 0x7b, 0xff, 0x7b, 0xff, 0x7b,
    0xff, 0x7b, 0xff, 0x7b, 0xff, 0x7b, 0xff, 0x7b, 0xff, 0x7b, 0xff, 0x9b, 0xf7, 0x9c, 0xf7, 0x7b,
    0xf7, 0x7b, 0xef, 0x3a, 0xef, 0x3a, 0xf7, 0x7b, 0xf7, 0x7b, 0xf7, 0x7b, 0xf7, 0x7b, 0xbd, 0x94,
    0xb4, 0xb0, 0xff, 0x5b, 0xff, 0x7b, 0xff, 0x7b, 0xff, 0x7b, 0xf7, 0x19, 0xc5, 0x53, 0x39, 0x23,
    0x20, 0x61, 0x20, 0x81, 0x28, 0x81, 0x20, 0x60, 0x20, 0x40, 0x20, 0x40, 0x20, 0x40, 0x20, 0x40,
    0x20, 0x40, 0x28, 0x40, 0x28, 0x41, 0x30, 0x41, 0x30, 0x61, 0x28, 0x61, 0x28, 0x41, 0x28, 0x41,
    0x28, 0x41, 0x28, 0x41, 0x28, 0x41, 0x28, 0x41, 0x30, 0x41, 0x30, 0x41, 0x28, 0x41, 0x28, 0x61,
    0x41, 0x23, 0xb4, 0xd1, 0xfe, 0xf9, 0xff, 0x5a, 0xff, 0x7b, 0xff, 0x7b, 0xff, 0x7b, 0xff, 0x7b,
    0xff, 0x7b, 0xff, 0x7b, 0xff, 0x7b, 0xff, 0x9b, 0xff, 0x9b, 0xf7, 0x7c, 0xf7, 0x7b, 0xf7, 0x7b,
    0xef, 0x1a, 0xe7, 0x1a, 0xf7, 0x7b, 0xf7, 0x7b, 0xf7, 0x7b, 0xf7, 0x7b, 0xc5, 0x94, 0xbd, 0x12,
    0xff, 0x7b, 0xff, 0x7b, 0xff, 0x7b, 0xff, 0x7b, 0xff, 0x7b, 0xff, 0x7b, 0xd6, 0x16, 0x49, 0x85,
    0x20, 0x40, 0x20, 0x40, 0x20, 0x40, 0x20, 0x40, 0x20, 0x40, 0x28, 0x40, 0x28, 0x40, 0x28, 0x41,
    0x28, 0x41, 0x28, 0x41, 0x28, 0x61, 0x28, 0xa3, 0x31, 0x25, 0x31, 0x24, 0x30, 0xc3, 0x28, 0x81,
    0x20, 0x60, 0x20, 0x40, 0x20, 0x20, 0x28, 0x20, 0x28, 0x41, 0x30, 0x41, 0x30, 0x41, 0x38, 0x81,
    0x59, 0x65, 0x93, 0x6c, 0xee, 0xb8, 0xff, 0x5b, 0xff, 0x7b, 0xff, 0x7b, 0xff, 0x7b, 0xff, 0x7b,
    0xff, 0x7b, 0xff, 0x7b, 0xff, 0x7b, 0xff, 0x9b, 0xf7, 0x7c, 0xf7, 0x7b, 0xf7, 0x7b, 0xe7, 0x1a,
    0xe6, 0xf9, 0xf7, 0x7b, 0xf7, 0x7b, 0xf7, 0x7b, 0xf7, 0x7b, 0xc5, 0xb4, 0xc5, 0x53, 0xff, 0x7b,
    0xff, 0x7b, 0xff, 0x7b, 0xff, 0x7b, 0xff, 0x7b, 0xff, 0x7b, 0xff, 0x5b, 0xee, 0xb9, 0x51, 0xa6,
    0x20, 0x40, 0x20, 0x20, 0x20, 0x20, 0x28, 0x40, 0x30, 0x61, 0x28, 0x61, 0x20, 0x61, 0x31, 0x04,
    0x62, 0x8a, 0x73, 0x4d, 0x5a, 0x49, 0x39, 0x44, 0x30, 0xc2, 0x30, 0xa1, 0x38, 0xa1, 0x38, 0xa1,
    0x30, 0xa1, 0x30, 0xa1, 0x28, 0x60, 0x28, 0x40, 0x28, 0x41, 0x30, 0x41, 0x38, 0x41, 0x48, 0xc3,
    0x9b, 0xad, 0x93, 0xad, 0xee, 0xb8, 0xff, 0x7b, 0xff, 0x7b, 0xff, 0x7b, 0xff, 0x7b, 0xff, 0x7b,
    0xff, 0x7b, 0xff, 0x7b, 0xff, 0x9b, 0xf7, 0x7c, 0xf7, 0x7b, 0xf7, 0x7b, 0xe6, 0xf9, 0xde, 0xd9,
    0xf7, 0x7b, 0xf7, 0x7b, 0xf7, 0x7b, 0xf7, 0x7b, 0xc5, 0xd5, 0xc5, 0x94, 0xff, 0x7b, 0xff, 0x7b,
    0xff, 0x7b, 0xff, 0x7b, 0xff, 0x7b, 0xff, 0x7b, 0xf7, 0x5a, 0xa4, 0x90, 0x28, 0xa1, 0x20, 0x20,
    0x28, 0x61, 0x28, 0x61, 0x28, 0x61, 0x20, 0x41, 0x41, 0x86, 0x8b, 0xef, 0xad, 0x14, 0x62, 0xaa,
    0x28, 0x81, 0x30, 0xa1, 0x49, 0x01, 0x51, 0x62, 0x51, 0x82, 0x59, 0x82, 0x51, 0x83, 0x8b, 0xac,
    0xd6, 0x37, 0xa4, 0x91, 0x41, 0x23, 0x28, 0x61, 0x38, 0xe4, 0x38, 0xa2, 0x38, 0x61, 0x51, 0x44,
    0xbc, 0xd2, 0xbc, 0xf1, 0xee, 0xf9, 0xff, 0x7b, 0xff, 0x7b, 0xff, 0x7b, 0xff, 0x7b, 0xff, 0x7b,
    0xff, 0x7b, 0xff, 0x9b, 0xf7, 0x7c, 0xf7, 0x7b, 0xf7, 0x7b, 0xe6, 0xf9, 0xde, 0xb8, 0xf7, 0x7b,
    0xf7, 0x7b, 0xf7, 0x7b, 0xf7, 0x7b, 0xcd, 0xf5, 0xc5, 0xb4, 0xff, 0x7b, 0xff, 0x7b, 0xff, 0x7b,
    0xff, 0x7b, 0xff, 0x5b, 0xf6, 0xfa, 0x72, 0xca, 0x20, 0x40, 0x18, 0x20, 0x28, 0x41, 0x28, 0x41,
    0x20, 0x20, 0x28, 0xa2, 0x7b, 0x8e, 0xbd, 0x96, 0xb5, 0x55, 0x49, 0xa6, 0x28, 0x80, 0x51, 0x62,
    0x61, 0xc3, 0x61, 0xe3, 0x61, 0xe3, 0x61, 0xe3, 0x61, 0xe3, 0x6a, 0x86, 0xff, 0x9d, 0xff, 0xff,
    0xff, 0xff, 0xb5, 0x53, 0x49, 0x42, 0x20, 0x60, 0x62, 0x49, 0x51, 0x65, 0x38, 0x82, 0x6a, 0x07,
    0xe5, 0xf5, 0xde, 0x36, 0xff, 0x5a, 0xff, 0x7b, 0xff, 0x7b, 0xff, 0x7b, 0xff, 0x7b, 0xff, 0x7b,
    0xff, 0x9b, 0xf7, 0x7b, 0xf7, 0x7b, 0xf7, 0x7b, 0xe6, 0xd9, 0xde, 0x98, 0xf7, 0x7b, 0xf7, 0x7b,
    0xf7, 0x7b, 0xf7, 0x7b, 0xce, 0x36, 0xc5, 0xb4, 0xff, 0x7b, 0xff, 0x7b, 0xff, 0x7b, 0xff, 0x5b,
    0xcd, 0xb4, 0x51, 0xc6, 0x20, 0x40, 0x20, 0x40, 0x20, 0x40, 0x28, 0x20, 0x20, 0x40, 0x41, 0x65,
    0xad, 0x13, 0xc5, 0xd6, 0xbd, 0x96, 0x5a, 0x69, 0x30, 0x81, 0x61, 0xc3, 0x6a, 0x04, 0x6a, 0x04,
    0x69, 0xe4, 0x6a, 0x04, 0x6a, 0x04, 0x6a, 0x04, 0x7a, 0xa7, 0xff, 0xdd, 0xff, 0xff, 0xff, 0xff,
    0xd6, 0x37, 0x72, 0x45, 0x59, 0x83, 0x20, 0x60, 0x83, 0x8e, 0x6a, 0x28, 0x59, 0x85, 0xa3, 0xad,
    0xee, 0x98, 0xff, 0x5a, 0xff, 0x7b, 0xff, 0x7b, 0xff, 0x7b, 0xff, 0x7b, 0xff, 0x7b, 0xff, 0x9b,
    0xf7, 0x7b, 0xf7, 0x7b, 0xf7, 0x7b, 0xe6, 0xd9, 0xd6, 0x98, 0xf7, 0x7b, 0xf7, 0x7b, 0xf7, 0x7b,
    0xf7, 0x7b, 0xd6, 0x57, 0xb5, 0x32, 0xe6, 0xb8, 0xd5, 0xf6, 0x9c, 0x6f, 0x51, 0xe6, 0x20, 0x60,
    0x20, 0x40, 0x28, 0x40, 0x28, 0x41, 0x28, 0x40, 0x20, 0x40, 0x51, 0xe7, 0xb5, 0x75, 0xbd, 0xd6,
    0xbd, 0xb6, 0x94, 0x30, 0x20, 0x61, 0x51, 0x42, 0x6a, 0x03, 0x6a, 0x04, 0x6a, 0x04, 0x6a, 0x04,
    0x6a, 0x04, 0x6a, 0x04, 0x6a, 0x04, 0x6a, 0x25, 0xb5, 0x11, 0xf7, 0x7c, 0xf7, 0x5c, 0x93, 0xcc,
    0x72, 0x24, 0x72, 0x04, 0x51, 0x63, 0x28, 0xa2, 0xac, 0xb2, 0x9b, 0xcd, 0x82, 0xa9, 0xcd, 0x73,
    0xff, 0x5a, 0xff, 0x7b, 0xff, 0x7b, 0xff, 0x7b, 0xff, 0x7b, 0xff, 0x7b, 0xff, 0x9b, 0xf7, 0x7b,
    0xf7, 0x7b, 0xf7, 0x7b, 0xde, 0xd9, 0xd6, 0x98, 0xf7, 0x7b, 0xf7, 0x7b, 0xf7, 0x7b, 0xf7, 0x7b,
    0xde, 0xb9, 0x83, 0xac, 0x51, 0xc5, 0x28, 0x80, 0x20, 0x40, 0x20, 0x20, 0x28, 0x40, 0x28, 0x41,
    0x28, 0x40, 0x28, 0x41, 0x20, 0x41, 0x52, 0x28, 0xbd, 0x95, 0xc5, 0xd7, 0xbd, 0xd6, 0xbd, 0xb6,
    0x83, 0xef, 0xa4, 0xb2, 0xac, 0xb1, 0x7a, 0xc8, 0x6a, 0x04, 0x6a, 0x04, 0x6a, 0x04, 0x6a, 0x04,
    0x6a, 0x04, 0x6a, 0x04, 0x6a, 0x24, 0x72, 0x25, 0x72, 0x87, 0x72, 0x86, 0x6a, 0x24, 0x6a, 0x04,
    0x72, 0x04, 0x72, 0x04, 0x40, 0xe2, 0x52, 0x08, 0xcd, 0xd6, 0xbc, 0xb1, 0xac, 0x4f, 0xf6, 0xf9,
    0xff, 0x7b, 0xff, 0x7b, 0xff, 0x7b, 0xff, 0x7b, 0xff, 0x7b, 0xff, 0x9b, 0xf7, 0x7b, 0xf7, 0x7b,
    0xf7, 0x7b, 0xde, 0xb8, 0xd6, 0x77, 0xf7, 0x7b, 0xf7, 0x7b, 0xf7, 0x7b, 0xf7, 0x7b, 0xe6, 0xd9,
    0xac, 0xf1, 0xf6, 0xfa, 0xc5, 0x74, 0x8b, 0x8c, 0x41, 0x44, 0x28, 0x20, 0x28, 0x40, 0x28, 0x40,
    0x20, 0x40, 0x51, 0xe7, 0xbd, 0x96, 0xc5, 0xf7, 0xc5, 0xd7, 0xc5, 0xd7, 0xde, 0xba, 0xff, 0xdf,
    0xff, 0xff, 0xff, 0xff, 0xef, 0x3c, 0x82, 0xe9, 0x6a, 0x04, 0x6a, 0x04, 0x6a, 0x04, 0x6a, 0x04,
    0x6a, 0x04, 0x6a, 0x04, 0x72, 0x04, 0x6a, 0x04, 0x6a, 0x04, 0x6a, 0x04, 0x6a, 0x04, 0x6a, 0x04,
    0x72, 0x04, 0x61, 0xc4, 0x30, 0xa1, 0xbd, 0x75, 0xd6, 0x17, 0xd5, 0xb4, 0xe6, 0x77, 0xff, 0x7b,
    0xff, 0x7b, 0xff, 0x7b, 0xff, 0x7b, 0xff, 0x7b, 0xff, 0x9b, 0xf7, 0x7b, 0xf7, 0x7b, 0xf7, 0x7b,
    0xde, 0xb8, 0xce, 0x57, 0xf7, 0x7b, 0xf7, 0x7b, 0xf7, 0x7b, 0xf7, 0x7b, 0xef, 0x1a, 0xa4, 0xd1,
    0xff, 0x7b, 0xff, 0x9b, 0xff, 0x5b, 0x72, 0xea, 0x28, 0x40, 0x28, 0x40, 0x28, 0x41, 0x30, 0xe3,
    0xad, 0x13, 0xc5, 0xf7, 0xc5, 0xf7, 0xc5, 0xd7, 0xc6, 0x38, 0xff, 0xdf, 0xff, 0xff, 0xff, 0xff,
    0xff, 0xff, 0xff, 0xff, 0x9b, 0xed, 0x6a, 0x04, 0x6a, 0x04, 0x6a, 0x04, 0x6a, 0x03, 0x6a, 0x03,
    0x69, 0xe3, 0x69, 0xe3, 0x6a, 0x04, 0x6a, 0x04, 0x6a, 0x04, 0x6a, 0x04, 0x6a, 0x04, 0x6a, 0x03,
    0x72, 0x04, 0x41, 0x02, 0x8b, 0xcf, 0xef, 0x3b, 0xe6, 0x77, 0xee, 0xd8, 0xff, 0x7b, 0xff, 0x7b,
    0xff, 0x7b, 0xff, 0x7b, 0xff, 0x7b, 0xff, 0x9b, 0xf7, 0x7b, 0xf7, 0x7b, 0xf7, 0x7b, 0xde, 0xb8,
    0xc6, 0x16, 0xf7, 0x7b, 0xf7, 0x7b, 0xf7, 0x7b, 0xf7, 0x7b, 0xef, 0x3b, 0xa4, 0xd1, 0xff, 0x7b,
    0xff, 0x7b, 0xe6, 0xb8, 0x39, 0x03, 0x28, 0x40, 0x28, 0x40, 0x28, 0x61, 0x8b, 0xce, 0xc5, 0xf7,
    0xc5, 0xf7, 0xc5, 0xf7, 0xc5, 0xf7, 0xce, 0x59, 0xff, 0xff, 0xff, 0xff, 0xff, 0xff, 0xff, 0xff,
    0xff, 0xbe, 0x83, 0x29, 0x6a, 0x04, 0x61, 0xe3, 0x61, 0xa3, 0x61, 0xa2, 0x59, 0x61, 0x51, 0x41,
    0x59, 0xa3, 0x59, 0x82, 0x61, 0xa2, 0x61, 0xc3, 0x69, 0xe3, 0x6a, 0x04, 0x72, 0x24, 0x72, 0x24,
    0x59, 0xa3, 0x5a, 0x49, 0xff, 0xde, 0xff, 0x7b, 0xf7, 0x1a, 0xff, 0x7b, 0xff, 0x7b, 0xff, 0x7b,
    0xff, 0x7b, 0xff, 0x7b, 0xff, 0x7b, 0xf7, 0x7b, 0xf7, 0x7b, 0xf7, 0x7b, 0xde, 0xd9, 0xbd, 0xb4,
    0xf7, 0x5b, 0xf7, 0x7b, 0xf7, 0x7b, 0xf7, 0x7b, 0xf7, 0x5b, 0xa4, 0xd0, 0xff, 0x5a, 0xff, 0x5b,
    0xa4, 0x50, 0x20, 0x40, 0x28, 0x40, 0x30, 0x41, 0x51, 0xe7, 0xc5, 0xb6, 0xc5, 0xf7, 0xc5, 0xf7,
    0xc5, 0xf7, 0xc5, 0xf7, 0xbd, 0xb6, 0xd6, 0x99, 0xff, 0xff, 0xff, 0xff, 0xff, 0xdf, 0xbd, 0x53,
    0x62, 0x04, 0x59, 0x82, 0x59, 0x62, 0x59, 0x62, 0x61, 0xa3, 0x49, 0x20, 0x49, 0x20, 0x51, 0x41,
    0x59, 0xa2, 0x59, 0x82, 0x59, 0x82, 0x59, 0x82, 0x59, 0x83, 0x61, 0xc2, 0x69, 0xe3, 0x61, 0xe4,
    0x39, 0x44, 0xf7, 0x7d, 0xff, 0xbd, 0xff, 0x7b, 0xff, 0x7b, 0xff, 0x7b, 0xff, 0x7b, 0xff, 0x7b,
    0xff, 0x7b, 0xff, 0x9b, 0xf7, 0x7b, 0xf7, 0x7b, 0xf7, 0x7b, 0xe6, 0xf9, 0xb5, 0x53, 0xef, 0x3b,
    0xf7, 0x7b, 0xf7, 0x7b, 0xf7, 0x7b, 0xf7, 0x5b, 0xa4, 0xb0, 0xf7, 0x3a, 0xe6, 0x77, 0x39, 0x23,
    0x28, 0x40, 0x30, 0x40, 0x28, 0x61, 0x9c, 0x71, 0xc5, 0xf7, 0xc5, 0xf7, 0xc5, 0xf7, 0xc5, 0xf7,
    0xc5, 0xf7, 0xad, 0x55, 0x31, 0x44, 0xbd, 0x53, 0xc5, 0xb4, 0x93, 0xed, 0x59, 0xc3, 0x59, 0x82,
    0x59, 0x62, 0x59, 0x62, 0x59, 0x82, 0x59, 0x82, 0x41, 0x00, 0x41, 0x00, 0x41, 0x00, 0x61, 0xc3,
    0x59, 0x82, 0x59, 0x82, 0x59, 0x82, 0x59, 0x82, 0x59, 0xa2, 0x59, 0xa2, 0x59, 0x83, 0x28, 0xa2,
    0xe6, 0xfb, 0xff, 0xde, 0xff, 0x7b, 0xff, 0x7b, 0xff, 0x7b, 0xff, 0x7b, 0xff, 0x7b, 0xff, 0x7b,
    0xff, 0x9b, 0xf7, 0x7b, 0xf7, 0x7b, 0xf7, 0x7b, 0xef, 0x1a, 0xa5, 0x12, 0xe6, 0xf9, 0xf7, 0x5b,
    0xf7, 0x7b, 0xf7, 0x5b, 0xf7, 0x3b, 0xac, 0xd1, 0xde, 0x16, 0x51, 0xc6, 0x20, 0x40, 0x28, 0x40,
    0x30, 0x41, 0x49, 0x45, 0xbd, 0xb6, 0xc5, 0xf7, 0xc5, 0xf7, 0xc5, 0xf7, 0xc5, 0xf7, 0xc5, 0xf7,
    0xa4, 0xf3, 0x18, 0x40, 0x49, 0x42, 0x59, 0x82, 0x59, 0x82, 0x59, 0x82, 0x59, 0x82, 0x59, 0x62,
    0x59, 0x82, 0x61, 0xc2, 0x59, 0xa2, 0x41, 0x00, 0x41, 0x20, 0x41, 0x00, 0x69, 0xe3, 0x69, 0xe2,
    0x69, 0xc2, 0x61, 0xc2, 0x61, 0xa2, 0x59, 0xa2, 0x59, 0xa2, 0x59, 0x82, 0x20, 0x81, 0xd6, 0x79,
    0xff, 0xde, 0xff, 0x7b, 0xff, 0x7b, 0xff, 0x7b, 0xff, 0x7b, 0xff, 0x7b, 0xff, 0x7b, 0xff, 0x9b,
    0xf7, 0x7b, 0xf7, 0x7b, 0xf7, 0x7b, 0xef, 0x3a, 0xad, 0x33, 0xce, 0x36, 0xef, 0x5b, 0xef, 0x3a,
    0xce, 0x57, 0xbd, 0xb5, 0x6a, 0xca, 0x38, 0xc3, 0x28, 0x40, 0x30, 0x41, 0x38, 0x41, 0x38, 0x61,
    0x6a, 0xaa, 0xc5, 0xd6, 0xc5, 0xf7, 0xc5, 0xf7, 0xc5, 0xf7, 0xc5, 0xf7, 0xd6, 0x79, 0xc5, 0xd7,
    0x18, 0x40, 0x49, 0x22, 0x59, 0x62, 0x59, 0x82, 0x59, 0x82, 0x59, 0x82, 0x61, 0xa2, 0x69, 0xc2,
    0x71, 0xe3, 0x61, 0xc2, 0x41, 0x00, 0x41, 0x01, 0x41, 0x00, 0x69, 0xe2, 0x82, 0x64, 0x82, 0x84,
    0x7a, 0x23, 0x69, 0xe3, 0x61, 0xa2, 0x61, 0xa2, 0x51, 0x82, 0x20, 0x60, 0xc5, 0xf7, 0xff, 0xde,
    0xff, 0x7b, 0xff, 0x7b, 0xff, 0x7b, 0xff, 0x7b, 0xff, 0x7b, 0xff, 0x7b, 0xff, 0x9b, 0xf7, 0x7b,
    0xf7, 0x7b, 0xf7, 0x7b, 0xef, 0x5b, 0xb5, 0x94, 0xb5, 0x53, 0xf7, 0x5b, 0xef, 0x3a, 0x8c, 0x0f,
    0x31, 0x23, 0x28, 0x81, 0x30, 0x41, 0x38, 0x61, 0x40, 0x62, 0x40, 0x62, 0x40, 0x62, 0x83, 0x6e,
    0xc5, 0xd7, 0xc5, 0xf7, 0xc5, 0xf7, 0xc6, 0x18, 0xe6, 0xfb, 0xff, 0xdf, 0xde, 0xda, 0x18, 0x61,
    0x49, 0x02, 0x59, 0x62, 0x59, 0x82, 0x59, 0x82, 0x61, 0xc2, 0x6a, 0x02, 0x69, 0xe2, 0x7a, 0x23,
    0x82, 0xc5, 0x41, 0x00, 0x41, 0x01, 0x41, 0x00, 0x72, 0x03, 0x92, 0xa4, 0x9a, 0xe5, 0x92, 0xe5,
    0x7a, 0x23, 0x69, 0xe3, 0x61, 0xa2, 0x51, 0x62, 0x20, 0x81, 0xc5, 0xf7, 0xff, 0xde, 0xff, 0x7b,
    0xff, 0x7b, 0xff, 0x7b, 0xff, 0x7b, 0xff, 0x7b, 0xff, 0x7b, 0xff, 0x9b, 0xf7, 0x7b, 0xf7, 0x7b,
    0xf7, 0x7b, 0xef, 0x5b, 0xbd, 0xd5, 0x9c, 0xb0, 0xf7, 0x5b, 0xf7, 0x7b, 0xf7, 0x5b, 0xce, 0x37,
    0x62, 0x48, 0x38, 0x61, 0x40, 0x62, 0x48, 0x62, 0x40, 0x62, 0x40, 0x82, 0x8b, 0xae, 0xc5, 0xd7,
    0xc5, 0xf7, 0xce, 0x38, 0xef, 0x7d, 0xff, 0xff, 0xff, 0xff, 0xef, 0x3c, 0x20, 0x81, 0x40, 0xe1,
    0x59, 0x61, 0x61, 0xa2, 0x69, 0xe3, 0x72, 0x03, 0x6a, 0x02, 0x72, 0x02, 0xa3, 0x26, 0xcc, 0xcc,
    0x59, 0x61, 0x41, 0x00, 0x41, 0x00, 0x82, 0x84, 0xc4, 0x69, 0xcc, 0x4a, 0xc4, 0x29, 0xa3, 0x46,
    0x7a, 0x23, 0x72, 0x03, 0x51, 0x62, 0x28, 0xa2, 0xd6, 0x79, 0xff, 0xbe, 0xff, 0x7c, 0xff, 0x7b,
    0xff, 0x7b, 0xff, 0x7b, 0xff, 0x7b, 0xff, 0x7b, 0xff, 0x9b, 0xf7, 0x7b, 0xf7, 0x7b, 0xf7, 0x7b,
    0xf7, 0x5b, 0xc5, 0xd5, 0x94, 0x4f, 0xef, 0x5b, 0xf7, 0x7b, 0xf7, 0x7b, 0xf7, 0x7b, 0xc5, 0x94,
    0x7a, 0xa9, 0x48, 0xc2, 0x40, 0x62, 0x40, 0x61, 0x40, 0x82, 0x83, 0x0c, 0xc5, 0xd7, 0xc6, 0x38,
    0xef, 0x7d, 0xff, 0xff, 0xff, 0xff, 0xff, 0xff, 0xff, 0xdf, 0x31, 0x03, 0x38, 0xc1, 0x61, 0x82,
    0x69, 0xe3, 0x72, 0x02, 0x71, 0xe3, 0x72, 0x02, 0xab, 0x87, 0xb3, 0xa6, 0xcc, 0x4a, 0x9b, 0x47,
    0x41, 0x00, 0x49, 0x20, 0xb3, 0xc8, 0xdd, 0x0c, 0xe5, 0x2c, 0xdd, 0x0c, 0xcc, 0xaa, 0x82, 0x83,
    0x7a, 0x64, 0x51, 0x82, 0x39, 0x23, 0xef, 0x3c, 0xff, 0xbe, 0xff, 0x7b, 0xff, 0x7b, 0xff, 0x7b,
    0xff, 0x7b, 0xff, 0x7b, 0xff, 0x7b, 0xff, 0x9b, 0xf7, 0x7b, 0xf7, 0x7b, 0xf7, 0x7b, 0xf7, 0x5b,
    0xc5, 0xf5, 0x94, 0x4f, 0xe6, 0xf9, 0xf7, 0x7b, 0xf7, 0x7b, 0xf7, 0x7b, 0xde, 0x98, 0xbd, 0x32,
    0xcd, 0x53, 0x59, 0x44, 0x40, 0x62, 0x48, 0x62, 0x69, 0xe8, 0xc5, 0xf7, 0xe7, 0x3c, 0xff, 0xff,
    0xff, 0xff, 0xff, 0xff, 0xff, 0xff, 0xff, 0xff, 0x5a, 0x89, 0x28, 0xa0, 0x69, 0xe3, 0x72, 0x03,
    0x7a, 0x43, 0xa3, 0x67, 0x8a, 0x84, 0xc4, 0x49, 0xdc, 0xeb, 0xab, 0x86, 0xc4, 0x49, 0x9b, 0x26,
    0xab, 0x67, 0xe5, 0x0c, 0xf5, 0xae, 0xf5, 0xae, 0xdd, 0x0b, 0xdd, 0x0b, 0xb4, 0x4a, 0xee, 0xd8,
    0xac, 0xd1, 0x52, 0x07, 0xff, 0xbe, 0xff, 0x9d, 0xff, 0x7b, 0xff, 0x7b, 0xff, 0x7b, 0xff, 0x7b,
    0xff, 0x7b, 0xff, 0x7b, 0xff, 0x9b, 0xf7, 0x7b, 0xf7, 0x7b, 0xf7, 0x7b, 0xf7, 0x7b, 0xc5, 0xf6,
    0x94, 0x6f, 0xd6, 0x57, 0xf7, 0x7b, 0xf7, 0x7b, 0xf7, 0x7b, 0xef, 0x3a, 0xac, 0xb0, 0xff, 0x3a,
    0xee, 0x57, 0x69, 0xe7, 0x48, 0x82, 0x51, 0x04, 0xd6, 0x38, 0xff, 0xff, 0xff, 0xff, 0xff, 0xff,
    0xff, 0xff, 0xff, 0xff, 0xff, 0xff, 0x9c, 0xb1, 0x20, 0x60, 0x69, 0xe3, 0x82, 0x63, 0xd4, 0xab,
    0xf5, 0xce, 0xd4, 0xeb, 0xb3, 0xa6, 0xf5, 0xee, 0xed, 0xee, 0xdd, 0x4b, 0xed, 0xed, 0xed, 0xcd,
    0xed, 0xcd, 0xf5, 0xee, 0xf5, 0xce, 0xed, 0x8d, 0xdd, 0x0b, 0xee, 0x95, 0xff, 0xfe, 0xf7, 0x5c,
    0x94, 0x50, 0xff, 0xde, 0xff, 0x9c, 0xff, 0x7b, 0xff, 0x7b, 0xff, 0x7b, 0xff, 0x7b, 0xff, 0x7b,
    0xff, 0x7b, 0xff, 0x9b, 0xf7, 0x7b, 0xf7, 0x7b, 0xf7, 0x7b, 0xf7, 0x7b, 0xce, 0x16, 0xa4, 0xf1,
    0xad, 0x32, 0xf7, 0x7b, 0xf7, 0x7b, 0xf7, 0x7b, 0xf7, 0x7b, 0xac, 0xd1, 0xff, 0x3a, 0xff, 0x5a,
    0xee, 0x77, 0x69, 0xa6, 0x48, 0xa3, 0xd6, 0x38, 0xff, 0xff, 0xff, 0xff, 0xff, 0xff, 0xff, 0xff,
    0xff, 0xff, 0xff, 0xff, 0xde, 0xba, 0x20, 0xc1, 0x59, 0x82, 0x9b, 0x25, 0xed, 0x8d, 0xfe, 0x4f,
    0xed, 0xae, 0xcc, 0x69, 0xed, 0xcd, 0xf6, 0x6f, 0xff, 0x32, 0xff, 0x73, 0xff, 0x73, 0xff, 0x53,
    0xfe, 0xd1, 0xf6, 0x2f, 0xf6, 0x0e, 0xed, 0xad, 0xf6, 0x73, 0xff, 0x7b, 0xcd, 0xf6, 0xbd, 0x95,
    0xff, 0xbd, 0xff, 0x7b, 0xff, 0x7b, 0xff, 0x7b, 0xff, 0x7b, 0xff, 0x7b, 0xff, 0x7b, 0xff, 0x7b,
    0xff, 0x9b, 0xf7, 0x7b, 0xf7, 0x7b, 0xf7, 0x7b, 0xf7, 0x7b, 0xce, 0x36, 0xbd, 0x74, 0x8c, 0x0e,
    0xef, 0x5b, 0xf7, 0x7b, 0xf7, 0x7b, 0xf7, 0x5b, 0xb5, 0x12, 0xf6, 0xf9, 0xff, 0x5a, 0xff, 0x3a,
    0xdd, 0xf6, 0x51, 0x24, 0xac, 0xb2, 0xff, 0xff, 0xff, 0xff, 0xff, 0xff, 0xff, 0xff, 0xff, 0xff,
    0xff, 0xff, 0xff, 0xff, 0x5a, 0x69, 0x38, 0xe1, 0xa3, 0x66, 0xe5, 0x4c, 0xf6, 0x2f, 0xed, 0x8d,
    0xe5, 0x6c, 0xfe, 0xb0, 0xff, 0x32, 0xff, 0x94, 0xff, 0xb5, 0xff, 0xb5, 0xff, 0xb5, 0xff, 0x94,
    0xff, 0x53, 0xfe, 0x90, 0xf6, 0x0e, 0xf5, 0xee, 0xac, 0x2b, 0x49, 0xc5, 0xe6, 0xfb, 0xff, 0x9c,
    0xff, 0x7b, 0xff, 0x7b, 0xff, 0x7b, 0xff, 0x7b, 0xff, 0x7b, 0xff, 0x7b, 0xff, 0x7b, 0xff, 0x9b,
    0xf7, 0x7b, 0xf7, 0x7b, 0xf7, 0x7b, 0xf7, 0x7b, 0xd6, 0x57, 0xbd, 0xb5, 0x7b, 0xad, 0xe6, 0xd9,
    0xf7, 0x7b, 0xf7, 0x7b, 0xf7, 0x7b, 0xbd, 0x53, 0xe6, 0x77, 0xff, 0x5a, 0xff, 0x5b, 0xff, 0x3a,
    0xb4, 0xb1, 0x7b, 0x0b, 0xff, 0xdf, 0xff, 0xff, 0xff, 0xff, 0xff, 0xff, 0xff, 0xff, 0xff, 0xff,
    0xff, 0xff, 0xbd, 0xb6, 0x20, 0x80, 0x82, 0xa5, 0xab, 0x86, 0xcc, 0xa9, 0xed, 0xee, 0xf6, 0x70,
    0xff, 0x32, 0xff, 0x94, 0xff, 0xd6, 0xff, 0xd7, 0xff, 0xd7, 0xff, 0xd7, 0xff, 0xb6, 0xff, 0x94,
    0xff, 0x53, 0xfe, 0xb0, 0xf5, 0xee, 0x72, 0x65, 0x7b, 0x4c, 0xff, 0xbd, 0xff, 0x7b, 0xff, 0x7b,
    0xff, 0x7b, 0xff, 0x7b, 0xff, 0x7b, 0xff, 0x7b, 0xff, 0x7b, 0xff, 0x7b, 0xff, 0x9b, 0xf7, 0x7b,
    0xf7, 0x7b, 0xf7, 0x7b, 0xf7, 0x7b, 0xd6, 0x77, 0xc5, 0xb5, 0x8c, 0x0e, 0xbd, 0xb4, 0xef, 0x5b,
    0xf7, 0x7b, 0xf7, 0x7b, 0xce, 0x16, 0xcd, 0x94, 0xff, 0x5a, 0xff, 0x5b, 0xff, 0x5b, 0xff, 0x3a,
    0x93, 0xee, 0xef, 0x3c, 0xff, 0xff, 0xff, 0xff, 0xff, 0xff, 0xff, 0xff, 0xff, 0xff, 0xff, 0xff,
    0xff, 0xbe, 0x52, 0x48, 0x41, 0x01, 0xc4, 0x6a, 0xdd, 0x4b, 0xed, 0xad, 0xfe, 0xb1, 0xff, 0x74,
    0xff, 0xb6, 0xff, 0xd7, 0xff, 0xf8, 0xff, 0xf8, 0xff, 0xf7, 0xff, 0xd7, 0xff, 0xb6, 0xff, 0x74,
    0xff, 0x11, 0xdd, 0x6d, 0x49, 0x84, 0xde, 0x78, 0xff, 0x7b, 0xff, 0x7b, 0xff, 0x7b, 0xff, 0x7b,
    0xff, 0x7b, 0xff, 0x7b, 0xff, 0x7b, 0xff, 0x7b, 0xff, 0x7b, 0xff, 0x9b,
};

const lv_img_dsc_t avatar_asset_eye_left_half = {
    .header.always_zero = 0,
    .header.w = 55,
    .header.h = 58,
    .header.cf = LV_IMG_CF_TRUE_COLOR_CHROMA_KEYED,
    .data_size = sizeof(eye_left_half_map),
    .data = eye_left_half_map,
};

static const uint8_t eye_left_closed_map[] = {
    0xf7, 0x9c, 0xf7, 0x9c, 0xf7, 0x9c, 0xf7, 0x9c, 0xf7, 0x9c, 0xf7, 0x9c, 0xf7, 0x9c, 0xf7, 0x9c,
    0xf7, 0x9c, 0xf7, 0x9c, 0xf7, 0x9c, 0xf7, 0x9c, 0xf7, 0x7b, 0x94, 0x6f, 0xb5, 0x53, 0xc5, 0xf5,
    0xf7, 0x7b, 0xf7, 0x9c, 0xf7, 0x7b, 0xf7, 0x7b, 0xd6, 0x77, 0xc5, 0xd5, 0xde, 0xb9, 0xf7, 0x9c,
    0xf7, 0x9c, 0xf7, 0x9c, 0xf7, 0x9c, 0xf7, 0x9c, 0xf7, 0x9c, 0xf7, 0x7c, 0xe6, 0xf9, 0xc5, 0xd5,
    0xef, 0x3a, 0xf7, 0x7c, 0xf7, 0x9c, 0xf7, 0x9c, 0xf7, 0x9c, 0xf7, 0x9c, 0xf7, 0x7c, 0xf7, 0x7c,
    0xf7, 0x7b, 0xf7, 0x7b, 0xf7, 0x7b, 0xf7, 0x7b, 0xf7, 0x7c, 0xf7, 0x7b, 0xf7, 0x5b, 0xe6, 0xfa,
    0xbd, 0xb5, 0xde, 0x98, 0xf7, 0x7b, 0xde, 0xb8, 0xc5, 0xd5, 0xbd, 0xd5, 0xbd, 0xb4, 0xf7, 0x7c,
    0xf7, 0x9c, 0xf7, 0x9c, 0xf7, 0x9c, 0xf7, 0x9c, 0xf7, 0x9c, 0xf7, 0x9c, 0xf7, 0x9c, 0xf7, 0x9c,
    0xf7, 0x9c, 0xf7, 0x9c, 0xf7, 0x9c, 0xef, 0x3a, 0x8c, 0x2f, 0xbd, 0x94, 0xd6, 0x57, 0xf7, 0x7b,
    0xf7, 0x9c, 0xf7, 0x7b, 0xde, 0xb8, 0xc5, 0xd5, 0xce, 0x37, 0xf7, 0x7b, 0xf7, 0x9c, 0xf7, 0x9c,
    0xf7, 0x9c, 0xf7, 0x9c, 0xf7, 0x7c, 0xf7, 0x7c, 0xe7, 0x1a, 0xc5, 0xd5, 0xe6, 0xf9, 0xf7, 0x7c,
    0xf7, 0x9c, 0xf7, 0x9c, 0xf7, 0x9c, 0xf7, 0x9c, 0xf7, 0x7c, 0xf7, 0x7c, 0xf7, 0x7b, 0xf7, 0x7b,
    0xf7, 0x7b, 0xf7, 0x7c, 0xf7, 0x7b, 0xf7, 0x7b, 0xef, 0x5b, 0xce, 0x37, 0xb5, 0x73, 0xe6, 0xf9,
    0xef, 0x3a, 0xce, 0x36, 0xc5, 0xb5, 0xbd, 0xb4, 0xbd, 0x93, 0x83, 0xad, 0xf7, 0x7c, 0xf7, 0x7c,
    0xf7, 0x7c, 0xf7, 0x7c, 0xf7, 0x7c, 0xf7, 0x9c, 0xf7, 0x9c, 0xf7, 0x9c, 0xf7, 0x9c, 0xf7, 0x9c,
    0xf7, 0x9c, 0xf7, 0x7c, 0xe6, 0xf9, 0x94, 0x4f, 0xbd, 0x94, 0xde, 0xb8, 0xf7, 0x9c, 0xf7, 0x7b,
    0xe6, 0xf9, 0xc5, 0xd5, 0xc5, 0xf5, 0xef, 0x3a, 0xf7, 0x9c, 0xf7, 0x7c, 0xf7, 0x9c, 0xf7, 0x9c,
    0xf7, 0x7c, 0xf7, 0x7c, 0xe7, 0x1a, 0xbd, 0xb5, 0xde, 0x98, 0xf7, 0x7b, 0xf7, 0x7c, 0xf7, 0x9c,
    0xf7, 0x9c, 0xf7, 0x7c, 0xf7, 0x7b, 0xf7, 0x7b, 0xf7, 0x7b, 0xf7, 0x7b, 0xf7, 0x7b, 0xf7, 0x7b,
    0xf7, 0x7b, 0xf7, 0x7b, 0xe6, 0xfa, 0xb5, 0x73, 0xb5, 0x73, 0xef, 0x1a, 0xde, 0xb8, 0xc5, 0xd5,
    0xbd, 0xb4, 0xbd, 0xb4, 0xa4, 0xb1, 0x7b, 0x0a, 0xbc, 0x70, 0xf7, 0x7c, 0xf7, 0x7c, 0xf7, 0x7c,
    0xf7, 0x7c, 0xf7, 0x7c, 0xf7, 0x7c, 0xf7, 0x9c, 0xf7, 0x9c, 0xf7, 0x9c, 0xf7, 0x9c, 0xf7, 0x9c,
    0xf7, 0x7c, 0xce, 0x36, 0x9c, 0xb0, 0xbd, 0x94, 0xe7, 0x1a, 0xf7, 0x9c, 0xef, 0x3a, 0xcd, 0xf5,
    0xbd, 0xb4, 0xde, 0xb8, 0xf7, 0x7b, 0xf7, 0x9c, 0xf7, 0x7c, 0xf7, 0x9c, 0xf7, 0x7c, 0xf7, 0x7b,
    0xe6, 0xf9, 0xbd, 0xb4, 0xc5, 0xf5, 0xf7, 0x7b, 0xf7, 0x7b, 0xf7, 0x7c, 0xf7, 0x9c, 0xf7, 0x7b,
    0xf7, 0x7b, 0xf7, 0x7b, 0xf7, 0x5b, 0xf7, 0x7b, 0xf7, 0x7b, 0xf7, 0x7b, 0xf7, 0x7b, 0xef, 0x5b,
    0xd6, 0x77, 0x9c, 0xb1, 0xbd, 0xb4, 0xe6, 0xf9, 0xce, 0x36, 0xbd, 0xb5, 0xbd, 0xb4, 0xbd, 0x53,
    0x8b, 0xac, 0x93, 0x6c, 0xd4, 0xf1, 0xcc, 0xd0, 0xf7, 0x7c, 0xf7, 0x7c, 0xf7, 0x7c, 0xf7, 0x7c,
    0xf7, 0x7c, 0xf7, 0x7c, 0xf7, 0x9c, 0xf7, 0x9c, 0xf7, 0x9c, 0xf7, 0x9c, 0xf7, 0x9c, 0xf7, 0x7c,
    0xad, 0x53, 0xad, 0x32, 0xbd, 0xb4, 0xef, 0x3b, 0xf7, 0x7b, 0xce, 0x16, 0xc5, 0xb4, 0xc5, 0xf5,
    0xf7, 0x5b, 0xf7, 0x7c, 0xf7, 0x7b, 0xf7, 0x7c, 0xf7, 0x7c, 0xf7, 0x7b, 0xde, 0xd9, 0xbd, 0x94,
    0xad, 0x32, 0xef, 0x3b, 0xf7, 0x7c, 0xf7, 0x7c, 0xf7, 0x7c, 0xf7, 0x7b, 0xf7, 0x7b, 0xf7, 0x7b,
    0xef, 0x5b, 0xf7, 0x5b, 0xf7, 0x7b, 0xf7, 0x7b, 0xf7, 0x7b, 0xe7, 0x1a, 0xc5, 0xd5, 0x94, 0x4f,
    0xc5, 0xf5, 0xd6, 0x77, 0xc5, 0xd5, 0xc5, 0xb5, 0xbd, 0x94, 0xa4, 0x70, 0x8b, 0x4b, 0xbc, 0x90,
    0xdd, 0x12, 0xbc, 0x8f, 0xbd, 0x33, 0xf7, 0x7c, 0xf7, 0x7c, 0xf7, 0x7c, 0xf7, 0x7c, 0xf7, 0x7c,
    0xf7, 0x7c, 0xf7, 0x7c, 0xf7, 0x9c, 0xf7, 0x7c, 0xf7, 0x7c, 0xf7, 0x7c, 0xf7, 0x7b, 0x9c, 0xb0,
    0xbd, 0x74, 0xc5, 0xd5, 0xf7, 0x5b, 0xd6, 0x77, 0xc5, 0xb5, 0xc5, 0xb5, 0xde, 0xb8, 0xf7, 0x7b,
    0xf7, 0x7c, 0xf7, 0x7c, 0xf7, 0x7b, 0xf7, 0x7b, 0xde, 0xb8, 0xb5, 0x94, 0x9c, 0x90, 0xe6, 0xd9,
    0xf7, 0x7c, 0xf7, 0x7c, 0xf7, 0x7b, 0xf7, 0x7b, 0xf7, 0x7b, 0xf7, 0x7b, 0xef, 0x5b, 0xef, 0x5b,
    0xf7, 0x7b, 0xf7, 0x7b, 0xef, 0x3b, 0xd6, 0x77, 0xad, 0x53, 0x83, 0xee, 0xc5, 0xf6, 0xce, 0x16,
    0xc5, 0xd5, 0xbd, 0xb4, 0xad, 0x12, 0x83, 0x6b, 0xab, 0xee, 0xd5, 0x12, 0xd5, 0x12, 0xb4, 0xb0,
    0xce, 0x36, 0xef, 0x5b, 0xf7, 0x7c, 0xf7, 0x7c, 0xf7, 0x7c, 0xf7, 0x7c, 0xf7, 0x7c, 0xf7, 0x7c,
    0xf7, 0x9c, 0xf7, 0x9c, 0xf7, 0x9c, 0xf7, 0x7c, 0xf7, 0x9c, 0xef, 0x3b, 0x94, 0x4f, 0xbd, 0x94,
    0xce, 0x16, 0xe6, 0xf9, 0xc5, 0xd5, 0xc5, 0xb4, 0xce, 0x16, 0xef, 0x5b, 0xf7, 0x7b, 0xf7, 0x7b,
    0xf7, 0x7b, 0xf7, 0x7b, 0xd6, 0x98, 0xbd, 0xb5, 0x94, 0x6f, 0xce, 0x16, 0xf7, 0x7b, 0xf7, 0x7b,
    0xf7, 0x7b, 0xf7, 0x7b, 0xf7, 0x5b, 0xf7, 0x5b, 0xef, 0x3a, 0xef, 0x5b, 0xf7, 0x7b, 0xf7, 0x7b,
    0xe6, 0xfa, 0xcd, 0xf6, 0x9c, 0x91, 0x83, 0xed, 0xc5, 0xd5, 0xc5, 0xd5, 0xc5, 0xb5, 0xb5, 0x53,
    0x8b, 0xcd, 0x93, 0x6c, 0xcc, 0xd1, 0xdd, 0x32, 0xd5, 0x12, 0xb4, 0xf2, 0xe6, 0xf9, 0xce, 0x56,
    0x94, 0x4f, 0xf7, 0x7c, 0xf7, 0x7c, 0xf7, 0x7c, 0xf7, 0x7c, 0xf7, 0x7c, 0xf7, 0x7c, 0xf7, 0x7c,
    0xf7, 0x7c, 0xf7, 0x7c, 0xf7, 0x7c, 0xf7, 0x7b, 0xde, 0xb8, 0x94, 0x6f, 0xbd, 0x94, 0xce, 0x37,
    0xce, 0x16, 0xbd, 0xb5, 0xbd, 0xb4, 0xde, 0xd9, 0xf7, 0x7b, 0xf7, 0x7b, 0xf7, 0x7b, 0xf7, 0x7b,
    0xd6, 0x57, 0xbd, 0xb5, 0x9c, 0xb0, 0xad, 0x53, 0xef, 0x5b, 0xf7, 0x7c, 0xf7, 0x7b, 0xf7, 0x7b,
    0xf7, 0x5b, 0xef, 0x5b, 0xef, 0x1a, 0xef, 0x5a, 0xf7, 0x7b, 0xef, 0x5a, 0xd6, 0x57, 0xbd, 0x94,
    0x83, 0xcd, 0x8c, 0x0e, 0xc5, 0xd5, 0xc5, 0xd5, 0xc5, 0x94, 0x93, 0xee, 0x8b, 0x4b, 0xc4, 0xb0,
    0xdd, 0x12, 0xdd, 0x32, 0xbc, 0xd0, 0xc5, 0x94, 0xde, 0xb8, 0x9c, 0x70, 0xb5, 0x12, 0xf6, 0xd8,
    0xf7, 0x7c, 0xf7, 0x7c, 0xf7, 0x7c, 0xf7, 0x7c, 0xf7, 0x7c, 0xf7, 0x7c, 0xf7, 0x7c, 0xf7, 0x7c,
    0xf7, 0x7b, 0xf7, 0x7b, 0xf7, 0x7c, 0xbd, 0xd5, 0xa4, 0xf1, 0xbd, 0x94, 0xc5, 0xf5, 0xbd, 0xb4,
    0xbd, 0xb4, 0xc6, 0x16, 0xf7, 0x5b, 0xf7, 0x7b, 0xf7, 0x7b, 0xef, 0x5b, 0xd6, 0x57, 0xbd, 0x94,
    0x9c, 0xb1, 0x94, 0x90, 0xe6, 0xfa, 0xf7, 0x7b, 0xf7, 0x7b, 0xf7, 0x5b, 0xf7, 0x5b, 0xef, 0x5b,
    0xe7, 0x1a, 0xef, 0x3a, 0xef, 0x5b, 0xe6, 0xb8, 0xc5, 0xd5, 0xb5, 0x73, 0x7b, 0x6c, 0x9c, 0x90,
    0xc5, 0xd5, 0xc5, 0xb5, 0x9c, 0x4f, 0x83, 0x0a, 0xb4, 0x4f, 0xdd, 0x12, 0xdd, 0x32, 0xdd, 0x33,
    0xb4, 0x90, 0xcd, 0xf5, 0xac, 0xf1, 0x9c, 0x90, 0xe6, 0xb8, 0xf6, 0xd9, 0xe5, 0xf5, 0xf7, 0x9c,
    0xf7, 0x7c, 0xf7, 0x7c, 0xf7, 0x9c, 0xf7, 0x7c, 0xf7, 0x7c, 0xf7, 0x7c, 0xf7, 0x7b, 0xf7, 0x7b,
    0xf7, 0x7b, 0xf7, 0x7b, 0xa5, 0x12, 0xb5, 0x53, 0xbd, 0xb4, 0xbd, 0xb4, 0xbd, 0xb4, 0xbd, 0xb4,
    0xde, 0xb9, 0xf7, 0x7b, 0xf7, 0x7b, 0xef, 0x3a, 0xce, 0x16, 0xbd, 0xb4, 0xa4, 0xf2, 0x84, 0x0e,
    0xd6, 0x98, 0xf7, 0x7b, 0xf7, 0x7b, 0xef, 0x5b, 0xef, 0x5b, 0xef, 0x3a, 0xe6, 0xf9, 0xef, 0x1a,
    0xe6, 0xd9, 0xce, 0x16, 0xbd, 0xb4, 0xac, 0xf1, 0x7b, 0x6c, 0xad, 0x12, 0xbd, 0xb5, 0xad, 0x12,
    0x83, 0x6b, 0xac, 0x2e, 0xd5, 0x11, 0xdd, 0x32, 0xdd, 0x53, 0xcc, 0xf1, 0xb4, 0x70, 0xb4, 0xf2,
    0xa4, 0x70, 0xde, 0x36, 0xff, 0x3a, 0xf6, 0xf9, 0xee, 0x77, 0xf6, 0xf9, 0xf7, 0x7c, 0xf7, 0x7c,
    0xf7, 0x7c, 0xf7, 0x7c, 0xf7, 0x9c, 0xf7, 0x7c, 0xf7, 0x7c, 0xf7, 0x7b, 0xf7, 0x7b, 0xf7, 0x7b,
    0xf7, 0x7b, 0x9c, 0x90, 0xbd, 0x94, 0xbd, 0xb4, 0xbd, 0xb4, 0xbd, 0xb4, 0xc5, 0xd5, 0xef, 0x5b,
    0xef, 0x7b, 0xde, 0xb8, 0xc5, 0xd5, 0xbd, 0x94, 0xb5, 0x53, 0x7b, 0x8c, 0xce, 0x16, 0xf7, 0x5b,
    0xf7, 0x5b, 0xef, 0x3a, 0xef, 0x3a, 0xe7, 0x1a, 0xde, 0xd9, 0xd6, 0x98, 0xce, 0x16, 0xbd, 0xb5,
    0xbd, 0x94, 0x94, 0x4f, 0x83, 0xcd, 0xbd, 0x74, 0xb5, 0x53, 0x93, 0xed, 0x93, 0xac, 0xcd, 0x11,
    0xdd, 0x32, 0xdd, 0x52, 0xd5, 0x32, 0xbc, 0xb0, 0xac, 0x4f, 0xa4, 0x90, 0xd6, 0x15, 0xf7, 0x1a,
    0xff, 0x3a, 0xf6, 0xf9, 0xf6, 0xf9, 0xff, 0x5a, 0xff, 0x7b, 0xf7, 0x7c, 0xf7, 0x7c, 0xf7, 0x7c,
    0xf7, 0x7c, 0xf7, 0x7c, 0xf7, 0x7c, 0xf7, 0x7c, 0xf7, 0x7b, 0xf7, 0x7b, 0xf7, 0x7b, 0xf7, 0x5b,
    0x8c, 0x2f, 0xbd, 0xb4, 0xbd, 0xb4, 0xbd, 0xb4, 0xbd, 0xb4, 0xde, 0x98, 0xe6, 0xd9, 0xce, 0x16,
    0xbd, 0xb4, 0xbd, 0x94, 0xb5, 0x74, 0x7b, 0x6c, 0xb5, 0x74, 0xef, 0x3b, 0xf7, 0x7b, 0xef, 0x1a,
    0xe7, 0x1a, 0xe6, 0xf9, 0xd6, 0x77, 0xc5, 0xf5, 0xc5, 0xb5, 0xbd, 0xb4, 0xb5, 0x73, 0x83, 0xcd,
    0x9c, 0x70, 0xbd, 0x53, 0x9c, 0x2e, 0x8b, 0x6b, 0xbc, 0x90, 0xdd, 0x53, 0xdd, 0x53, 0xd5, 0x32,
    0xb4, 0x70, 0x9c, 0x0e, 0xa4, 0x70, 0xcd, 0xd5, 0xf7, 0x19, 0xff, 0x5a, 0xff, 0x5b, 0xf7, 0x1a,
    0xff, 0x3a, 0xff, 0x7b, 0xff, 0x7b, 0xff, 0x7b, 0xf7, 0x7c, 0xf7, 0x7c, 0xf7, 0x7c, 0xf7, 0x7c,
    0xf7, 0x7c, 0xf7, 0x7c, 0xf7, 0x7c, 0xf7, 0x7b, 0xf7, 0x7b, 0xf7, 0x7b, 0xef, 0x3a, 0x8c, 0x0e,
    0xbd, 0xb4, 0xbd, 0xb4, 0xbd, 0xb4, 0xbd, 0xb5, 0xce, 0x16, 0xbd, 0xb4, 0xbd, 0x94, 0xbd, 0x94,
    0xbd, 0x94, 0x83, 0xad, 0xa4, 0xf2, 0xe6, 0xfa, 0xef, 0x5b, 0xe6, 0xf9, 0xde, 0xd9, 0xd6, 0x77,
    0xc5, 0xf5, 0xbd, 0xb4, 0xc5, 0xb4, 0xc5, 0xb4, 0xa4, 0xb1, 0x83, 0x8c, 0xac, 0xf1, 0xa4, 0x6f,
    0x8b, 0xac, 0xb4, 0xb0, 0xd5, 0x33, 0xcd, 0x12, 0xac, 0x2f, 0x7b, 0x0a, 0x6a, 0xa8, 0x73, 0x0b,
    0x8b, 0xcd, 0x9c, 0x4f, 0xac, 0xf1, 0xd6, 0x36, 0xff, 0x5b, 0xff, 0x7b, 0xff, 0x7b, 0xff, 0x7b,
    0xff, 0x7b, 0xff, 0x7b, 0xff, 0x7b, 0xf7, 0x7c, 0xf7, 0x7c, 0xf7, 0x7c, 0xf7, 0x7c, 0xf7, 0x7c,
    0xf7, 0x7c, 0xf7, 0x7c, 0xf7, 0x7b, 0xf7, 0x7b, 0xf7, 0x7b, 0xde, 0x98, 0x8c, 0x2f, 0xbd, 0xb4,
    0xbd, 0xb4, 0xbd, 0xb4, 0xbd, 0xb4, 0xbd, 0xb4, 0xbd, 0x94, 0xbd, 0x94, 0xbd, 0x94, 0x8b, 0xee,
    0xa4, 0xd1, 0xd6, 0x77, 0xef, 0x1a, 0xde, 0x98, 0xce, 0x37, 0xc5, 0xf5, 0xbd, 0xb4, 0xbd, 0xb4,
    0xbd, 0xb4, 0xbd, 0x94, 0x94, 0x0e, 0x8b, 0xcd, 0x9c, 0x4f, 0x8b, 0xac, 0xac, 0x6f, 0xb4, 0xb0,
    0x8b, 0x6b, 0x62, 0x47, 0x62, 0x27, 0x5a, 0x07, 0x7b, 0x4b, 0x9c, 0x90, 0xbd, 0x73, 0xcd, 0xf5,
    0xd6, 0x36, 0xd6, 0x36, 0xd6, 0x15, 0xf7, 0x1a, 0xff, 0x7b, 0xff, 0x7b, 0xff, 0x7b, 0xff, 0x7b,
    0xff, 0x7b, 0xff, 0x7b, 0xf7, 0x7c, 0xf7, 0x9c, 0xf7, 0x7c, 0xf7, 0x7b, 0xf7, 0x7c, 0xf7, 0x7c,
    0xf7, 0x7c, 0xf7, 0x7b, 0xf7, 0x7b, 0xf7, 0x7c, 0xbd, 0xb4, 0xa4, 0xd1, 0xbd, 0xb4, 0xbd, 0xb4,
    0xbd, 0x94, 0xbd, 0x94, 0xbd, 0xb4, 0xbd, 0xb4, 0xbd, 0x94, 0x94, 0x4f, 0x9c, 0x90, 0xc5, 0xf6,
    0xde, 0x98, 0xc5, 0xf6, 0xc5, 0xb5, 0xc5, 0xb5, 0xc5, 0xb5, 0xc5, 0xb5, 0xc5, 0xb5, 0xad, 0x12,
    0x7b, 0x6c, 0x83, 0x6c, 0x8b, 0xad, 0x93, 0xee, 0x8b, 0x6c, 0x6a, 0x88, 0x7b, 0x2a, 0x9c, 0x0e,
    0xac, 0xd1, 0x83, 0x6c, 0xcd, 0xb4, 0xf6, 0xfa, 0xff, 0x7b, 0xff, 0x7b, 0xff, 0x7b, 0xff, 0x7b,
    0xff, 0x7b, 0xff, 0x7b, 0xff, 0x7b, 0xff, 0x7b, 0xff, 0x7b, 0xff, 0x7b, 0xff, 0x7b, 0xff, 0x7b,
    0xff, 0x7b, 0xf7, 0x7c, 0xf7, 0x9c, 0xf7, 0x7c, 0xf7, 0x7b, 0xf7, 0x7c, 0xf7, 0x7c, 0xf7, 0x7c,
    0xf7, 0x7b, 0xf7, 0x7b, 0xf7, 0x7c, 0x9c, 0xb1, 0xb5, 0x53, 0xbd, 0xb4, 0xbd, 0xb4, 0xbd, 0x94,
    0xbd, 0xb4, 0xbd, 0xb4, 0xbd, 0xb4, 0x9c, 0xb1, 0x94, 0x4f, 0xc5, 0xb5, 0xc5, 0xd5, 0xbd, 0xb4,
    0xbd, 0x94, 0xbd, 0xb4, 0xc5, 0xb5, 0xc5, 0xb5, 0xbd, 0x94, 0x94, 0x0f, 0x73, 0x0b, 0x83, 0x6c,
    0x7b, 0x2b, 0x7b, 0x0b, 0x8b, 0x8d, 0xb4, 0xd2, 0xd5, 0xf6, 0xe6, 0x78, 0xee, 0xd9, 0xe6, 0xb8,
    0xe6, 0xb8, 0xf7, 0x5b, 0xff, 0x7b, 0xff, 0x7b, 0xff, 0x7b, 0xff, 0x7b, 0xff, 0x7b, 0xff, 0x7b,
    0xff, 0x7b, 0xff, 0x7b, 0xff, 0x7b, 0xff, 0x7b, 0xff, 0x7b, 0xff, 0x7b, 0xff, 0x7b, 0xff, 0x7b,
    0xf7, 0x9c, 0xf7, 0x9c, 0xf7, 0x7c, 0xf7, 0x7b, 0xf7, 0x7b, 0xf7, 0x7c, 0xf7, 0x7c, 0xf7, 0x7b,
    0xf7, 0x7b, 0xf7, 0x7c, 0x94, 0x6f, 0xbd, 0x94, 0xbd, 0xb4, 0xbd, 0x94, 0xbd, 0x94, 0xbd, 0xb5,
    0xbd, 0xb5, 0xad, 0x33, 0x8c, 0x2f, 0xbd, 0xb5, 0xbd, 0x94, 0xb5, 0x73, 0xbd, 0x74, 0xbd, 0x94,
    0xbd, 0x94, 0xbd, 0x94, 0x9c, 0x90, 0x73, 0x0a, 0x62, 0xa9, 0x7b, 0x2b, 0x9c, 0x4f, 0xcd, 0x94,
    0xe6, 0x77, 0xee, 0xd9, 0xf7, 0x19, 0xf7, 0x3a, 0xf7, 0x5b, 0xff, 0x5b, 0xff, 0x7b, 0xff, 0x7b,
    0xff, 0x7b, 0xff, 0x7b, 0xff, 0x7b, 0xff, 0x7b, 0xff, 0x7b, 0xff, 0x7b, 0xff, 0x7b, 0xff, 0x7b,
    0xff, 0x7b, 0xff, 0x7b, 0xff, 0x7b, 0xff, 0x7b, 0xff, 0x7b, 0xff, 0x7b, 0xff, 0x7b, 0xf7, 0x9c,
    0xf7, 0x7c, 0xf7, 0x7c, 0xf7, 0x7b, 0xf7, 0x7b, 0xf7, 0x7c, 0xf7, 0x7c, 0xf7, 0x7b, 0xf7, 0x7b,
    0xf7, 0x7b, 0x8c, 0x0e, 0xbd, 0x94, 0xbd, 0xb4, 0xbd, 0x94, 0xbd, 0x94, 0xbd, 0xb5, 0xb5, 0x74,
    0x8c, 0x0e, 0xbd, 0xb4, 0xbd, 0xb5, 0xb5, 0x53, 0xad, 0x12, 0xb5, 0x33, 0xb5, 0x53, 0xac, 0xf2,
    0x8b, 0xad, 0x8b, 0x8c, 0xac, 0xb1, 0xcd, 0xd5, 0xe6, 0x98, 0xee, 0xd9, 0xf7, 0x19, 0xf7, 0x3a,
    0xff, 0x5b, 0xff, 0x5b, 0xff, 0x7b, 0xff, 0x7b, 0xff, 0x7b, 0xff, 0x7b, 0xff, 0x7b, 0xff, 0x7b,
    0xff, 0x7b, 0xff, 0x7b, 0xff, 0x7b, 0xff, 0x7b, 0xff, 0x7b, 0xff, 0x7b, 0xff, 0x7b, 0xff, 0x7b,
    0xff, 0x7b, 0xff, 0x7b, 0xff, 0x7b, 0xff, 0x7b, 0xff, 0x7b, 0xff, 0x7b, 0xf7, 0x7c, 0xf7, 0x7c,
    0xf7, 0x7c, 0xf7, 0x7b, 0xf7, 0x7b, 0xf7, 0x7c, 0xf7, 0x7c, 0xf7, 0x7b, 0xf7, 0x5b, 0xf7, 0x5b,
    0x83, 0xcd, 0xbd, 0xb5, 0xbd, 0x94, 0xbd, 0x94, 0xbd, 0xb4, 0xbd, 0x94, 0x8c, 0x2f, 0xbd, 0xb5,
    0xc5, 0xd5, 0xb5, 0x74, 0xad, 0x12, 0xb5, 0x33, 0xbd, 0x73, 0xa4, 0x70, 0xa4, 0x6f, 0xcd, 0x94,
    0xee, 0x98, 0xf7, 0x1a, 0xf7, 0x5a, 0xff, 0x5b, 0xff, 0x5b, 0xff, 0x7b, 0xff, 0x7b, 0xff, 0x7b,
    0xff, 0x7b, 0xff, 0x7b, 0xff, 0x7b, 0xff, 0x7b, 0xff, 0x7b, 0xff, 0x7b, 0xff, 0x7b, 0xff, 0x7b,
    0xff, 0x7b, 0xff, 0x7b, 0xff, 0x7b, 0xff, 0x7b, 0xff, 0x7b, 0xff, 0x7b, 0xff, 0x7b, 0xff, 0x7b,
    0xff, 0x7b, 0xff, 0x7b, 0xff, 0x7b, 0xff, 0x7b, 0xff, 0x7b, 0xf7, 0x7c, 0xf7, 0x7c, 0xf7, 0x7c,
    0xf7, 0x7b, 0xf7, 0x7b, 0xf7, 0x7c, 0xf7, 0x7c, 0xf7, 0x7b, 0xf7, 0x5b, 0xef, 0x3b, 0x83, 0xcd,
    0xbd, 0x94, 0xb5, 0x74, 0xbd, 0x94, 0xbd, 0x94, 0x94, 0x70, 0xbd, 0xb5, 0xc5, 0xf6, 0xbd, 0xb5,
    0xb5, 0x12, 0xbd, 0x33, 0xb4, 0xf1, 0xac, 0xb0, 0xd5, 0xb4, 0xee, 0x97, 0xff, 0x3a, 0xff, 0x5a,
    0xff, 0x5b, 0xff, 0x7b, 0xff, 0x7b, 0xff, 0x7b, 0xff, 0x7b, 0xff, 0x7b, 0xff, 0x7b, 0xff, 0x7b,
    0xff, 0x7b, 0xff, 0x7b, 0xff, 0x7b, 0xff, 0x7b, 0xff, 0x7b, 0xff, 0x7b, 0xff, 0x7b, 0xff, 0x7b,
    0xff, 0x7b, 0xff, 0x7b, 0xff, 0x7b, 0xff, 0x7b, 0xff, 0x7b, 0xff, 0x7b, 0xff, 0x7b, 0xff, 0x7b,
    0xff, 0x7b, 0xff, 0x7b, 0xff, 0x7b, 0xff, 0x7b, 0xf7, 0x7c, 0xf7, 0x7c, 0xf7, 0x7c, 0xf7, 0x7b,
    0xf7, 0x7b, 0xf7, 0x7b, 0xf7, 0x7c, 0xf7, 0x5b, 0xef, 0x3b, 0xe7, 0x1a, 0x83, 0xee, 0xb5, 0x74,
    0xb5, 0x74, 0xb5, 0x74, 0x9c, 0x90, 0xbd, 0xb5, 0xce, 0x17, 0xc5, 0xf6, 0xad, 0x12, 0xa4, 0x70,
    0xac, 0x4f, 0xd5, 0x93, 0xee, 0x76, 0xf7, 0x19, 0xff, 0x5a, 0xff, 0x5b, 0xff, 0x7b, 0xff, 0x7b,
    0xff, 0x7b, 0xff, 0x5b, 0xff, 0x5b, 0xff, 0x5b, 0xff, 0x7b, 0xff, 0x7b, 0xff, 0x7b, 0xff, 0x7b,
    0xff, 0x7b, 0xff, 0x7b, 0xff, 0x7b, 0xff, 0x7b, 0xff, 0x7b, 0xff, 0x7b, 0xff, 0x7b, 0xff, 0x7b,
    0xff, 0x7b, 0xff, 0x7b, 0xff, 0x7b, 0xff, 0x7b, 0xff, 0x7b, 0xff, 0x7b, 0xff, 0x7b, 0xff, 0x7b,
    0xff, 0x7b, 0xff, 0x7b, 0xff, 0x7b, 0xf7, 0x7c, 0xf7, 0x7c, 0xf7, 0x7c, 0xf7, 0x7b, 0xf7, 0x7b,
    0xf7, 0x7b, 0xf7, 0x7b, 0xef, 0x5b, 0xe7, 0x1a, 0xde, 0xd9, 0x83, 0xee, 0xb5, 0x54, 0xb5, 0x74,
    0x94, 0x70, 0xbd, 0xb5, 0xce, 0x37, 0xce, 0x16, 0xa4, 0xb1, 0x93, 0xcd, 0xbc, 0xf1, 0xee, 0x36,
    0xf6, 0xd8, 0xff, 0x5a, 0xff, 0x5a, 0xff, 0x5a, 0xff, 0x7a, 0xff, 0x5a, 0xff, 0x7a, 0xff, 0x7b,
    0xff, 0x7a, 0xff, 0x5a, 0xff, 0x5a, 0xff, 0x5a, 0xff, 0x5b, 0xff, 0x7a, 0xff, 0x7a, 0xff, 0x7a,
    0xff, 0x7a, 0xff, 0x7b, 0xff, 0x7b, 0xff, 0x7b, 0xff, 0x7b, 0xff, 0x7b, 0xff, 0x7b, 0xff, 0x7b,
    0xff, 0x7b, 0xff, 0x7b, 0xff, 0x7b, 0xff, 0x7b, 0xff, 0x7b, 0xff, 0x7b, 0xff, 0x7b, 0xff, 0x7b,
    0xff, 0x7b, 0xff, 0x7b, 0xf7, 0x7c, 0xf7, 0x7c, 0xf7, 0x7c, 0xf7, 0x7b, 0xf7, 0x7b, 0xf7, 0x7b,
    0xf7, 0x7b, 0xef, 0x5b, 0xe6, 0xf9, 0xd6, 0x78, 0x83, 0xee, 0xad, 0x33, 0x94, 0x70, 0xb5, 0x54,
    0xce, 0x16, 0xc5, 0xd5, 0xb4, 0xf2, 0xac, 0x6f, 0xcd, 0x53, 0xee, 0x77, 0xff, 0x19, 0xff, 0x5a,
    0xff, 0x5a, 0xff, 0x5a, 0xff, 0x5a, 0xff, 0x5a, 0xff, 0x5a, 0xff, 0x5a, 0xff, 0x5a, 0xff, 0x5a,
    0xff, 0x5a, 0xff, 0x5a, 0xff, 0x5a, 0xff, 0x5a, 0xff, 0x7a, 0xff, 0x7a, 0xff, 0x5a, 0xff, 0x7a,
    0xff, 0x5a, 0xff, 0x5b, 0xff, 0x7b, 0xff, 0x7b, 0xff, 0x7b, 0xff, 0x7b, 0xff, 0x7b, 0xff, 0x7b,
    0xff, 0x7b, 0xff, 0x7b, 0xff, 0x7b, 0xff, 0x7b, 0xff, 0x7b, 0xff, 0x7b, 0xff, 0x5b, 0xff, 0x5b,
    0xff, 0x7b, 0xf7, 0x9c, 0xf7, 0x7c, 0xf7, 0x7c, 0xf7, 0x7b, 0xf7, 0x7b, 0xf7, 0x7c, 0xf7, 0x7b,
    0xef, 0x3b, 0xde, 0xb9, 0xc5, 0xf6, 0x8c, 0x2f, 0x94, 0x30, 0x9c, 0x50, 0xc5, 0x94, 0xd5, 0xf6,
    0xd5, 0xd6, 0xb4, 0xd1, 0xcd, 0x53, 0xf6, 0x98, 0xff, 0x3a, 0xff, 0x5a, 0xff, 0x5a, 0xff, 0x5a,
    0xff, 0x5a, 0xff, 0x5a, 0xff, 0x5a, 0xff, 0x5a, 0xff, 0x5a, 0xff, 0x5a, 0xff, 0x7a, 0xff, 0x5a,
    0xff, 0x5a, 0xff, 0x5a, 0xff, 0x5a, 0xff, 0x5a, 0xff, 0x5a, 0xff, 0x5a, 0xff, 0x5a, 0xff, 0x7a,
    0xff, 0x7a, 0xff, 0x7a, 0xff, 0x5b, 0xff, 0x7b, 0xff, 0x5b, 0xff, 0x7b, 0xff, 0x7b, 0xff, 0x7b,
    0xff, 0x7b, 0xff, 0x7b, 0xff, 0x7b, 0xff, 0x7b, 0xff, 0x7b, 0xff, 0x7b, 0xf7, 0x5b, 0xff, 0x5b,
    0xf7, 0x7c, 0xf7, 0x7c, 0xf7, 0x7c, 0xf7, 0x7b, 0xf7, 0x7b, 0xf7, 0x7c, 0xf7, 0x7c, 0xef, 0x3b,
    0xce, 0x37, 0xb5, 0x95, 0x83, 0xce, 0xa4, 0x91, 0xc5, 0x95, 0xde, 0x58, 0xde, 0x78, 0xbd, 0x33,
    0xcd, 0x74, 0xf6, 0xb8, 0xff, 0x3a, 0xff, 0x5a, 0xff, 0x5a, 0xff, 0x5a, 0xff, 0x5a, 0xff, 0x5a,
    0xff, 0x5a, 0xff, 0x5a, 0xff, 0x5a, 0xff, 0x5a, 0xff, 0x5a, 0xff, 0x5a, 0xff, 0x5a, 0xff, 0x5a,
    0xff, 0x5a, 0xff, 0x5a, 0xff, 0x7a, 0xff, 0x5a, 0xff, 0x5a, 0xff, 0x5a, 0xff, 0x5a, 0xff, 0x5a,
    0xff, 0x5a, 0xff, 0x7a, 0xff, 0x7a, 0xff, 0x7a, 0xff, 0x5b, 0xff, 0x7b, 0xff, 0x7b, 0xff, 0x7b,
    0xff, 0x7b, 0xff, 0x7b, 0xff, 0x7b, 0xff, 0x7b, 0xff, 0x7b, 0xff, 0x7b, 0xff, 0x5b, 0xf7, 0x7c,
    0xf7, 0x7c, 0xf7, 0x7c, 0xf7, 0x7b, 0xef, 0x7b, 0xf7, 0x7c, 0xf7, 0x7c, 0xe7, 0x3b, 0xc6, 0x16,
    0xbd, 0x95, 0xa4, 0x91, 0xbd, 0x54, 0xcd, 0xd6, 0xde, 0x78, 0xc5, 0xb5, 0xbd, 0x53, 0xee, 0x98,
    0xff, 0x3a, 0xff, 0x5a, 0xff, 0x5a, 0xff, 0x5a, 0xff, 0x5a, 0xff, 0x5a, 0xff, 0x5a, 0xff, 0x5a,
    0xff, 0x5a, 0xff, 0x5a, 0xff, 0x5a, 0xff, 0x5a, 0xff, 0x5a, 0xff, 0x5a, 0xff, 0x5a, 0xff, 0x5a,
    0xff, 0x5a, 0xff, 0x5a, 0xff, 0x5a, 0xff, 0x5a, 0xff, 0x5a, 0xff, 0x7a, 0xff, 0x5a, 0xff, 0x7a,
    0xff, 0x7a, 0xff, 0x7a, 0xff, 0x7a, 0xff, 0x5a, 0xff, 0x5a, 0xff, 0x5a, 0xff, 0x5b, 0xff, 0x7b,
    0xff, 0x7b, 0xff, 0x7b, 0xff, 0x7b, 0xff, 0x7b, 0xff, 0x7b, 0xff, 0x7b, 0xf7, 0x7c, 0xf7, 0x7c,
    0xf7, 0x7c, 0xef, 0x7b, 0xef, 0x7c, 0xf7, 0x7c, 0xf7, 0x7c, 0xe7, 0x3b, 0xbd, 0xd6, 0xb5, 0x95,
    0xac, 0xf3, 0xbd, 0x74, 0xcd, 0xd6, 0xc5, 0xb5, 0xbd, 0x33, 0xe6, 0x97, 0xff, 0x3a, 0xff, 0x5a,
    0xff, 0x5a, 0xff, 0x5a, 0xff, 0x5a, 0xff, 0x5a, 0xff, 0x5a, 0xff, 0x5a, 0xff, 0x5a, 0xff, 0x5a,
    0xff, 0x5a, 0xff, 0x5a, 0xff, 0x5a, 0xff, 0x5a, 0xff, 0x5a, 0xff, 0x5a, 0xff, 0x5a, 0xff, 0x5a,
    0xff, 0x5a, 0xff, 0x5a, 0xff, 0x5a, 0xff, 0x5a, 0xff, 0x5a, 0xff, 0x7a, 0xff, 0x5a, 0xff, 0x5a,
    0xff, 0x5a, 0xff, 0x5a, 0xff, 0x5a, 0xff, 0x7a, 0xff, 0x7a, 0xff, 0x5a, 0xff, 0x7b, 0xff, 0x7b,
    0xff, 0x7b, 0xff, 0x7b, 0xff, 0x7b, 0xff, 0x7b, 0xff, 0x7b, 0xf7, 0x7c, 0xf7, 0x7c, 0xf7, 0x7c,
    0xef, 0x7c, 0xef, 0x7c, 0xef, 0x7c, 0xef, 0x7c, 0xe7, 0x3b, 0xbd, 0xb5, 0xb5, 0x74, 0xad, 0x13,
    0xbd, 0x75, 0xbd, 0x54, 0xb5, 0x33, 0xe6, 0x77, 0xff, 0x3a, 0xff, 0x5a, 0xff, 0x5a, 0xff, 0x5a,
    0xff, 0x5a, 0xff, 0x5a, 0xff, 0x5a, 0xff, 0x5a, 0xff, 0x5a, 0xff, 0x5a, 0xff, 0x5a, 0xff, 0x5a,
    0xff, 0x5a, 0xff, 0x5a, 0xff, 0x5a, 0xff, 0x5a, 0xff, 0x5a, 0xff, 0x5a, 0xff, 0x5a, 0xff, 0x5a,
    0xff, 0x5a, 0xff, 0x5a, 0xff, 0x5a, 0xff, 0x5a, 0xff, 0x5a, 0xff, 0x5a, 0xff, 0x5a, 0xff, 0x5a,
    0xff, 0x5a, 0xff, 0x5a, 0xff, 0x5a, 0xff, 0x7a, 0xff, 0x7a, 0xff, 0x7a, 0xff, 0x7b, 0xff, 0x7b,
    0xff, 0x7b, 0xff, 0x7b, 0xff, 0x7b, 0xff, 0x7b, 0xf7, 0x7c, 0xf7, 0x7c, 0xf7, 0x7c, 0xef, 0x7c,
    0xef, 0x7c, 0xef, 0x7c, 0xef, 0x7c, 0xe7, 0x3b, 0xb5, 0x95, 0xad, 0x54, 0xad, 0x14, 0xb5, 0x13,
    0xac, 0xd1, 0xde, 0x57, 0xff, 0x3a, 0xff, 0x5a, 0xff, 0x5a, 0xff, 0x5a, 0xff, 0x5a, 0xff, 0x5a,
    0xff, 0x5a, 0xff, 0x5a, 0xff, 0x5a, 0xff, 0x5a, 0xff, 0x5a, 0xff, 0x5a, 0xff, 0x5a, 0xff, 0x5a,
    0xff, 0x5a, 0xff, 0x5a, 0xff, 0x5a, 0xff, 0x5a, 0xff, 0x5a, 0xff, 0x5a, 0xff, 0x5a, 0xff, 0x5a,
    0xff, 0x5a, 0xff, 0x5a, 0xff, 0x5a, 0xff, 0x5a, 0xff, 0x5a, 0xff, 0x5a, 0xff, 0x3a, 0xff, 0x39,
    0xff, 0x3a, 0xff, 0x5a, 0xff, 0x5a, 0xff, 0x5a, 0xff, 0x7a, 0xff, 0x5b, 0xff, 0x7b, 0xff, 0x7b,
    0xff, 0x7b, 0xff, 0x7b, 0xff, 0x7b, 0xf7, 0x9c, 0xf7, 0x7c, 0xf7, 0x7c, 0xef, 0x7c, 0xef, 0x7c,
    0xef, 0x7c, 0xef, 0x7c, 0xef, 0x5c, 0xb5, 0x95, 0xad, 0x34, 0xac, 0xf3, 0xa4, 0x71, 0xcd, 0xd5,
    0xff, 0x19, 0xff, 0x5a, 0xff, 0x5a, 0xff, 0x5a, 0xff, 0x5a, 0xff, 0x5a, 0xff, 0x5a, 0xff, 0x5a,
    0xff, 0x5a, 0xff, 0x5a, 0xff, 0x5a, 0xff, 0x5a, 0xff, 0x5a, 0xff, 0x5a, 0xff, 0x5a, 0xff, 0x5a,
    0xff, 0x5a, 0xff, 0x5a, 0xff, 0x5a, 0xff, 0x5a, 0xff, 0x5a, 0xff, 0x5a, 0xff, 0x5a, 0xff, 0x5a,
    0xff, 0x7a, 0xff, 0x5a, 0xff, 0x5a, 0xff, 0x5a, 0xff, 0x3a, 0xff, 0x19, 0xf6, 0xf8, 0xfe, 0xf9,
    0xff, 0x3a, 0xff, 0x5a, 0xff, 0x5a, 0xff, 0x7a, 0xff, 0x5a, 0xff, 0x7a, 0xff, 0x7a, 0xff, 0x7b,
    0xff, 0x7b, 0xff, 0x7b, 0xf7, 0x7c, 0xf7, 0x7c, 0xef, 0x7c, 0xef, 0x7c, 0xef, 0x7c, 0xef, 0x7c,
    0xef, 0x7c, 0xef, 0x5c, 0xb5, 0x95, 0xa4, 0xb2, 0xa4, 0x30, 0xc5, 0x33, 0xf6, 0xf9, 0xff, 0x5a,
    0xff, 0x5a, 0xff, 0x5a, 0xff, 0x5a, 0xff, 0x5a, 0xff, 0x5a, 0xff, 0x5a, 0xff, 0x5a, 0xff, 0x5a,
    0xff, 0x5a, 0xff, 0x5a, 0xff, 0x5a, 0xff, 0x5a, 0xff, 0x5a, 0xff, 0x5a, 0xff, 0x5a, 0xff, 0x5a,
    0xff, 0x5a, 0xff, 0x5a, 0xff, 0x5a, 0xff, 0x5a, 0xff, 0x5a, 0xff, 0x5a, 0xff, 0x5a, 0xff, 0x5a,
    0xff, 0x5a, 0xff, 0x5a, 0xff, 0x5a, 0xff, 0x5a, 0xff, 0x19, 0xf6, 0xd8, 0xf6, 0xb8, 0xff, 0x19,
    0xff, 0x5a, 0xff, 0x5a, 0xff, 0x7a, 0xff, 0x7a, 0xff, 0x7a, 0xff, 0x7b, 0xff, 0x7b, 0xff, 0x7b,
    0xff, 0x7b, 0xf7, 0x7c, 0xf7, 0x7c, 0xef, 0x7c, 0xef, 0x7c, 0xef, 0x7c, 0xef, 0x7c, 0xef, 0x7c,
    0xef, 0x5c, 0xbd, 0xd6, 0x8b, 0xef, 0xac, 0x50, 0xe6, 0x16, 0xff, 0x3a, 0xff, 0x5a, 0xff, 0x5a,
    0xff, 0x5a, 0xff, 0x5a, 0xff, 0x5a, 0xff, 0x5a, 0xff, 0x5a, 0xff, 0x5a, 0xff, 0x5a, 0xff, 0x5a,
    0xff, 0x5a, 0xff, 0x5a, 0xff, 0x5a, 0xff, 0x5a, 0xff, 0x5a, 0xff, 0x5a, 0xff, 0x5a, 0xff, 0x5a,
    0xff, 0x5a, 0xff, 0x5a, 0xff, 0x5a, 0xff, 0x5a, 0xff, 0x5a, 0xff, 0x5a, 0xff, 0x5a, 0xff, 0x5a,
    0xff, 0x5a, 0xff, 0x5a, 0xff, 0x5a, 0xff, 0x39, 0xfe, 0xd8, 0xf6, 0xb8, 0xf6, 0xd8, 0xff, 0x39,
    0xff, 0x5a, 0xff, 0x7a, 0xff, 0x5a, 0xff, 0x5a, 0xff, 0x7a, 0xff, 0x7b, 0xff, 0x7b, 0xff, 0x7b,
    0xf7, 0x7c, 0xef, 0x7c, 0xef, 0x7c, 0xef, 0x7c, 0xef, 0x7c, 0xef, 0x7c, 0xef, 0x7c, 0xef, 0x5c,
    0xce, 0x17, 0x9c, 0x0f, 0xbc, 0xb1, 0xee, 0x56, 0xff, 0x39, 0xff, 0x5a, 0xff, 0x5a, 0xff, 0x5a,
    0xff, 0x5a, 0xff, 0x5a, 0xff, 0x5a, 0xff, 0x7a, 0xff, 0x5a, 0xff, 0x5a, 0xff, 0x5a, 0xff, 0x5a,
    0xff, 0x5a, 0xff, 0x5a, 0xff, 0x5a, 0xff, 0x5a, 0xff, 0x5a, 0xff, 0x5a, 0xff, 0x5a, 0xff, 0x5a,
    0xff, 0x5a, 0xff, 0x5a, 0xff, 0x5a, 0xff, 0x5a, 0xff, 0x5a, 0xff, 0x5a, 0xff, 0x5a, 0xff, 0x5a,
    0xff, 0x5a, 0xff, 0x5a, 0xff, 0x39, 0xfe, 0xf8, 0xfe, 0xb8, 0xfe, 0xd8, 0xff, 0x19, 0xff, 0x5a,
    0xff, 0x7a, 0xff, 0x5a, 0xff, 0x7a, 0xff, 0x5a, 0xff, 0x7a, 0xff, 0x7b, 0xff, 0x7b, 0xef, 0x5b,
    0xef, 0x7c, 0xef, 0x7c, 0xef, 0x7c, 0xef, 0x7c, 0xef, 0x7c, 0xef, 0x7c, 0xef, 0x7c, 0xd6, 0x79,
    0xa4, 0x2f, 0xc4, 0xb1, 0xee, 0x57, 0xff, 0x3a, 0xff, 0x5a, 0xff, 0x5a, 0xff, 0x5a, 0xff, 0x5a,
    0xff, 0x5a, 0xff, 0x5a, 0xff, 0x5a, 0xff, 0x5a, 0xff, 0x5a, 0xff, 0x5a, 0xff, 0x5a, 0xff, 0x5a,
    0xff, 0x5a, 0xff, 0x5a, 0xff, 0x5a, 0xff, 0x5a, 0xff, 0x5a, 0xff, 0x5a, 0xff, 0x5a, 0xff, 0x5a,
    0xff, 0x5a, 0xff, 0x5a, 0xff, 0x5a, 0xff, 0x5a, 0xff, 0x5a, 0xff, 0x5a, 0xff, 0x5a, 0xff, 0x5a,
    0xff, 0x5a, 0xff, 0x3a, 0xfe, 0xf9, 0xfe, 0xb8, 0xfe, 0xb8, 0xff, 0x19, 0xff, 0x5a, 0xff, 0x5a,
    0xff, 0x5a, 0xff, 0x7a, 0xff, 0x7a, 0xff, 0x5a, 0xff, 0x7a, 0xff, 0x7b, 0xe7, 0x1a, 0xef, 0x7c,
    0xef, 0x7c, 0xef, 0x7c, 0xef, 0x7c, 0xef, 0x7c, 0xef, 0x7d, 0xef, 0x7c, 0xde, 0xba, 0xa4, 0x70,
    0xc4, 0xd1, 0xf6, 0x77, 0xff, 0x5a, 0xff, 0x5a, 0xff, 0x5a, 0xff, 0x5a, 0xff, 0x5a, 0xff, 0x5a,
    0xff, 0x5a, 0xff, 0x5a, 0xff, 0x5a, 0xff, 0x5a, 0xff, 0x5a, 0xff, 0x5a, 0xff, 0x5a, 0xff, 0x5a,
    0xff, 0x5a, 0xff, 0x5a, 0xff, 0x5a, 0xff, 0x5a, 0xff, 0x5a, 0xff, 0x5a, 0xff, 0x5a, 0xff, 0x5a,
    0xff, 0x5a, 0xff, 0x5a, 0xff, 0x5a, 0xff, 0x5a, 0xff, 0x5a, 0xff, 0x5a, 0xff, 0x5a, 0xff, 0x5a,
    0xff, 0x3a, 0xff, 0x19, 0xfe, 0xb8, 0xfe, 0x97, 0xfe, 0xd8, 0xff, 0x3a, 0xff, 0x5a, 0xff, 0x7a,
    0xff, 0x5a, 0xff, 0x5a, 0xff, 0x5a, 0xff, 0x5a, 0xff, 0x7a, 0xde, 0xda, 0xef, 0x5c, 0xef, 0x7c,
    0xef, 0x7c, 0xef, 0x7c, 0xef, 0x7d, 0xef, 0x7d, 0xef, 0x7c, 0xe6, 0xfa, 0xac, 0xb1, 0xc4, 0xd1,
    0xf6, 0x97, 0xff, 0x5a, 0xff, 0x5a, 0xff, 0x5a, 0xff, 0x7a, 0xff, 0x5a, 0xff, 0x5a, 0xff, 0x5a,
    0xff, 0x5a, 0xff, 0x5a, 0xff, 0x5a, 0xff, 0x5a, 0xff, 0x5a, 0xff, 0x5a, 0xff, 0x5a, 0xff, 0x5a,
    0xff, 0x5a, 0xff, 0x5a, 0xff, 0x5a, 0xff, 0x5a, 0xff, 0x5a, 0xff, 0x5a, 0xff, 0x5a, 0xff, 0x5a,
    0xff, 0x5a, 0xff, 0x5a, 0xff, 0x5a, 0xff, 0x5a, 0xff, 0x5a, 0xff, 0x5a, 0xff, 0x5a, 0xff, 0x5a,
    0xff, 0x19, 0xfe, 0xd8, 0xf6, 0xb8, 0xf6, 0xd8, 0xff, 0x39, 0xff, 0x5a, 0xff, 0x5a, 0xff, 0x5a,
    0xff, 0x5a, 0xff, 0x5a, 0xff, 0x5a, 0xff, 0x7a, 0xd6, 0xb9, 0xe7, 0x3b, 0xef, 0x7c, 0xef, 0x7c,
    0xef, 0x7c, 0xef, 0x7d, 0xef, 0x7c, 0xef, 0x7c, 0xe7, 0x3b, 0xb4, 0xf2, 0xbc, 0xd1, 0xf6, 0x97,
    0xff, 0x5a, 0xff, 0x5a, 0xff, 0x5a, 0xff, 0x5a, 0xff, 0x5a, 0xff, 0x5a, 0xff, 0x5a, 0xff, 0x5a,
    0xff, 0x5a, 0xff, 0x5a, 0xff, 0x5a, 0xff, 0x5a, 0xff, 0x5a, 0xff, 0x5a, 0xff, 0x5a, 0xff, 0x5a,
    0xff, 0x5a, 0xff, 0x5a, 0xff, 0x5a, 0xff, 0x5a, 0xff, 0x5a, 0xff, 0x5a, 0xff, 0x5a, 0xff, 0x5a,
    0xff, 0x5a, 0xff, 0x5a, 0xff, 0x5a, 0xff, 0x5a, 0xff, 0x5a, 0xff, 0x5a, 0xff, 0x5a, 0xff, 0x3a,
    0xff, 0x19, 0xfe, 0xd8, 0xf6, 0xb8, 0xff, 0x19, 0xff, 0x5a, 0xff, 0x5a, 0xff, 0x5a, 0xff, 0x7a,
    0xff, 0x5a, 0xff, 0x5a, 0xff, 0x5a, 0xde, 0xda, 0xde, 0xfa, 0xef, 0x7c, 0xef, 0x7c, 0xef, 0x7c,
    0xef, 0x7d, 0xef, 0x7c, 0xef, 0x7c, 0xef, 0x5c, 0xbd, 0x74, 0xb4, 0xb1, 0xf6, 0x98, 0xff, 0x5a,
    0xff, 0x5a, 0xff, 0x5a, 0xff, 0x5a, 0xff, 0x5a, 0xff, 0x5a, 0xff, 0x5a, 0xff, 0x5a, 0xff, 0x5a,
    0xff, 0x5a, 0xff, 0x5a, 0xff, 0x5a, 0xff, 0x5a, 0xff, 0x5a, 0xff, 0x5a, 0xff, 0x5a, 0xff, 0x5a,
    0xff, 0x5a, 0xff, 0x5a, 0xff, 0x5a, 0xff, 0x5a, 0xff, 0x5a, 0xff, 0x5a, 0xff, 0x5a, 0xff, 0x5a,
    0xff, 0x5a, 0xff, 0x5a, 0xff, 0x5a, 0xff, 0x5a, 0xff, 0x5a, 0xff, 0x5a, 0xff, 0x5a, 0xff, 0x39,
    0xfe, 0xf9, 0xfe, 0xd8, 0xff, 0x19, 0xff, 0x5a, 0xff, 0x7a, 0xff, 0x5a, 0xff, 0x5a, 0xff, 0x7a,
    0xff, 0x5a, 0xff, 0x7a, 0xde, 0xfa, 0xd6, 0xb9, 0xef, 0x5c, 0xef, 0x7c, 0xef, 0x7c, 0xef, 0x7d,
    0xef, 0x7d, 0xef, 0x7c, 0xef, 0x5c, 0xcd, 0xd6, 0xb4, 0xb0, 0xf6, 0xb8, 0xff, 0x5a, 0xff, 0x5a,
    0xff, 0x5a, 0xff, 0x5a, 0xff, 0x5a, 0xff, 0x5a, 0xff, 0x5a, 0xff, 0x5a, 0xff, 0x5a, 0xff, 0x5a,
    0xff, 0x5a, 0xff, 0x5a, 0xff, 0x5a, 0xff, 0x5a, 0xff, 0x5a, 0xff, 0x5a, 0xff, 0x5a, 0xff, 0x5a,
    0xff, 0x5a, 0xff, 0x5a, 0xff, 0x5a, 0xff, 0x5a, 0xff, 0x5a, 0xff, 0x5a, 0xff, 0x5a, 0xff, 0x5a,
    0xff, 0x5a, 0xff, 0x5a, 0xff, 0x5a, 0xff, 0x5a, 0xff, 0x5a, 0xff, 0x5a, 0xff, 0x5a, 0xff, 0x39,
    0xff, 0x19, 0xff, 0x19, 0xff, 0x5a, 0xff, 0x5a, 0xff, 0x7a, 0xff, 0x5a, 0xff, 0x5a, 0xff, 0x5a,
    0xff, 0x5a, 0xe7, 0x3b, 0xce, 0x78, 0xe7, 0x3c, 0xef, 0x7c, 0xef, 0x7c, 0xef, 0x7d, 0xef, 0x7c,
    0xef, 0x7c, 0xef, 0x5c, 0xd6, 0x78, 0xac, 0x90, 0xf6, 0xb8, 0xff, 0x5a, 0xff, 0x5a, 0xff, 0x5a,
    0xff, 0x5a, 0xff, 0x5a, 0xff, 0x5a, 0xff, 0x5a, 0xff, 0x5a, 0xff, 0x5a, 0xff, 0x5a, 0xff, 0x5a,
    0xff, 0x5a, 0xff, 0x5a, 0xff, 0x5a, 0xff, 0x5a, 0xff, 0x5a, 0xff, 0x5a, 0xff, 0x5a, 0xff, 0x5a,
    0xff, 0x5a, 0xff, 0x5a, 0xff, 0x5a, 0xff, 0x5a, 0xff, 0x5a, 0xff, 0x3a, 0xff, 0x19, 0xfe, 0xf9,
    0xf6, 0xd8, 0xf6, 0xd8, 0xfe, 0xf9, 0xff, 0x19, 0xff, 0x39, 0xff, 0x3a, 0xff, 0x3a, 0xff, 0x3a,
    0xff, 0x3a, 0xff, 0x5a, 0xff, 0x7a, 0xff, 0x5a, 0xff, 0x5a, 0xff, 0x5a, 0xff, 0x5a, 0xff, 0x5a,
    0xef, 0x5c, 0xce, 0x78, 0xde, 0xfb, 0xef, 0x5c, 0xef, 0x7c, 0xef, 0x7d, 0xef, 0x7c, 0xef, 0x7c,
    0xef, 0x7c, 0xe6, 0xda, 0xac, 0xb1, 0xf6, 0xb8, 0xff, 0x5a, 0xff, 0x5a, 0xff, 0x5a, 0xff, 0x5a,
    0xff, 0x5a, 0xff, 0x3a, 0xff, 0x5a, 0xff, 0x5a, 0xff, 0x5a, 0xff, 0x5a, 0xff, 0x5a, 0xff, 0x5a,
    0xff, 0x5a, 0xff, 0x5a, 0xff, 0x5a, 0xff, 0x5a, 0xff, 0x5a, 0xff, 0x5a, 0xff, 0x5a, 0xff, 0x5a,
    0xff, 0x3a, 0xff, 0x39, 0xff, 0x19, 0xf6, 0xd8, 0xee, 0x77, 0xe6, 0x15, 0xdd, 0xd4, 0xd5, 0x93,
    0xd5, 0x93, 0xdd, 0x93, 0xdd, 0xd4, 0xee, 0x76, 0xfe, 0xf9, 0xff, 0x3a, 0xff, 0x5a, 0xff, 0x5a,
    0xff, 0x5a, 0xff, 0x7a, 0xff, 0x5a, 0xff, 0x5a, 0xff, 0x5a, 0xff, 0x5a, 0xff, 0x5a, 0xef, 0x7c,
    0xd6, 0xb9, 0xce, 0x79, 0xef, 0x5c, 0xef, 0x7c, 0xef, 0x7c, 0xef, 0x7c, 0xef, 0x7c, 0xef, 0x7c,
    0xef, 0x3b, 0xb5, 0x12, 0xee, 0x98, 0xff, 0x3a, 0xff, 0x5a, 0xff, 0x5a, 0xff, 0x5a, 0xff, 0x19,
    0xe6, 0x56, 0xee, 0x97, 0xf6, 0xf9, 0xff, 0x39, 0xff, 0x5a, 0xff, 0x5a, 0xff, 0x5a, 0xff, 0x5a,
    0xff, 0x5a, 0xff, 0x5a, 0xff, 0x5a, 0xff, 0x5a, 0xff, 0x3a, 0xf7, 0x19, 0xee, 0xb8, 0xe6, 0x56,
    0xdd, 0xf5, 0xd5, 0xb4, 0xcd, 0x72, 0xc5, 0x31, 0xc4, 0xf1, 0xbc, 0xd0, 0xbc, 0x8f, 0xb4, 0x6f,
    0xb4, 0x4f, 0xbc, 0x6f, 0xbc, 0xaf, 0xd5, 0x93, 0xf6, 0xd8, 0xff, 0x39, 0xff, 0x5a, 0xff, 0x5a,
    0xff, 0x5a, 0xff, 0x5a, 0xff, 0x7a, 0xff, 0x5a, 0xff, 0x5a, 0xff, 0x7a, 0xef, 0x7c, 0xdf, 0x1b,
    0xbe, 0x17, 0xe7, 0x3b, 0xef, 0x7c, 0xef, 0x7c, 0xef, 0x7c, 0xef, 0x7c, 0xef, 0x7c, 0xef, 0x5c,
    0xbd, 0x94, 0xde, 0x57, 0xff, 0x3a, 0xff, 0x5a, 0xff, 0x5a, 0xff, 0x5a, 0xff, 0x3a, 0xd5, 0xd4,
    0x93, 0xcd, 0x9c, 0x0e, 0xbd, 0x32, 0xde, 0x36, 0xee, 0xd8, 0xf7, 0x19, 0xff, 0x3a, 0xff, 0x5a,
    0xff, 0x5a, 0xff, 0x5a, 0xff, 0x3a, 0xf6, 0xf9, 0xee, 0x97, 0xe6, 0x97, 0xee, 0x97, 0xee, 0x97,
    0xee, 0xb8, 0xf6, 0xd8, 0xf6, 0xd8, 0xf6, 0xb8, 0xf6, 0x97, 0xee, 0x77, 0xee, 0x16, 0xdd, 0xd4,
    0xd5, 0x52, 0xc4, 0xb0, 0xb4, 0x4e, 0xcd, 0x32, 0xf6, 0xb8, 0xff, 0x5a, 0xff, 0x5a, 0xff, 0x7a,
    0xff, 0x5a, 0xff, 0x5a, 0xff, 0x5a, 0xff, 0x5a, 0xff, 0x7a, 0xef, 0x7c, 0xe7, 0x5c, 0xbe, 0x17,
    0xd6, 0xda, 0xef, 0x5c, 0xef, 0x7c, 0xef, 0x7c, 0xef, 0x7c, 0xef, 0x7c, 0xef, 0x5c, 0xce, 0x37,
    0xcd, 0xf5, 0xff, 0x3a, 0xff, 0x5a, 0xff, 0x5a, 0xff, 0x5a, 0xff, 0x5a, 0xff, 0x19, 0xcd, 0x73,
    0x72, 0xc9, 0x51, 0xa5, 0x5a, 0x06, 0x7b, 0x2b, 0xa4, 0x2f, 0xbd, 0x32, 0xdd, 0xf5, 0xee, 0x97,
    0xf6, 0xd9, 0xf6, 0xf9, 0xf7, 0x19, 0xf7, 0x19, 0xf7, 0x19, 0xff, 0x19, 0xff, 0x19, 0xff, 0x19,
    0xff, 0x19, 0xff, 0x19, 0xff, 0x19, 0xff, 0x19, 0xff, 0x19, 0xfe, 0xf9, 0xfe, 0xd8, 0xf6, 0x97,
    0xf6, 0x56, 0xdd, 0xb3, 0xc4, 0xf1, 0xdd, 0xd4, 0xff, 0x19, 0xff, 0x5a, 0xff, 0x7a, 0xff, 0x5a,
    0xff, 0x5a, 0xff, 0x5a, 0xff, 0x5a, 0xff, 0x5a, 0xef, 0x7c, 0xe7, 0x5c, 0xce, 0x79, 0xc6, 0x38,
    0xe7, 0x5c, 0xe7, 0x7c, 0xe7, 0x7c, 0xef, 0x7c, 0xef, 0x7c, 0xef, 0x5c, 0xde, 0xb9, 0xbd, 0x94,
    0xf7, 0x3a, 0xff, 0x5a, 0xff, 0x5a, 0xff, 0x5a, 0xff, 0x5a, 0xff, 0x3a, 0xf6, 0xf9, 0xd5, 0xf5,
    0x8b, 0xad, 0x49, 0x84, 0x30, 0xc2, 0x30, 0xc2, 0x41, 0x23, 0x51, 0xc6, 0x6a, 0x88, 0x83, 0x4b,
    0x9b, 0xee, 0xac, 0x90, 0xbd, 0x12, 0xbd, 0x53, 0xc5, 0x73, 0xc5, 0x74, 0xc5, 0x74, 0xc5, 0x53,
    0xc5, 0x53, 0xbd, 0x33, 0xc5, 0x33, 0xc5, 0x73, 0xd5, 0xd5, 0xe6, 0x36, 0xee, 0x98, 0xf6, 0xb8,
    0xf6, 0xb8, 0xf6, 0x97, 0xee, 0x76, 0xff, 0x19, 0xff, 0x5a, 0xff, 0x7a, 0xff, 0x7a, 0xff, 0x5a,
    0xff, 0x5a, 0xff, 0x5a, 0xff, 0x5a, 0xef, 0x7c, 0xe7, 0x5c, 0xde, 0xfb, 0xb5, 0xb6, 0xdf, 0x1b,
    0xe7, 0x5c, 0xe7, 0x7c, 0xe7, 0x7c, 0xe7, 0x7c, 0xef, 0x5c, 0xe7, 0x3b, 0xbd, 0x74, 0xee, 0xd9,
    0xff, 0x3a, 0xff, 0x3a, 0xff, 0x3a, 0xff, 0x3a, 0xff, 0x1a, 0xf6, 0xf9, 0xe6, 0x78, 0xc5, 0x53,
    0x6a, 0x89, 0x28, 0xa2, 0x28, 0x61, 0x28, 0x61, 0x28, 0x81, 0x28, 0x81, 0x28, 0xa1, 0x30, 0xc2,
    0x30, 0xe2, 0x39, 0x23, 0x39, 0x44, 0x51, 0xe6, 0x6a, 0xca, 0x5a, 0x48, 0x41, 0x64, 0x39, 0x44,
    0x41, 0x44, 0x41, 0x44, 0x41, 0x65, 0x51, 0xc6, 0x62, 0x48, 0x7b, 0x2b, 0xac, 0x90, 0xdd, 0xf6,
    0xf6, 0xd9, 0xff, 0x19, 0xff, 0x3a, 0xff, 0x5a, 0xff, 0x7a, 0xff, 0x7a, 0xff, 0x5a, 0xff, 0x5a,
    0xff, 0x5a, 0xff, 0x5a, 0xef, 0x7c, 0xe7, 0x5c, 0xe7, 0x3c, 0xb5, 0xf6, 0xc6, 0x58, 0xe7, 0x5c,
    0xe7, 0x5c, 0xe7, 0x5c, 0xe7, 0x5c, 0xe7, 0x5c, 0xe7, 0x3b, 0xc5, 0xd5, 0xd6, 0x37, 0xde, 0x56,
    0xc5, 0x52, 0xc5, 0x52, 0xbd, 0x32, 0xac, 0xb0, 0x8b, 0xad, 0x62, 0x47, 0x41, 0x23, 0x30, 0xa1,
    0x28, 0x61, 0x20, 0x61, 0x20, 0x61, 0x20, 0x61, 0x20, 0x61, 0x28, 0x61, 0x20, 0x61, 0x20, 0x61,
    0x20, 0x81, 0x28, 0xc2, 0x7b, 0x6c, 0xde, 0x99, 0xb5, 0x34, 0x41, 0x64, 0x28, 0xc2, 0x28, 0xa1,
    0x28, 0xa1, 0x28, 0xa1, 0x28, 0xa1, 0x30, 0xc2, 0x39, 0x03, 0x49, 0xa5, 0x7a, 0xea, 0xb4, 0xd1,
    0xee, 0xb8, 0xff, 0x3a, 0xff, 0x5a, 0xff, 0x7a, 0xff, 0x7a, 0xff, 0x5a, 0xff, 0x5a, 0xff, 0x5a,
    0xff, 0x5a, 0xe7, 0x7c, 0xe7, 0x5d, 0xe7, 0x5c, 0xce, 0x99, 0xad, 0xb5, 0xdf, 0x1b, 0xe7, 0x5c,
    0xe7, 0x5c, 0xe7, 0x5c, 0xe7, 0x5c, 0xe7, 0x5c, 0xd6, 0x58, 0xc5, 0xb5, 0xee, 0xb8, 0xc5, 0x52,
    0x83, 0x4b, 0x5a, 0x06, 0x41, 0x43, 0x38, 0xe2, 0x30, 0xa1, 0x28, 0x81, 0x28, 0x61, 0x20, 0x61,
    0x20, 0x60, 0x28, 0x61, 0x20, 0x61, 0x20, 0x61, 0x28, 0x61, 0x28, 0x81, 0x28, 0x81, 0x28, 0xc2,
    0x31, 0x03, 0x73, 0x0a, 0xcd, 0xf6, 0x9c, 0x91, 0x49, 0xc6, 0x41, 0x85, 0x49, 0xa5, 0x49, 0xa5,
    0x49, 0xa5, 0x41, 0x64, 0x41, 0x44, 0x39, 0x23, 0x39, 0x23, 0x49, 0xa5, 0x83, 0x6b, 0xb5, 0x11,
    0xee, 0xb8, 0xff, 0x5a, 0xff, 0x7a, 0xff, 0x5a, 0xff, 0x7a, 0xff, 0x5a, 0xff, 0x5a, 0xff, 0x5a,
    0xe7, 0x5c, 0xe7, 0x5c, 0xe7, 0x5c, 0xdf, 0x1b, 0xad, 0x75, 0xc6, 0x58, 0xdf, 0x3b, 0xe7, 0x5c,
    0xe7, 0x5c, 0xe7, 0x5c, 0xe7, 0x5c, 0xde, 0xda, 0xbd, 0x74, 0xee, 0xd9, 0xff, 0x19, 0xe6, 0x56,
    0xb4, 0xd1, 0x7a, 0xe9, 0x41, 0x64, 0x30, 0xc1, 0x28, 0x81, 0x28, 0x81, 0x28, 0x81, 0x28, 0x61,
    0x28, 0x81, 0x30, 0xa1, 0x30, 0xc2, 0x41, 0x44, 0x59, 0xe6, 0x6a, 0x89, 0x7b, 0x2b, 0x93, 0xad,
    0xa4, 0x4f, 0xb5, 0x12, 0xbd, 0x33, 0xc5, 0x53, 0xcd, 0x94, 0xd5, 0xd5, 0xd5, 0xd5, 0xd5, 0xd5,
    0xcd, 0xb4, 0xc5, 0x53, 0xac, 0xd1, 0x94, 0x0e, 0x7a, 0xea, 0x6a, 0xa8, 0x9c, 0x0e, 0xde, 0x36,
    0xff, 0x3a, 0xff, 0x5a, 0xff, 0x5a, 0xff, 0x5a, 0xff, 0x5a, 0xff, 0x5a, 0xff, 0x5a, 0xe7, 0x5c,
    0xe7, 0x5c, 0xe7, 0x5c, 0xdf, 0x3c, 0xb5, 0xf7, 0xa5, 0x75, 0xd6, 0xda, 0xdf, 0x3c, 0xe7, 0x5c,
    0xdf, 0x5c, 0xe7, 0x5c, 0xe7, 0x1b, 0xbd, 0x95, 0xde, 0x37, 0xff, 0x1a, 0xff, 0x19, 0xee, 0x77,
    0xb4, 0xd1, 0x83, 0x6b, 0x72, 0xc9, 0x72, 0xa9, 0x72, 0xc9, 0x6a, 0x68, 0x39, 0x02, 0x5a, 0x06,
    0x83, 0x4b, 0xa4, 0x4f, 0xc5, 0x33, 0xdd, 0xf5, 0xe6, 0x77, 0xf6, 0xb8, 0xf6, 0xd9, 0xfe, 0xf9,
    0xfe, 0xf9, 0xff, 0x19, 0xff, 0x19, 0xff, 0x3a, 0xff, 0x3a, 0xff, 0x3a, 0xff, 0x3a, 0xff, 0x5a,
    0xff, 0x5a, 0xff, 0x39, 0xf7, 0x19, 0xee, 0xb8, 0xd5, 0xd5, 0xb4, 0xd1, 0xbd, 0x11, 0xf6, 0xd8,
    0xff, 0x5a, 0xff, 0x5a, 0xff, 0x5a, 0xff, 0x5a, 0xff, 0x5a, 0xff, 0x5a, 0xe7, 0x5c, 0xdf, 0x5c,
    0xdf, 0x5c, 0xdf, 0x3c, 0xce, 0xba, 0x9d, 0x34, 0xbd, 0xf7, 0xdf, 0x1b, 0xdf, 0x3c, 0xdf, 0x5c,
    0xe7, 0x3c, 0xe7, 0x3c, 0xce, 0x37, 0xc5, 0x94, 0xf6, 0xf9, 0xff, 0x1a, 0xff, 0x19, 0xf6, 0xd8,
    0xee, 0xb8, 0xee, 0x97, 0xee, 0x77, 0xee, 0x77, 0xbc, 0xf1, 0x72, 0xc9, 0xc5, 0x53, 0xf6, 0x98,
    0xfe, 0xd9, 0xfe, 0xf9, 0xfe, 0xf9, 0xfe, 0xf9, 0xff, 0x19, 0xff, 0x19, 0xff, 0x19, 0xff, 0x19,
    0xff, 0x19, 0xff, 0x19, 0xff, 0x19, 0xff, 0x39, 0xff, 0x3a, 0xff, 0x3a, 0xff, 0x3a, 0xff, 0x5a,
    0xff, 0x5a, 0xff, 0x5a, 0xff, 0x5a, 0xff, 0x3a, 0xff, 0x3a, 0xf6, 0xf8, 0xf7, 0x19, 0xff, 0x5a,
    0xff, 0x5a, 0xff, 0x5a, 0xff, 0x5a, 0xff, 0x5a, 0xff, 0x5a, 0xdf, 0x3c, 0xdf, 0x5c, 0xdf, 0x5c,
    0xdf, 0x3c, 0xd7, 0x1b, 0xad, 0x95, 0x9d, 0x34, 0xce, 0x99, 0xdf, 0x3c, 0xdf, 0x3c, 0xe7, 0x3c,
    0xdf, 0x3c, 0xde, 0xda, 0xb5, 0x33, 0xee, 0x98, 0xff, 0x19, 0xff, 0x19, 0xff, 0x19, 0xff, 0x19,
    0xfe, 0xf9, 0xfe, 0xf9, 0xfe, 0xf9, 0xf6, 0x97, 0xe6, 0x35, 0xf6, 0xb8, 0xfe, 0xd9, 0xfe, 0xd9,
    0xfe, 0xd9, 0xfe, 0xd9, 0xfe, 0xf9, 0xfe, 0xf9, 0xfe, 0xf9, 0xfe, 0xf9, 0xfe, 0xf9, 0xfe, 0xf9,
    0xff, 0x19, 0xff, 0x19, 0xff, 0x19, 0xff, 0x39, 0xff, 0x39, 0xff, 0x3a, 0xff, 0x3a, 0xff, 0x5a,
    0xff, 0x5a, 0xff, 0x5a, 0xff, 0x5a, 0xff, 0x5a, 0xff, 0x5a, 0xff, 0x5a, 0xff, 0x5a, 0xff, 0x5a,
    0xff, 0x5a, 0xff, 0x5a, 0xff, 0x5a, 0xff, 0x5a, 0xdf, 0x3c, 0xdf, 0x3c, 0xdf, 0x3c, 0xdf, 0x3c,
    0xd7, 0x3c, 0xc6, 0x79, 0x94, 0xd3, 0xad, 0xb6, 0xd6, 0xfb, 0xdf, 0x3c, 0xdf, 0x3c, 0xdf, 0x3c,
    0xdf, 0x1b, 0xbd, 0x95, 0xd5, 0xf6, 0xfe, 0xf9, 0xfe, 0xf9, 0xfe, 0xf9, 0xfe, 0xf9, 0xfe, 0xf9,
    0xfe, 0xd8, 0xfe, 0xd8, 0xfe, 0xd8, 0xfe, 0xb8, 0xfe, 0xb8, 0xfe, 0xd8, 0xfe, 0xd8, 0xfe, 0xd8,
    0xfe, 0xd8, 0xfe, 0xd8, 0xfe, 0xd8, 0xfe, 0xd8, 0xfe, 0xd8, 0xfe, 0xf8, 0xfe, 0xf8, 0xfe, 0xf9,
    0xfe, 0xf9, 0xff, 0x19, 0xff, 0x19, 0xff, 0x39, 0xff, 0x39, 0xff, 0x39, 0xff, 0x3a, 0xff, 0x5a,
    0xff, 0x5a, 0xff, 0x5a, 0xff, 0x5a, 0xff, 0x5a, 0xff, 0x5a, 0xff, 0x5a, 0xff, 0x5a, 0xff, 0x5a,
    0xff, 0x5a, 0xff, 0x5a, 0xff, 0x5a, 0xdf, 0x1b, 0xdf, 0x3b, 0xdf, 0x3c, 0xdf, 0x3c, 0xd7, 0x3b,
    0xd6, 0xfb, 0x9d, 0x54, 0x94, 0xf3, 0xbe, 0x17, 0xdf, 0x1b, 0xdf, 0x3c, 0xdf, 0x3c, 0xe7, 0x3c,
    0xce, 0x58, 0xbd, 0x53, 0xf6, 0xb8, 0xfe, 0xd9, 0xfe, 0xd9, 0xfe, 0xd8, 0xfe, 0xd8, 0xfe, 0xd8,
    0xfe, 0xb8, 0xfe, 0xb8, 0xfe, 0xb8, 0xfe, 0xb8, 0xfe, 0xb8, 0xfe, 0xb8, 0xfe, 0xb8, 0xfe, 0xb8,
    0xfe, 0xb8, 0xfe, 0xb8, 0xfe, 0xb8, 0xfe, 0xd8, 0xfe, 0xd8, 0xfe, 0xd8, 0xfe, 0xd8, 0xfe, 0xf9,
    0xfe, 0xf9, 0xff, 0x19, 0xff, 0x19, 0xff, 0x19, 0xff, 0x39, 0xff, 0x3a, 0xff, 0x5a, 0xff, 0x5a,
    0xff, 0x5a, 0xff, 0x5a, 0xff, 0x5a, 0xff, 0x5a, 0xff, 0x5a, 0xff, 0x5a, 0xff, 0x5a, 0xff, 0x5a,
    0xff, 0x5a, 0xff, 0x5a, 0xce, 0x99, 0xdf, 0x3b, 0xdf, 0x3b, 0xdf, 0x3c, 0xd7, 0x3b, 0xd7, 0x1b,
    0xbe, 0x38, 0x8c, 0x92, 0xa5, 0x54, 0xc6, 0x79, 0xdf, 0x1b, 0xdf, 0x3c, 0xdf, 0x3c, 0xde, 0xda,
    0xb5, 0x53, 0xe6, 0x37, 0xfe, 0xb8, 0xfe, 0xb8, 0xfe, 0xb8, 0xfe, 0xb8, 0xfe, 0xb8, 0xfe, 0xb8,
    0xfe, 0x98, 0xfe, 0x98, 0xfe, 0x98, 0xfe, 0x98, 0xfe, 0x98, 0xfe, 0x98, 0xfe, 0x98, 0xfe, 0x98,
    0xfe, 0x98, 0xfe, 0xb8, 0xfe, 0xb8, 0xfe, 0xb8, 0xfe, 0xb8, 0xfe, 0xd8, 0xfe, 0xd8, 0xfe, 0xf8,
    0xfe, 0xf9, 0xfe, 0xf9, 0xff, 0x19, 0xff, 0x19, 0xff, 0x39, 0xff, 0x3a, 0xff, 0x5a, 0xff, 0x5a,
    0xff, 0x5a, 0xff, 0x5a, 0xff, 0x5a, 0xff, 0x5a, 0xff, 0x5a, 0xff, 0x5a, 0xff, 0x5a, 0xff, 0x5a,
    0xff, 0x5a, 0xb5, 0xd6, 0xdf, 0x1b, 0xdf, 0x3b, 0xdf, 0x3b, 0xd7, 0x1b, 0xd7, 0x1b, 0xce, 0xda,
    0x94, 0xf3, 0x8c, 0xb2, 0xad, 0x96, 0xce, 0xba, 0xdf, 0x1b, 0xdf, 0x3c, 0xdf, 0x1b, 0xc5, 0xf6,
    0xcd, 0x94, 0xf6, 0x98, 0xfe, 0xb8, 0xfe, 0xb8, 0xfe, 0x97, 0xfe, 0x97, 0xfe, 0x97, 0xfe, 0x97,
    0xfe, 0x97, 0xfe, 0x97, 0xfe, 0x97, 0xfe, 0x97, 0xfe, 0x97, 0xfe, 0x97, 0xfe, 0x97, 0xfe, 0x97,
    0xfe, 0x97, 0xfe, 0x98, 0xfe, 0xb8, 0xfe, 0xb8, 0xfe, 0xb8, 0xfe, 0xd8, 0xfe, 0xd8, 0xfe, 0xf8,
    0xfe, 0xf9, 0xfe, 0xf9, 0xff, 0x19, 0xff, 0x39, 0xff, 0x39, 0xff, 0x3a, 0xff, 0x5a, 0xff, 0x5a,
    0xff, 0x5a, 0xff, 0x5a, 0xff, 0x5a, 0xff, 0x5a, 0xff, 0x5a, 0xff, 0x5a, 0xff, 0x5a, 0xff, 0x5a,
    0xa5, 0x75, 0xce, 0x99, 0xdf, 0x3b, 0xdf, 0x3b, 0xd7, 0x1b, 0xd7, 0x1b, 0xd6, 0xfb, 0xb6, 0x18,
    0x7c, 0x30, 0x9c, 0xf4, 0xb5, 0xd7, 0xd6, 0xda, 0xdf, 0x1b, 0xdf, 0x3b, 0xd6, 0xb9, 0xb5, 0x33,
    0xee, 0x57, 0xfe, 0x98, 0xfe, 0x97, 0xfe, 0x97, 0xfe, 0x77, 0xfe, 0x77, 0xfe, 0x77, 0xfe, 0x77,
    0xfe, 0x77, 0xfe, 0x77, 0xfe, 0x77, 0xfe, 0x97, 0xfe, 0x77, 0xfe, 0x77, 0xfe, 0x77, 0xfe, 0x97,
    0xfe, 0x97, 0xfe, 0x97, 0xfe, 0x97, 0xfe, 0x98, 0xfe, 0xb8, 0xfe, 0xb8, 0xfe, 0xd8, 0xfe, 0xd8,
    0xfe, 0xf9, 0xff, 0x19, 0xff, 0x19, 0xff, 0x39, 0xff, 0x3a, 0xff, 0x5a, 0xff, 0x5a, 0xff, 0x5a,
    0xff, 0x5a, 0xff, 0x5a, 0xff, 0x5a, 0xff, 0x5a, 0xff, 0x5a, 0xff, 0x5a, 0xff, 0x5a, 0xad, 0x95,
    0xb5, 0xd6, 0xd6, 0xfb, 0xdf, 0x3b, 0xd7, 0x1b, 0xd7, 0x1b, 0xd6, 0xfb, 0xce, 0xda, 0x8c, 0xb2,
    0x84, 0x30, 0xa5, 0x34, 0xbe, 0x18, 0xd6, 0xfb, 0xdf, 0x1b, 0xdf, 0x1b, 0xc5, 0xb5, 0xcd, 0x94,
    0xfe, 0x77, 0xfe, 0x77, 0xfe, 0x57, 0xfe, 0x57, 0xfe, 0x77, 0xfe, 0x77, 0xfe, 0x77, 0xfe, 0x77,
    0xfe, 0x57, 0xfe, 0x77, 0xfe, 0x77, 0xfe, 0x77, 0xfe, 0x57, 0xfe, 0x57, 0xfe, 0x77, 0xfe, 0x77,
    0xfe, 0x77, 0xfe, 0x77, 0xfe, 0x77, 0xfe, 0x98, 0xfe, 0xb8, 0xfe, 0xb8, 0xfe, 0xd8, 0xfe, 0xf8,
    0xff, 0x19, 0xff, 0x19, 0xff, 0x39, 0xff, 0x3a, 0xff, 0x5a, 0xff, 0x5a, 0xff, 0x5a, 0xff, 0x7a,
    0xff, 0x5a, 0xff, 0x5a, 0xff, 0x5a, 0xff, 0x5a, 0xff, 0x5a, 0xff, 0x5a,
};

const lv_img_dsc_t avatar_asset_eye_left_closed = {
    .header.always_zero = 0,
    .header.w = 55,
    .header.h = 58,
    .header.cf = LV_IMG_CF_TRUE_COLOR_CHROMA_KEYED,
    .data_size = sizeof(eye_left_closed_map),
    .data = eye_left_closed_map,
};

static const uint8_t eye_right_open_map[] = {
    0xff, 0x9b, 0xff, 0x9b, 0xff, 0x9b, 0xff, 0x9b, 0xff, 0x9b, 0xff, 0x9b, 0xff, 0x9b, 0xff, 0x9b,
    0xff, 0x9b, 0xff, 0x9b, 0xff, 0x9b, 0xff, 0x9b, 0xff, 0x7b, 0xff, 0x7b, 0xff, 0x7b, 0xff, 0x7b,
    0xff, 0x7b, 0xff, 0x7b, 0xff, 0x9b, 0xee, 0x56, 0xdd, 0x52, 0x9b, 0xcc, 0x8b, 0xee, 0xd6, 0x57,
    0xe6, 0xf9, 0xd6, 0x77, 0xde, 0x98, 0xf7, 0x7b, 0xff, 0xbc, 0xde, 0xd9, 0xa4, 0xf2, 0x83, 0xee,
    0xbd, 0xb4, 0xbd, 0x93, 0xde, 0xb9, 0xff, 0xbd, 0xd6, 0x98, 0xbd, 0x94, 0xc5, 0xd5, 0x9c, 0xb1,
    0xde, 0x98, 0xff, 0xbc, 0xf7, 0x9c, 0xf7, 0x9c, 0xf7, 0x9c, 0xf7, 0x9c, 0xf7, 0x9c, 0xf7, 0x9c,
    0xf7, 0x9c, 0xf7, 0x9c, 0xf7, 0x9c, 0xf7, 0x9c, 0xf7, 0x7c, 0xf7, 0x7c, 0xf7, 0x7c, 0xff, 0x9b,
    0xff, 0x9b, 0xff, 0x9b, 0xff, 0x9b, 0xff, 0x9b, 0xff, 0x9b, 0xff, 0x9b, 0xff, 0x9b, 0xff, 0x9b,
    0xff, 0x9b, 0xff, 0x9b, 0xff, 0x9b, 0xff, 0x9b, 0xff, 0x9b, 0xff, 0x9b, 0xff, 0x7b, 0xff, 0x7b,
    0xff, 0x7b, 0xff, 0x7b, 0xff, 0x7b, 0xe5, 0xf5, 0xdd, 0x32, 0x8b, 0x4b, 0x9c, 0x90, 0xd6, 0x57,
    0xe6, 0xfa, 0xd6, 0x77, 0xde, 0xb8, 0xf7, 0x9c, 0xef, 0x5b, 0xc5, 0xd5, 0x83, 0xee, 0xac, 0xf2,
    0xbd, 0xb4, 0xc5, 0xd5, 0xf7, 0x7b, 0xde, 0x98, 0xbd, 0x94, 0xc5, 0xd5, 0xa4, 0xd1, 0xce, 0x36,
    0xff, 0xbc, 0xf7, 0x9c, 0xf7, 0x9c, 0xf7, 0x9c, 0xf7, 0x9c, 0xf7, 0x9c, 0xf7, 0x9c, 0xf7, 0x9c,
    0xf7, 0x9c, 0xf7, 0x9c, 0xf7, 0x9c, 0xf7, 0x9c, 0xf7, 0x9c, 0xf7, 0x7c, 0xff, 0x9b, 0xff, 0x9b,
    0xff, 0x9b, 0xff, 0x9b, 0xff, 0x9b, 0xff, 0x9b, 0xff, 0x9b, 0xff, 0x9b, 0xff, 0x9b, 0xff, 0x9b,
    0xff, 0x9b, 0xff, 0x9b, 0xff, 0x9b, 0xff, 0x9b, 0xff, 0x9b, 0xff, 0x9b, 0xff, 0x7b, 0xff, 0x7b,
    0xff, 0x7b, 0xff, 0x9c, 0xff, 0x5a, 0xe5, 0xb4, 0xd5, 0x11, 0x7b, 0x2a, 0xa5, 0x12, 0xd6, 0x57,
    0xe6, 0xfa, 0xce, 0x57, 0xe6, 0xd9, 0xff, 0xbc, 0xd6, 0x57, 0xa4, 0xd1, 0x8c, 0x0e, 0xc5, 0xb5,
    0xbd, 0x74, 0xd6, 0x78, 0xde, 0xb8, 0xbd, 0x94, 0xc5, 0xd5, 0xa4, 0xf1, 0xbd, 0x94, 0xff, 0xbd,
    0xf7, 0x9c, 0xf7, 0x9c, 0xf7, 0x9c, 0xf7, 0x9c, 0xf7, 0x9c, 0xf7, 0x9c, 0xf7, 0x9c, 0xf7, 0x9c,
    0xf7, 0x9c, 0xf7, 0x7c, 0xf7, 0x7c, 0xf7, 0x7c, 0xf7, 0x7c, 0xff, 0x9b, 0xff, 0x9b, 0xff, 0x9b,
    0xff, 0x9b, 0xff, 0x9b, 0xff, 0x9b, 0xff, 0x9b, 0xff, 0x9b, 0xff, 0x9b, 0xff, 0x9b, 0xff, 0x9b,
    0xff, 0x9b, 0xff, 0x9b, 0xff, 0x9b, 0xff, 0x7b, 0xff, 0x7c, 0xff, 0x9b, 0xff, 0x7b, 0xff, 0x7b,
    0xff, 0x7b, 0xff, 0x9c, 0xff, 0x1a, 0xdd, 0x93, 0xc4, 0x90, 0x7b, 0x2b, 0xad, 0x53, 0xce, 0x37,
    0xe6, 0xf9, 0xce, 0x37, 0xef, 0x3a, 0xe6, 0xd9, 0xbd, 0x94, 0x8c, 0x0e, 0xad, 0x12, 0xc5, 0xb5,
    0xbd, 0xb5, 0xce, 0x37, 0xbd, 0xb4, 0xc5, 0xb5, 0xad, 0x32, 0xad, 0x32, 0xff, 0xbc, 0xf7, 0x7c,
    0xf7, 0x9c, 0xf7, 0x9c, 0xf7, 0x9c, 0xf7, 0x9c, 0xf7, 0x9c, 0xf7, 0x9c, 0xf7, 0x9c, 0xf7, 0x9c,
    0xf7, 0x7c, 0xf7, 0x7c, 0xf7, 0x7c, 0xf7, 0x7c, 0xff, 0x9b, 0xff, 0x9b, 0xff, 0x9b, 0xff, 0x9b,
    0xff, 0x9b, 0xff, 0x9b, 0xff, 0x9b, 0xff, 0x9b, 0xff, 0x9b, 0xff, 0x9b, 0xff, 0x9b, 0xff, 0x9b,
    0xff, 0x9b, 0xff, 0x9b, 0xff, 0x9b, 0xff, 0x9b, 0xff, 0x9b, 0xff, 0x7b, 0xff, 0x7b, 0xff, 0x7b,
    0xff, 0x7b, 0xff, 0x9c, 0xf6, 0xd8, 0xdd, 0x73, 0xb4, 0x2e, 0x7b, 0x8c, 0xb5, 0x74, 0xc5, 0xd5,
    0xde, 0x98, 0xd6, 0x77, 0xe6, 0xfa, 0xc5, 0xf5, 0xa4, 0xf2, 0x8c, 0x0e, 0xc5, 0xd5, 0xbd, 0xb4,
    0xbd, 0xb4, 0xbd, 0xb5, 0xbd, 0xb5, 0xb5, 0x73, 0xa4, 0xd1, 0xf7, 0x7c, 0xf7, 0x9c, 0xf7, 0x9c,
    0xf7, 0x9c, 0xf7, 0x9c, 0xf7, 0x9c, 0xf7, 0x9c, 0xf7, 0x9c, 0xf7, 0x9c, 0xf7, 0x7c, 0xf7, 0x7c,
    0xf7, 0x7c, 0xf7, 0x7c, 0xf7, 0x7c, 0xff, 0x9b, 0xff, 0x9b, 0xff, 0x9b, 0xff, 0x9b, 0xff, 0x9b,
    0xff, 0x9b, 0xff, 0x9b, 0xff, 0x9b, 0xff, 0x9b, 0xff, 0x9b, 0xff, 0x9b, 0xff, 0x9b, 0xff, 0x9b,
    0xff, 0x9b, 0xff, 0x9b, 0xff, 0x9b, 0xff, 0x7b, 0xff, 0x7b, 0xff, 0x7b, 0xff, 0x7b, 0xff, 0x7b,
    0xff, 0x9b, 0xff, 0x9c, 0xee, 0x57, 0xdd, 0x53, 0xa3, 0xee, 0x8b, 0xee, 0xb5, 0x94, 0xbd, 0xb5,
    0xce, 0x16, 0xd6, 0x57, 0xce, 0x16, 0xc5, 0xd5, 0x8c, 0x0e, 0xad, 0x12, 0xc5, 0xd5, 0xbd, 0xb4,
    0xbd, 0xb4, 0xbd, 0xb4, 0xbd, 0x94, 0x94, 0x90, 0xef, 0x3a, 0xf7, 0x9c, 0xf7, 0x9c, 0xf7, 0x9c,
    0xf7, 0x9c, 0xf7, 0x9c, 0xf7, 0x9c, 0xf7, 0x9c, 0xf7, 0x9c, 0xf7, 0x7c, 0xf7, 0x7c, 0xf7, 0x7c,
    0xf7, 0x7c, 0xf7, 0x7c, 0xff, 0x9b, 0xff, 0x9b, 0xff, 0x9b, 0xff, 0x9b, 0xff, 0x9b, 0xff, 0x9b,
    0xff, 0x9b, 0xff, 0x9b, 0xff, 0x9b, 0xff, 0x9b, 0xff, 0x9b, 0xff, 0x9b, 0xff, 0x9b, 0xff, 0x9b,
    0xff, 0x9b, 0xff, 0x7b, 0xff, 0x9b, 0xff, 0x7b, 0xff, 0x7b, 0xff, 0x7b, 0xff, 0x7b, 0xff, 0x7b,
    0xff, 0x9b, 0xff, 0x7b, 0xe6, 0x16, 0xdd, 0x53, 0x9b, 0xad, 0x94, 0x4f, 0xbd, 0xb4, 0xbd, 0x74,
    0xbd, 0xd4, 0xc5, 0xd5, 0xc5, 0xf5, 0xad, 0x12, 0x8b, 0xee, 0xc5, 0xd5, 0xbd, 0xb4, 0xbd, 0xb4,
    0xbd, 0xb4, 0xc5, 0xd5, 0x94, 0x70, 0xde, 0xd9, 0xf7, 0x9c, 0xf7, 0x9c, 0xf7, 0x9c, 0xf7, 0x9c,
    0xf7, 0x9c, 0xf7, 0x9c, 0xf7, 0x9c, 0xf7, 0x7c, 0xf7, 0x7c, 0xf7, 0x7c, 0xf7, 0x7c, 0xf7, 0x7c,
    0xf7, 0x7c, 0xff, 0x9b, 0xff, 0x9b, 0xff, 0x9b, 0xff, 0x9b, 0xff, 0x9b, 0xff, 0x9b, 0xff, 0x9b,
    0xff, 0x9b, 0xff, 0x9b, 0xff, 0x9b, 0xff, 0x9b, 0xff, 0x7b, 0xff, 0x7b, 0xff, 0x7b, 0xff, 0x9b,
    0xff, 0x9b, 0xff, 0x7b, 0xff, 0x7b, 0xff, 0x7b, 0xff, 0x7b, 0xff, 0x7b, 0xff, 0x7b, 0xff, 0x7b,
    0xff, 0x9b, 0xff, 0x7b, 0xe5, 0xf5, 0xdd, 0x52, 0x93, 0x8c, 0x9c, 0xb0, 0xbd, 0xd5, 0xb5, 0x94,
    0xbd, 0xb4, 0xbd, 0xb5, 0xc5, 0xf5, 0x8c, 0x0e, 0xa4, 0xd1, 0xc5, 0xd5, 0xbd, 0xb4, 0xbd, 0xb4,
    0xc5, 0xd5, 0x94, 0x90, 0xd6, 0x77, 0xff, 0xbc, 0xf7, 0x7c, 0xf7, 0x9c, 0xf7, 0x9c, 0xf7, 0x9c,
    0xf7, 0x9c, 0xf7, 0x7c, 0xf7, 0x9c, 0xf7, 0x9c, 0xf7, 0x7c, 0xf7, 0x7c, 0xf7, 0x7c, 0xf7, 0x7c,
    0xff, 0x9b, 0xff, 0x9b, 0xff, 0x9b, 0xff, 0x9b, 0xff, 0x9b, 0xff, 0x9b, 0xff, 0x9b, 0xff, 0x9b,
    0xff, 0x7b, 0xff, 0x7b, 0xff, 0x7b, 0xff, 0x7b, 0xff, 0x7b, 0xff, 0x7b, 0xff, 0x7b, 0xff, 0x7b,
    0xff, 0x7b, 0xff, 0x7b, 0xff, 0x7b, 0xff, 0x7b, 0xff, 0x7b, 0xff, 0x7b, 0xff, 0x7b, 0xff, 0x7b,
    0xff, 0x9b, 0xff, 0x5b, 0xe5, 0xd5, 0xdd, 0x12, 0x8b, 0x6b, 0xa4, 0xf1, 0xc5, 0xd5, 0xbd, 0x94,
    0xbd, 0xb4, 0xc5, 0xd5, 0xb5, 0x53, 0x83, 0xcd, 0xbd, 0xb5, 0xbd, 0xb4, 0xbd, 0xb4, 0xc5, 0xd5,
    0x9c, 0xb0, 0xce, 0x16, 0xff, 0xbc, 0xf7, 0x7c, 0xf7, 0x7c, 0xf7, 0x7c, 0xf7, 0x9c, 0xf7, 0x9c,
    0xf7, 0x9c, 0xf7, 0x9c, 0xf7, 0x7c, 0xf7, 0x7c, 0xf7, 0x7c, 0xf7, 0x7c, 0xf7, 0x7c, 0xff, 0x9b,
    0xff, 0x9b, 0xff, 0x9b, 0xff, 0x9b, 0xff, 0x9b, 0xff, 0x9b, 0xff, 0x9b, 0xff, 0x7b, 0xff, 0x7b,
    0xff, 0x7b, 0xff, 0x7b, 0xff, 0x7b, 0xff, 0x7b, 0xff, 0x7b, 0xff, 0x7b, 0xff, 0x7b, 0xff, 0x7b,
    0xff, 0x7b, 0xff, 0x7b, 0xff, 0x7b, 0xff, 0x9b, 0xff, 0x9b, 0xff, 0x7b, 0xff, 0x7b, 0xff, 0x7b,
    0xff, 0x9c, 0xff, 0x3b, 0xe5, 0xd5, 0xd4, 0xf1, 0x83, 0x2b, 0xac, 0xf2, 0xc5, 0xd5, 0xbd, 0xb5,
    0xbd, 0xb5, 0xc5, 0xf6, 0x94, 0x4f, 0xa4, 0xd1, 0xc5, 0xd5, 0xbd, 0xb4, 0xc5, 0xd5, 0x9c, 0xb0,
    0xb5, 0x94, 0xff, 0xdd, 0xf7, 0x7c, 0xf7, 0x9c, 0xf7, 0x9c, 0xf7, 0x9c, 0xf7, 0x9c, 0xf7, 0x9c,
    0xf7, 0x9c, 0xf7, 0x7c, 0xf7, 0x7c, 0xf7, 0x7c, 0xf7, 0x9c, 0xf7, 0x9c, 0xff, 0x9b, 0xff, 0x9b,
    0xff, 0x9b, 0xff, 0x9c, 0xff, 0x9c, 0xff, 0x9b, 0xff, 0x9b, 0xff, 0x9b, 0xff, 0x9b, 0xff, 0x9b,
    0xff, 0x7b, 0xff, 0x7b, 0xff, 0x7b, 0xff, 0x9b, 0xff, 0x7b, 0xff, 0x7b, 0xff, 0x9b, 0xff, 0x7b,
    0xff, 0x9b, 0xff, 0x7b, 0xff, 0x9b, 0xff, 0x7b, 0xff, 0x7b, 0xff, 0x7b, 0xff, 0x7b, 0xff, 0x7b,
    0xff, 0x9c, 0xff, 0x3a, 0xed, 0xd4, 0xcc, 0xd0, 0x7b, 0x0a, 0xad, 0x32, 0xc5, 0xd5, 0xbd, 0xb5,
    0xc5, 0xd5, 0xb5, 0x53, 0x83, 0xad, 0xbd, 0xb4, 0xbd, 0xb5, 0xc5, 0xd5, 0xa4, 0xb1, 0xa5, 0x12,
    0xff, 0xdd, 0xf7, 0x7c, 0xf7, 0x7c, 0xf7, 0x9c, 0xf7, 0x9c, 0xf7, 0x9c, 0xf7, 0x9c, 0xf7, 0x9c,
    0xf7, 0x9c, 0xf7, 0x9c, 0xf7, 0x9c, 0xf7, 0x9c, 0xf7, 0x9c, 0xff, 0x9b, 0xff, 0x9b, 0xff, 0x9b,
    0xff, 0x9c, 0xff, 0x9c, 0xff, 0xbc, 0xff, 0xdd, 0xff, 0xbc, 0xff, 0xbc, 0xff, 0xbc, 0xff, 0xbc,
    0xff, 0xdc, 0xff, 0xdd, 0xff, 0xdc, 0xff, 0xbc, 0xff, 0x9c, 0xff, 0x9b, 0xff, 0x9b, 0xff, 0x9b,
    0xff, 0x7b, 0xff, 0x7b, 0xff, 0x7b, 0xff, 0x7b, 0xff, 0x7b, 0xff, 0x9b, 0xff, 0x9b, 0xff, 0x7b,
    0xff, 0x9c, 0xff, 0x3a, 0xe5, 0xd4, 0xbc, 0x8f, 0x7b, 0x4b, 0xb5, 0x53, 0xc5, 0xd5, 0xbd, 0xb4,
    0xc5, 0xd5, 0x9c, 0x70, 0x94, 0x6f, 0xc5, 0xd5, 0xc5, 0xd5, 0xa4, 0xf2, 0x9c, 0xb1, 0xff, 0xbd,
    0xf7, 0x7c, 0xf7, 0x7c, 0xf7, 0x7c, 0xf7, 0x9c, 0xf7, 0x9c, 0xf7, 0x9c, 0xf7, 0x9c, 0xf7, 0x9c,
    0xf7, 0x9c, 0xf7, 0x9c, 0xf7, 0x9c, 0xf7, 0x9c, 0xff, 0x9b, 0xff, 0x9b, 0xff, 0x9b, 0xff, 0x9c,
    0xff, 0x9c, 0xde, 0x98, 0xbd, 0x73, 0xac, 0xf2, 0xa4, 0xb1, 0x9c, 0x70, 0x9c, 0x90, 0xac, 0xf1,
    0xbd, 0x73, 0xce, 0x16, 0xe6, 0xd9, 0xf7, 0x3a, 0xff, 0xbc, 0xff, 0xdd, 0xff, 0xbc, 0xff, 0x9b,
    0xff, 0x7b, 0xff, 0x7b, 0xff, 0x7b, 0xff, 0x9b, 0xff, 0x9b, 0xff, 0x9b, 0xff, 0x7b, 0xff, 0x7b,
    0xff, 0x9c, 0xff, 0x3a, 0xe5, 0xd5, 0xc4, 0x70, 0x83, 0x4b, 0xad, 0x53, 0xc5, 0xd5, 0xbd, 0xb5,
    0xbd, 0xb4, 0x83, 0xee, 0xad, 0x12, 0xc5, 0xf5, 0xad, 0x32, 0x94, 0x4f, 0xff, 0x9c, 0xf7, 0x9c,
    0xf7, 0x7c, 0xf7, 0x7c, 0xf7, 0x7c, 0xf7, 0x9c, 0xf7, 0x9c, 0xf7, 0x9c, 0xf7, 0x9c, 0xf7, 0x9c,
    0xf7, 0x9c, 0xf7, 0x9c, 0xf7, 0x9c, 0xff, 0x9b, 0xff, 0x9b, 0xff, 0x9c, 0xff, 0x9c, 0xd6, 0x36,
    0x94, 0x4f, 0x9c, 0x90, 0xa4, 0xd1, 0xad, 0x12, 0xad, 0x12, 0xa4, 0xb1, 0x94, 0x0e, 0x83, 0xad,
    0x7b, 0x4b, 0x73, 0x4b, 0x7b, 0xad, 0x94, 0x2f, 0xb5, 0x33, 0xde, 0x78, 0xff, 0x7b, 0xff, 0xbc,
    0xff, 0xbc, 0xff, 0x9b, 0xff, 0x7b, 0xff, 0x7b, 0xff, 0x7b, 0xff, 0x7b, 0xff, 0x7b, 0xff, 0x7b,
    0xff, 0x9c, 0xff, 0x3a, 0xe5, 0xd5, 0xc4, 0x8f, 0x7b, 0x2a, 0xad, 0x33, 0xc5, 0xf6, 0xbd, 0xd5,
    0xad, 0x33, 0x83, 0xed, 0xc5, 0xd5, 0xb5, 0x94, 0x8c, 0x2e, 0xf7, 0x7b, 0xf7, 0x9c, 0xf7, 0x7c,
    0xf7, 0x7c, 0xf7, 0x7c, 0xf7, 0x7c, 0xf7, 0x9c, 0xf7, 0x9c, 0xf7, 0x9c, 0xf7, 0x9c, 0xf7, 0x9c,
    0xf7, 0x9c, 0xf7, 0x9c, 0xff, 0x9b, 0xff, 0x9b, 0xff, 0x9b, 0xff, 0x7b, 0xef, 0x1a, 0xff, 0x7b,
    0xff, 0xbc, 0xff, 0xbc, 0xff, 0xbc, 0xff, 0xbc, 0xff, 0xbc, 0xff, 0x9c, 0xf7, 0x7b, 0xef, 0x1a,
    0xde, 0x98, 0xc5, 0xd5, 0xa4, 0xd1, 0x83, 0xad, 0x73, 0x4b, 0x7b, 0x8c, 0x9c, 0x90, 0xce, 0x16,
    0xf7, 0x5b, 0xff, 0xdd, 0xff, 0xbc, 0xff, 0x9b, 0xff, 0x7b, 0xff, 0x7b, 0xff, 0x7b, 0xff, 0x7b,
    0xff, 0x9c, 0xff, 0x5a, 0xed, 0xf5, 0xc4, 0x90, 0x7b, 0x2a, 0x9c, 0xb1, 0xc5, 0xf6, 0xc5, 0xf6,
    0x94, 0x4f, 0x94, 0x6f, 0xc5, 0xd5, 0x8c, 0x0e, 0xef, 0x1a, 0xf7, 0x9c, 0xf7, 0x7c, 0xf7, 0x7c,
    0xf7, 0x7c, 0xf7, 0x7c, 0xf7, 0x9c, 0xf7, 0x9c, 0xf7, 0x9c, 0xf7, 0x9c, 0xf7, 0x9c, 0xf7, 0x9c,
    0xf7, 0x9c, 0xff, 0x9b, 0xff, 0x9b, 0xff, 0x7b, 0xff, 0x9b, 0xff, 0x9c, 0xff, 0x9c, 0xff, 0x9b,
    0xff, 0x9c, 0xff, 0x7c, 0xff, 0x9b, 0xff, 0x9b, 0xff, 0x9b, 0xff, 0x9b, 0xff, 0xbc, 0xff, 0xbc,
    0xff, 0xdc, 0xff, 0xdc, 0xff, 0x7b, 0xe6, 0xd9, 0xc5, 0xb4, 0x9c, 0x70, 0x7b, 0x8c, 0x73, 0x4b,
    0x9c, 0x70, 0xde, 0x77, 0xff, 0xbc, 0xff, 0xdd, 0xff, 0x9c, 0xff, 0x9b, 0xff, 0x7b, 0xff, 0x7b,
    0xff, 0xbc, 0xff, 0x5b, 0xee, 0x16, 0xd4, 0xf1, 0x8b, 0x4b, 0x8c, 0x2e, 0xc5, 0xf6, 0xc5, 0xb5,
    0x7b, 0xac, 0xb5, 0x33, 0x94, 0x4f, 0xe6, 0xd9, 0xff, 0x9c, 0xf7, 0x7c, 0xf7, 0x9c, 0xf7, 0x7c,
    0xf7, 0x7c, 0xf7, 0x9c, 0xf7, 0x9c, 0xf7, 0x9c, 0xf7, 0x9c, 0xf7, 0x9c, 0xf7, 0x9c, 0xf7, 0x9c,
    0xff, 0x9b, 0xff, 0x9b, 0xff, 0x7b, 0xff, 0x7b, 0xff, 0x9b, 0xff, 0x9b, 0xff, 0x7b, 0xff, 0x7b,
    0xff, 0x7b, 0xff, 0x7b, 0xff, 0x7b, 0xff, 0x7b, 0xff, 0x7b, 0xff, 0x7b, 0xff, 0x7b, 0xff, 0x7b,
    0xff, 0x7b, 0xff, 0x9b, 0xff, 0xbc, 0xff, 0xdc, 0xff, 0xdd, 0xff, 0x7b, 0xde, 0x77, 0xa4, 0xb1,
    0x83, 0xac, 0x8b, 0xcd, 0xbd, 0x73, 0xf7, 0x3a, 0xff, 0xdd, 0xff, 0xbc, 0xff, 0x7b, 0xff, 0x9b,
    0xff, 0x9c, 0xff, 0x7b, 0xee, 0x56, 0xdd, 0x32, 0x9b, 0xac, 0x8b, 0xee, 0xbd, 0xb4, 0xad, 0x12,
    0x83, 0xee, 0x9c, 0x90, 0xde, 0xb8, 0xff, 0xbc, 0xf7, 0x7c, 0xf7, 0x7c, 0xf7, 0x7c, 0xf7, 0x7c,
    0xf7, 0x7c, 0xf7, 0x9c, 0xf7, 0x9c, 0xf7, 0x9c, 0xf7, 0x9c, 0xf7, 0x9c, 0xf7, 0x9c, 0xff, 0x9b,
    0xff, 0x9b, 0xff, 0x7b, 0xff, 0x7b, 0xff, 0x9b, 0xff, 0x9b, 0xff, 0x7b, 0xff, 0x7b, 0xff, 0x7b,
    0xff, 0x7b, 0xff, 0x7b, 0xff, 0x7b, 0xff, 0x7b, 0xff, 0x7b, 0xff, 0x7b, 0xff, 0x7b, 0xff, 0x7b,
    0xff, 0x7b, 0xff, 0x7b, 0xff, 0x7b, 0xff, 0x7b, 0xff, 0x9b, 0xff, 0xbc, 0xff, 0xdd, 0xff, 0x7c,
    0xd6, 0x36, 0x94, 0x4f, 0x83, 0xac, 0xac, 0xf1, 0xee, 0xf9, 0xff, 0xdd, 0xff, 0xbc, 0xff, 0x9c,
    0xff, 0x9c, 0xff, 0x9c, 0xf6, 0x77, 0xdd, 0x53, 0xb4, 0x4e, 0x8b, 0x8c, 0xb5, 0x53, 0x9c, 0x70,
    0x7b, 0xad, 0xde, 0x98, 0xff, 0xbc, 0xf7, 0x7c, 0xf7, 0x7c, 0xf7, 0x9c, 0xf7, 0x9c, 0xf7, 0x7c,
    0xf7, 0x9c, 0xf7, 0x9c, 0xf7, 0x9c, 0xf7, 0x9c, 0xf7, 0x9c, 0xf7, 0x9c, 0xff, 0x9b, 0xff, 0x9b,
    0xff, 0x7b, 0xff, 0x9b, 0xff, 0x9b, 0xff, 0x7b, 0xff, 0x7b, 0xff, 0x7b, 0xff, 0x7b, 0xff, 0x7b,
    0xff, 0x7b, 0xff, 0x7b, 0xff, 0x7b, 0xff, 0x7b, 0xff, 0x7b, 0xff, 0x7b, 0xff, 0x7b, 0xff, 0x7b,
    0xff, 0x7b, 0xff, 0x7b, 0xff, 0x9b, 0xff, 0x7b, 0xff, 0x7b, 0xff, 0x7b, 0xff, 0x9c, 0xff, 0xdc,
    0xff, 0xfd, 0xef, 0x1a, 0xb5, 0x32, 0x8c, 0x0e, 0xac, 0xf1, 0xee, 0xf9, 0xff, 0xdd, 0xff, 0x9c,
    0xff, 0x9b, 0xff, 0x9c, 0xf6, 0x98, 0xe5, 0x73, 0xcc, 0xd0, 0x9b, 0xed, 0x94, 0x2f, 0x6b, 0x2b,
    0xce, 0x37, 0xff, 0xbd, 0xf7, 0x9c, 0xf7, 0x9c, 0xf7, 0x7c, 0xf7, 0x9c, 0xf7, 0x9c, 0xf7, 0x9c,
    0xf7, 0x9c, 0xf7, 0x9c, 0xf7, 0x9c, 0xf7, 0x9c, 0xf7, 0x9c, 0xff, 0x9b, 0xff, 0x9b, 0xff, 0x9b,
    0xff, 0x9b, 0xff, 0x7b, 0xff, 0x7b, 0xff, 0x7b, 0xff, 0x7b, 0xff, 0x7b, 0xff, 0x7b, 0xff, 0x7b,
    0xff, 0x7b, 0xff, 0x7b, 0xff, 0x7b, 0xff, 0x7b, 0xff, 0x7b, 0xff, 0x7b, 0xff, 0x7b, 0xff, 0x7b,
    0xff, 0x7b, 0xff, 0x9b, 0xff, 0x7b, 0xff, 0x7b, 0xff, 0x7b, 0xff, 0x7b, 0xff, 0x7b, 0xff, 0x9b,
    0xff, 0xbc, 0xff, 0xfd, 0xf7, 0x7b, 0xc5, 0xb5, 0x9c, 0x90, 0xbd, 0x73, 0xf7, 0x3a, 0xff, 0xbc,
    0xff, 0x7b, 0xff, 0x9b, 0xf6, 0xb8, 0xdd, 0x53, 0xdd, 0x32, 0xb4, 0x6f, 0x72, 0xc9, 0xbd, 0x95,
    0xff, 0xdd, 0xf7, 0x9c, 0xf7, 0x7c, 0xf7, 0x7c, 0xf7, 0x9c, 0xf7, 0x9c, 0xf7, 0x7c, 0xf7, 0x7c,
    0xf7, 0x9c, 0xf7, 0x9c, 0xf7, 0x9c, 0xf7, 0x9c, 0xff, 0x9b, 0xff, 0x9b, 0xff, 0x9b, 0xff, 0x9b,
    0xff, 0x7b, 0xff, 0x7b, 0xff, 0x7b, 0xff, 0x7b, 0xff, 0x7b, 0xff, 0x7b, 0xff, 0x7b, 0xff, 0x7b,
    0xff, 0x7b, 0xff, 0x7b, 0xff, 0x7b, 0xff, 0x7b, 0xff, 0x7b, 0xff, 0x7b, 0xff, 0x7b, 0xff, 0x7b,
    0xff, 0x9b, 0xff, 0x7b, 0xff, 0x7b, 0xff, 0x7b, 0xff, 0x7b, 0xff, 0x7b, 0xff, 0x7b, 0xff, 0x7b,
    0xff, 0x7b, 0xff, 0x9c, 0xff, 0xdd, 0xff, 0x9c, 0xce, 0x16, 0xb5, 0x32, 0xde, 0x77, 0xff, 0x9c,
    0xff, 0x9b, 0xff, 0x9c, 0xee, 0x77, 0xdd, 0x32, 0xed, 0x93, 0xa3, 0xcd, 0xac, 0xf2, 0xff, 0xdd,
    0xf7, 0x9c, 0xf7, 0x7c, 0xf7, 0x7c, 0xf7, 0x9c, 0xf7, 0x7c, 0xf7, 0x7c, 0xf7, 0x7c, 0xf7, 0x9c,
    0xf7, 0x9c, 0xf7, 0x9c, 0xf7, 0x9c, 0xff, 0x9b, 0xff, 0x9b, 0xff, 0x9b, 0xff, 0x9b, 0xff, 0x7b,
    0xff, 0x7b, 0xff, 0x7b, 0xff, 0x7b, 0xff, 0x7b, 0xff, 0x7b, 0xff, 0x7b, 0xff, 0x7b, 0xff, 0x7b,
    0xff, 0x7b, 0xff, 0x7b, 0xff, 0x7b, 0xff, 0x7b, 0xff, 0x7b, 0xff, 0x7b, 0xff, 0x7b, 0xff, 0x7b,
    0xff, 0x7b, 0xff, 0x7b, 0xff, 0x7b, 0xff, 0x7b, 0xff, 0x7b, 0xff, 0x7b, 0xff, 0x7b, 0xff, 0x7b,
    0xff, 0x9b, 0xff, 0x9b, 0xff, 0x9b, 0xff, 0xdc, 0xff, 0x7b, 0xd6, 0x36, 0xcd, 0xf5, 0xf7, 0x3a,
    0xff, 0x9c, 0xff, 0x7b, 0xe6, 0x15, 0xdd, 0x32, 0xbc, 0x6f, 0xac, 0xd1, 0xff, 0xdd, 0xf7, 0x9c,
    0xf7, 0x7c, 0xf7, 0x7c, 0xf7, 0x9c, 0xf7, 0x9c, 0xf7, 0x7c, 0xf7, 0x7c, 0xf7, 0x9c, 0xf7, 0x9c,
    0xf7, 0x9c, 0xf7, 0x9c, 0xff, 0x9b, 0xff, 0x9b, 0xff, 0x9b, 0xff, 0x7b, 0xff, 0x7b, 0xff, 0x7b,
    0xff, 0x7b, 0xff, 0x7b, 0xff, 0x7b, 0xff, 0x7b, 0xff, 0x7b, 0xff, 0x7b, 0xff, 0x7b, 0xff, 0x7b,
    0xff, 0x7b, 0xff, 0x7b, 0xff, 0x7b, 0xff, 0x7b, 0xff, 0x7b, 0xff, 0x7b, 0xff, 0x7b, 0xff, 0x7b,
    0xff, 0x7b, 0xff, 0x7b, 0xff, 0x7b, 0xff, 0x7b, 0xff, 0x7b, 0xff, 0x7b, 0xff, 0x7b, 0xff, 0x7b,
    0xff, 0x7b, 0xff, 0x7b, 0xff, 0x7b, 0xff, 0x9c, 0xff, 0xbc, 0xef, 0x19, 0xde, 0x77, 0xf7, 0x5a,
    0xff, 0x9b, 0xff, 0x7b, 0xe5, 0xf5, 0xbc, 0x4f, 0xa4, 0x90, 0xff, 0xdd, 0xf7, 0x9c, 0xf7, 0x9c,
    0xf7, 0x9c, 0xf7, 0x9c, 0xf7, 0x9c, 0xf7, 0x9c, 0xf7, 0x7c, 0xf7, 0x7c, 0xf7, 0x9c, 0xf7, 0x9c,
    0xf7, 0x9c, 0xff, 0x9b, 0xff, 0x9b, 0xff, 0x9b, 0xff, 0x7b, 0xff, 0x7b, 0xff, 0x7b, 0xff, 0x7b,
    0xff, 0x7b, 0xff, 0x7b, 0xff, 0x7b, 0xff, 0x7b, 0xff, 0x7b, 0xff, 0x7b, 0xff, 0x7b, 0xff, 0x7b,
    0xff, 0x7b, 0xff, 0x7b, 0xff, 0x7b, 0xff, 0x7b, 0xff, 0x7b, 0xff, 0x7b, 0xff, 0x7b, 0xff, 0x7b,
    0xff, 0x7b, 0xff, 0x7b, 0xff, 0x7b, 0xff, 0x7b, 0xff, 0x7b, 0xff, 0x7b, 0xff, 0x7b, 0xff, 0x7b,
    0xff, 0x9b, 0xff, 0x7b, 0xff, 0x9b, 0xff, 0x7b, 0xff, 0x9c, 0xff, 0x7b, 0xf7, 0x3a, 0xff, 0x7b,
    0xff, 0x9b, 0xff, 0x3a, 0xc4, 0xb1, 0x9c, 0x6f, 0xff, 0xbd, 0xf7, 0x9c, 0xf7, 0x7c, 0xf7, 0x9c,
    0xf7, 0x9c, 0xf7, 0x9c, 0xf7, 0x7c, 0xf7, 0x7b, 0xf7, 0x7c, 0xf7, 0x9c, 0xf7, 0x9c, 0xf7, 0x9c,
    0xff, 0x9b, 0xff, 0x9b, 0xff, 0x7b, 0xff, 0x7b, 0xff, 0x7b, 0xff, 0x7b, 0xff, 0x7b, 0xff, 0x7b,
    0xff, 0x7b, 0xff, 0x7b, 0xff, 0x7b, 0xff, 0x7b, 0xff, 0x7b, 0xff, 0x7b, 0xff, 0x7b, 0xff, 0x7b,
    0xff, 0x7b, 0xff, 0x7b, 0xff, 0x7b, 0xff, 0x7b, 0xff, 0x7b, 0xff, 0x7b, 0xff, 0x7b, 0xff, 0x7b,
    0xff, 0x7b, 0xff, 0x7b, 0xff, 0x7b, 0xff, 0x7b, 0xff, 0x7b, 0xff, 0x7b, 0xff, 0x7b, 0xff, 0x9b,
    0xff, 0x7b, 0xff, 0x7b, 0xff, 0x9b, 0xff, 0x7b, 0xff, 0x7c, 0xff, 0x9b, 0xff, 0x7b, 0xff, 0x7b,
    0xff, 0x9c, 0xd5, 0x94, 0x9c, 0x2f, 0xff, 0xbc, 0xf7, 0x9c, 0xf7, 0x7c, 0xf7, 0x9c, 0xf7, 0x9c,
    0xf7, 0x9c, 0xf7, 0x7c, 0xf7, 0x7b, 0xf7, 0x7c, 0xf7, 0x9c, 0xf7, 0x9c, 0xf7, 0x9c, 0xff, 0x9b,
    0xff, 0x9b, 0xff, 0x7b, 0xff, 0x7b, 0xff, 0x7b, 0xff, 0x7b, 0xff, 0x7b, 0xff, 0x7b, 0xff, 0x7b,
    0xff, 0x7b, 0xff, 0x7b, 0xff, 0x7b, 0xff, 0x7b, 0xff, 0x7b, 0xff, 0x7b, 0xff, 0x7b, 0xff, 0x7b,
    0xff, 0x7b, 0xff, 0x7b, 0xff, 0x7b, 0xff, 0x7b, 0xff, 0x7b, 0xff, 0x7b, 0xff, 0x7b, 0xff, 0x7b,
    0xff, 0x7b, 0xff, 0x7b, 0xff, 0x7b, 0xff, 0x7b, 0xff, 0x7b, 0xff, 0x7b, 0xff, 0x7b, 0xff, 0x9b,
    0xff, 0x9b, 0xff, 0x7b, 0xff, 0x7b, 0xff, 0x7b, 0xff, 0x9b, 0xff, 0x7b, 0xff, 0x7b, 0xff, 0x9b,
    0xde, 0x36, 0x93, 0xee, 0xff, 0x9c, 0xf7, 0x9c, 0xf7, 0x9c, 0xf7, 0x9c, 0xf7, 0x7c, 0xf7, 0x9c,
    0xf7, 0x7c, 0xf7, 0x7b, 0xf7, 0x7c, 0xf7, 0x9c, 0xf7, 0x9c, 0xf7, 0x9c, 0xff, 0x9b, 0xff, 0x9b,
    0xff, 0x7b, 0xff, 0x7b, 0xff, 0x7b, 0xff, 0x7b, 0xff, 0x7b, 0xff, 0x7b, 0xff, 0x7b, 0xff, 0x7b,
    0xff, 0x7b, 0xff, 0x7b, 0xff, 0x7b, 0xff, 0x7b, 0xff, 0x7b, 0xff, 0x7b, 0xff, 0x7b, 0xff, 0x7b,
    0xff, 0x7b, 0xff, 0x7b, 0xff, 0x7b, 0xff, 0x7b, 0xff, 0x7b, 0xff, 0x7b, 0xff, 0x7b, 0xff, 0x7b,
    0xff, 0x7b, 0xff, 0x7b, 0xff, 0x7b, 0xff, 0x7b, 0xff, 0x7b, 0xff, 0x7b, 0xff, 0x7b, 0xff, 0x9b,
    0xff, 0x7b, 0xff, 0x7b, 0xff, 0x7b, 0xff, 0x9b, 0xff, 0x7b, 0xff, 0x7b, 0xff, 0x9b, 0xee, 0x98,
    0x94, 0x0e, 0xf7, 0x9c, 0xf7, 0x9c, 0xf7, 0x9c, 0xf7, 0x7c, 0xf7, 0x7c, 0xf7, 0x7c, 0xf7, 0x7b,
    0xf7, 0x7b, 0xf7, 0x7b, 0xf7, 0x9c, 0xf7, 0x9c, 0xf7, 0x9c, 0xff, 0x9b, 0xff, 0x7b, 0xff, 0x7b,
    0xff, 0x7b, 0xff, 0x7b, 0xff, 0x7b, 0xff, 0x7b, 0xff, 0x7b, 0xff, 0x7b, 0xff, 0x7b, 0xff, 0x7b,
    0xff, 0x7b, 0xff, 0x7b, 0xff, 0x7b, 0xff, 0x7b, 0xff, 0x7b, 0xff, 0x7b, 0xff, 0x7b, 0xff, 0x7b,
    0xff, 0x7b, 0xff, 0x7b, 0xff, 0x7b, 0xff, 0x7b, 0xff, 0x7b, 0xff, 0x7b, 0xff, 0x7b, 0xff, 0x7b,
    0xff, 0x7b, 0xff, 0x7b, 0xff, 0x7b, 0xff, 0x7b, 0xff, 0x7b, 0xff, 0x7b, 0xff, 0x7b, 0xff, 0x7b,
    0xff, 0x7b, 0xff, 0x7b, 0xff, 0x7b, 0xff, 0x7b, 0xff, 0x7b, 0xff, 0x7b, 0xf6, 0xf9, 0x9c, 0x4f,
    0xf7, 0x5b, 0xf7, 0x9c, 0xf7, 0x7c, 0xf7, 0x7c, 0xf7, 0x9c, 0xf7, 0x7c, 0xf7, 0x7b, 0xf7, 0x5b,
    0xf7, 0x7b, 0xf7, 0x9c, 0xf7, 0x9c, 0xf7, 0x9c, 0xff, 0x9b, 0xff, 0x7b, 0xff, 0x7b, 0xff, 0x7b,
    0xff, 0x7b, 0xff, 0x7b, 0xff, 0x7b, 0xff, 0x7b, 0xff, 0x7b, 0xff, 0x7b, 0xff, 0x7b, 0xff, 0x7b,
    0xff, 0x5a, 0xff, 0x5a, 0xff, 0x5a, 0xff, 0x7b, 0xff, 0x9b, 0xff, 0x9b, 0xff, 0xbc, 0xff, 0x9b,
    0xff, 0x7b, 0xff, 0x7b, 0xff, 0x7b, 0xff, 0x7b, 0xff, 0x7b, 0xff, 0x7b, 0xff, 0x7b, 0xff, 0x7b,
    0xff, 0x7b, 0xff, 0x7b, 0xff, 0x7b, 0xff, 0x7b, 0xff, 0x7b, 0xff, 0x7b, 0xff, 0x7b, 0xff, 0x7b,
    0xff, 0x7b, 0xff, 0x7b, 0xff, 0x7b, 0xff, 0x7b, 0xff, 0x7b, 0xff, 0x3a, 0xa4, 0x90, 0xef, 0x3b,
    0xf7, 0x9c, 0xf7, 0x7c, 0xf7, 0x7c, 0xf7, 0x7c, 0xf7, 0x9c, 0xf7, 0x7b, 0xef, 0x5b, 0xf7, 0x7b,
    0xf7, 0x9c, 0xf7, 0x9c, 0xf7, 0x9c, 0xff, 0x7b, 0xff, 0x7b, 0xff, 0x7b, 0xff, 0x7b, 0xff, 0x7b,
    0xff, 0x7b, 0xff, 0x7b, 0xff, 0x7b, 0xff, 0x9b, 0xff, 0x5a, 0xf6, 0xd8, 0xf6, 0x76, 0xdd, 0xd4,
    0xcd, 0x52, 0xd5, 0x93, 0xd5, 0xf5, 0xde, 0x56, 0xe6, 0x97, 0xe6, 0x77, 0xf6, 0xf9, 0xff, 0x5a,
    0xff, 0x7b, 0xff, 0x7b, 0xff, 0x7b, 0xff, 0x7b, 0xff, 0x7b, 0xff, 0x7b, 0xff, 0x7b, 0xff, 0x7b,
    0xff, 0x7b, 0xff, 0x7b, 0xff, 0x7b, 0xff, 0x7b, 0xff, 0x7b, 0xff, 0x7b, 0xff, 0x7b, 0xff, 0x7b,
    0xff, 0x7b, 0xff, 0x7b, 0xff, 0x7b, 0xff, 0x7b, 0xff, 0x5b, 0xa4, 0x70, 0xef, 0x1a, 0xf7, 0x9c,
    0xf7, 0x7c, 0xf7, 0x7c, 0xf7, 0x9c, 0xf7, 0x9c, 0xf7, 0x7b, 0xef, 0x5b, 0xf7, 0x7b, 0xf7, 0x9c,
    0xf7, 0x9c, 0xf7, 0x9c, 0xff, 0x7b, 0xff, 0x7b, 0xff, 0x7b, 0xff, 0x7b, 0xff, 0x7b, 0xff, 0x7b,
    0xff, 0x7b, 0xff, 0x7b, 0xff, 0x19, 0xe5, 0xf4, 0xbc, 0x90, 0xa3, 0xcc, 0xac, 0x6f, 0xc5, 0x73,
    0xe6, 0x57, 0xe6, 0xd8, 0xf7, 0x3a, 0xc5, 0x93, 0xcd, 0xd4, 0xee, 0xd8, 0xee, 0xd8, 0xf6, 0xf9,
    0xff, 0x5a, 0xff, 0x7b, 0xff, 0x7b, 0xff, 0x7b, 0xff, 0x7b, 0xff, 0x7b, 0xff, 0x7b, 0xff, 0x7b,
    0xff, 0x7b, 0xff, 0x7b, 0xff, 0x7b, 0xff, 0x7b, 0xff, 0x7b, 0xff, 0x7b, 0xff, 0x7b, 0xff, 0x7b,
    0xff, 0x7b, 0xff, 0x7b, 0xff, 0x7b, 0xff, 0x7b, 0x9c, 0x6f, 0xe6, 0xf9, 0xf7, 0x9c, 0xf7, 0x7c,
    0xf7, 0x7c, 0xf7, 0x9c, 0xf7, 0x9c, 0xf7, 0x7b, 0xef, 0x3b, 0xf7, 0x7b, 0xf7, 0x9c, 0xf7, 0x9c,
    0xf7, 0x9c, 0xff, 0x7b, 0xff, 0x7b, 0xff, 0x7b, 0xff, 0x7b, 0xff, 0x7b, 0xff, 0x7b, 0xff, 0x9b,
    0xff, 0x19, 0xcd, 0x32, 0x9b, 0x6b, 0xac, 0x4e, 0xe6, 0x57, 0xff, 0x7b, 0xff, 0xbc, 0xff, 0xbc,
    0xff, 0xdd, 0xff, 0x7c, 0x52, 0x06, 0xcd, 0xd4, 0xff, 0xfd, 0xff, 0xdc, 0xff, 0xbc, 0xff, 0x9b,
    0xff, 0x7b, 0xff, 0x7b, 0xff, 0x7b, 0xff, 0x7b, 0xff, 0x7b, 0xff, 0x7b, 0xff, 0x7b, 0xff, 0x7b,
    0xff, 0x7b, 0xff, 0x7b, 0xff, 0x7b, 0xff, 0x7b, 0xff, 0x7b, 0xff, 0x7b, 0xff, 0x7b, 0xff, 0x7b,
    0xff, 0x7b, 0xff, 0x7b, 0xff, 0x7b, 0x9c, 0x70, 0xe6, 0xd9, 0xf7, 0x9c, 0xf7, 0x7c, 0xf7, 0x7c,
    0xf7, 0x7c, 0xf7, 0x7c, 0xf7, 0x7b, 0xef, 0x3a, 0xf7, 0x7b, 0xf7, 0x9c, 0xf7, 0x9c, 0xf7, 0x9c,
    0xff, 0x7b, 0xff, 0x7b, 0xff, 0x7b, 0xff, 0x7b, 0xff, 0x7b, 0xff, 0x7b, 0xff, 0x9b, 0xdd, 0xd5,
    0xac, 0x0e, 0xde, 0x16, 0xff, 0xbc, 0xff, 0x9b, 0xff, 0x7b, 0xff, 0xbc, 0xff, 0xdd, 0xe6, 0xd9,
    0x6a, 0xea, 0x08, 0x00, 0x39, 0x24, 0x62, 0x88, 0x83, 0x8c, 0xbd, 0x12, 0xe6, 0xb8, 0xff, 0x9c,
    0xff, 0xdd, 0xff, 0xdc, 0xff, 0x9b, 0xff, 0x7b, 0xff, 0x7b, 0xff, 0x7b, 0xff, 0x7b, 0xff, 0x7b,
    0xff, 0x7b, 0xff, 0x7b, 0xff, 0x7b, 0xff, 0x7b, 0xff, 0x9b, 0xff, 0x7b, 0xff, 0x7b, 0xff, 0x7b,
    0xff, 0x7b, 0xff, 0x9c, 0xac, 0xb1, 0xde, 0xd9, 0xf7, 0x9c, 0xf7, 0x7c, 0xf7, 0x7c, 0xf7, 0x7c,
    0xf7, 0x7c, 0xf7, 0x7b, 0xef, 0x3a, 0xf7, 0x7b, 0xf7, 0x9c, 0xf7, 0x9c, 0xf7, 0x9c, 0xff, 0x7b,
    0xff, 0x7b, 0xff, 0x7b, 0xff, 0x7b, 0xff, 0x7b, 0xff, 0x7b, 0xff, 0x5b, 0xee, 0x98, 0xff, 0x3a,
    0xff, 0x9b, 0xff, 0x7b, 0xff, 0xbc, 0xff, 0x9c, 0xd6, 0x16, 0x8b, 0x8d, 0x30, 0xe3, 0x10, 0x00,
    0x20, 0x20, 0x18, 0x00, 0x18, 0x00, 0x10, 0x00, 0x18, 0x00, 0x30, 0xe2, 0x5a, 0x47, 0x8b, 0xcd,
    0xc5, 0xb5, 0xf7, 0x3a, 0xff, 0xdd, 0xff, 0xfd, 0xff, 0xdd, 0xff, 0xdc, 0xff, 0xdc, 0xff, 0xdc,
    0xff, 0xfd, 0xff, 0xfd, 0xff, 0x9c, 0xf7, 0x3a, 0xff, 0x7b, 0xff, 0x7b, 0xff, 0x7b, 0xff, 0x7b,
    0xff, 0x9c, 0xac, 0xd1, 0xde, 0xb8, 0xff, 0xbc, 0xf7, 0x7c, 0xf7, 0x7c, 0xf7, 0x7b, 0xf7, 0x9c,
    0xf7, 0x7b, 0xef, 0x1a, 0xf7, 0x7b, 0xf7, 0x9c, 0xf7, 0x9c, 0xf7, 0x9c, 0xff, 0x7b, 0xff, 0x7b,
    0xff, 0x7b, 0xff, 0x7b, 0xff, 0x7b, 0xff, 0x7b, 0xff, 0x7b, 0xff, 0x9b, 0xff, 0x7b, 0xff, 0x9b,
    0xff, 0xbc, 0xde, 0x36, 0x72, 0xa9, 0x28, 0x41, 0x10, 0x00, 0x20, 0x00, 0x28, 0x41, 0x28, 0x41,
    0x28, 0x41, 0x28, 0x41, 0x28, 0x41, 0x28, 0x41, 0x20, 0x20, 0x18, 0x00, 0x10, 0x00, 0x20, 0x20,
    0x41, 0x64, 0x72, 0xea, 0x93, 0xee, 0xb4, 0xf2, 0xc5, 0xb4, 0xcd, 0xd5, 0xcd, 0xb5, 0xbd, 0x53,
    0x94, 0x2f, 0x73, 0x0a, 0xc5, 0x93, 0xf7, 0x19, 0xff, 0x9b, 0xff, 0x7b, 0xff, 0x7b, 0xff, 0x9c,
    0xac, 0xf1, 0xde, 0x98, 0xff, 0xbc, 0xf7, 0x7c, 0xf7, 0x7c, 0xf7, 0x7b, 0xf7, 0x9c, 0xf7, 0x7b,
    0xe7, 0x1a, 0xf7, 0x7b, 0xf7, 0x7c, 0xf7, 0x7c, 0xf7, 0x9c, 0xff, 0x7b, 0xff, 0x7b, 0xff, 0x7b,
    0xff, 0x7b, 0xff, 0x7b, 0xff, 0x7b, 0xff, 0x7b, 0xff, 0x5b, 0xff, 0xbc, 0xf7, 0x19, 0x93, 0xed,
    0x38, 0xc2, 0x18, 0x00, 0x28, 0x20, 0x28, 0x41, 0x28, 0x41, 0x28, 0x41, 0x28, 0x41, 0x28, 0x40,
    0x28, 0x41, 0x28, 0x41, 0x28, 0x41, 0x28, 0x61, 0x28, 0x61, 0x28, 0x61, 0x28, 0x40, 0x20, 0x00,
    0x18, 0x00, 0x10, 0x00, 0x18, 0x00, 0x18, 0x00, 0x18, 0x20, 0x18, 0x20, 0x00, 0x00, 0x08, 0x00,
    0x9c, 0x6f, 0xff, 0xbc, 0xff, 0x7b, 0xff, 0x7b, 0xff, 0x7b, 0xff, 0x7b, 0xff, 0x9c, 0xad, 0x12,
    0xd6, 0x98, 0xff, 0xbc, 0xf7, 0x7c, 0xf7, 0x7c, 0xf7, 0x7c, 0xf7, 0x9c, 0xf7, 0x5b, 0xe7, 0x1a,
    0xf7, 0x7b, 0xf7, 0x7c, 0xf7, 0x7c, 0xf7, 0x9c, 0xff, 0x7b, 0xff, 0x7b, 0xff, 0x7b, 0xff, 0x7b,
    0xff, 0x7b, 0xff, 0x7b, 0xff, 0x7b, 0xff, 0xbc, 0xde, 0x16, 0x6a, 0x68, 0x30, 0x81, 0x28, 0x00,
    0x30, 0x41, 0x28, 0x41, 0x28, 0x20, 0x20, 0x20, 0x28, 0x41, 0x28, 0x61, 0x28, 0x81, 0x28, 0x81,
    0x30, 0x81, 0x28, 0x61, 0x28, 0x41, 0x28, 0x40, 0x28, 0x40, 0x28, 0x41, 0x28, 0x41, 0x28, 0x41,
    0x28, 0x41, 0x28, 0x41, 0x28, 0x20, 0x20, 0x20, 0x18, 0x20, 0x41, 0x85, 0xc5, 0xb5, 0xff, 0xfd,
    0xff, 0x7b, 0xff, 0x7b, 0xff, 0x7b, 0xff, 0x7b, 0xff, 0x7b, 0xff, 0x9c, 0xad, 0x12, 0xd6, 0x97,
    0xff, 0xbc, 0xf7, 0x7c, 0xf7, 0x7c, 0xf7, 0x7c, 0xf7, 0x9c, 0xef, 0x5b, 0xe6, 0xfa, 0xf7, 0x7c,
    0xf7, 0x7c, 0xf7, 0x7c, 0xf7, 0x9c, 0xff, 0x7b, 0xff, 0x7b, 0xff, 0x7b, 0xff, 0x7b, 0xff, 0x7b,
    0xff, 0x7b, 0xff, 0xbc, 0xc5, 0x53, 0x82, 0xca, 0x8a, 0xca, 0x40, 0x82, 0x30, 0x40, 0x28, 0x20,
    0x30, 0x81, 0x39, 0x24, 0x41, 0x65, 0x39, 0x45, 0x39, 0x44, 0x39, 0x24, 0x39, 0x24, 0x39, 0x24,
    0x31, 0x03, 0x39, 0x04, 0x39, 0x04, 0x30, 0xc3, 0x28, 0x41, 0x20, 0x20, 0x28, 0x41, 0x28, 0x41,
    0x28, 0x41, 0x28, 0x41, 0x20, 0x00, 0x39, 0x24, 0xf7, 0x3b, 0xff, 0xfe, 0xff, 0x7b, 0xff, 0x7b,
    0xff, 0x7b, 0xff, 0x7b, 0xff, 0x7b, 0xff, 0x7b, 0xff, 0x9c, 0xac, 0xf1, 0xd6, 0x77, 0xff, 0xbc,
    0xf7, 0x7c, 0xf7, 0x7c, 0xf7, 0x7c, 0xf7, 0x9c, 0xef, 0x5b, 0xe6, 0xf9, 0xf7, 0x9c, 0xf7, 0x7c,
    0xf7, 0x9c, 0xf7, 0x9c, 0xff, 0x7b, 0xff, 0x7b, 0xff, 0x7b, 0xff, 0x7b, 0xff, 0x7b, 0xff, 0x9b,
    0xcd, 0x94, 0xa3, 0xed, 0xbc, 0x70, 0x51, 0x03, 0x28, 0x00, 0x30, 0x41, 0x49, 0x65, 0x49, 0xc6,
    0x39, 0x45, 0x28, 0xc2, 0x28, 0x60, 0x30, 0x80, 0x30, 0x81, 0x38, 0xa1, 0x30, 0xa1, 0x28, 0x80,
    0x20, 0x60, 0x20, 0x40, 0x30, 0xc2, 0x41, 0x44, 0x39, 0x03, 0x20, 0x20, 0x20, 0x00, 0x28, 0x41,
    0x28, 0x41, 0x28, 0x41, 0x18, 0x20, 0x62, 0xa9, 0xe6, 0xb8, 0xff, 0xfe, 0xff, 0xbc, 0xff, 0x7b,
    0xff, 0x7b, 0xff, 0x7b, 0xff, 0x7b, 0xff, 0xbc, 0xac, 0xf1, 0xd6, 0x77, 0xff, 0xbc, 0xf7, 0x7c,
    0xf7, 0x7c, 0xf7, 0x7c, 0xf7, 0x9c, 0xef, 0x3b, 0xe6, 0xfa, 0xf7, 0x9c, 0xf7, 0x7c, 0xf7, 0x9c,
    0xf7, 0x9c, 0xff, 0x7b, 0xff, 0x7b, 0xff, 0x7b, 0xff, 0x7b, 0xff, 0x9b, 0xe6, 0x97, 0xd5, 0xb4,
    0xdd, 0x94, 0x59, 0x44, 0x20, 0x00, 0x49, 0x65, 0x83, 0x2d, 0x41, 0x86, 0x10, 0x00, 0x28, 0x60,
    0x51, 0x42, 0x61, 0xa3, 0x69, 0xe3, 0x69, 0xe4, 0x6a, 0x04, 0x6a, 0x04, 0x69, 0xe4, 0x61, 0xa4,
    0x8b, 0x8c, 0xa4, 0x91, 0x5a, 0x48, 0x31, 0x03, 0x5a, 0x48, 0x31, 0x03, 0x18, 0x00, 0x30, 0x41,
    0x30, 0x41, 0x28, 0x41, 0x10, 0x00, 0x28, 0xa2, 0x94, 0x2f, 0xee, 0xf9, 0xff, 0xdc, 0xff, 0xfd,
    0xff, 0xdc, 0xff, 0xdc, 0xff, 0xbc, 0xac, 0xf1, 0xd6, 0x78, 0xff, 0xbc, 0xf7, 0x7c, 0xf7, 0x7c,
    0xf7, 0x7c, 0xf7, 0x9c, 0xef, 0x3a, 0xe6, 0xfa, 0xf7, 0x9c, 0xf7, 0x7c, 0xf7, 0x7c, 0xf7, 0x9c,
    0xff, 0x7b, 0xff, 0x7b, 0xff, 0x7b, 0xff, 0x7b, 0xff, 0x5b, 0xf7, 0x19, 0xfe, 0xd8, 0x82, 0x88,
    0x30, 0x20, 0x7b, 0x0c, 0xd5, 0xf8, 0x41, 0x66, 0x00, 0x00, 0x41, 0x01, 0x72, 0x24, 0x72, 0x24,
    0x6a, 0x04, 0x6a, 0x04, 0x6a, 0x03, 0x6a, 0x04, 0x6a, 0x04, 0x69, 0xc3, 0x8b, 0x2a, 0xff, 0xff,
    0xff, 0xff, 0xff, 0xbe, 0x59, 0xe8, 0x20, 0xc3, 0x94, 0x50, 0x5a, 0x48, 0x18, 0x00, 0x28, 0x20,
    0x30, 0x41, 0x30, 0x41, 0x18, 0x00, 0x08, 0x00, 0x30, 0xe2, 0x6a, 0xa9, 0x83, 0xad, 0xa4, 0x70,
    0xbd, 0x12, 0xff, 0x5a, 0xb5, 0x32, 0xd6, 0x77, 0xff, 0xbc, 0xf7, 0x7c, 0xf7, 0x7c, 0xf7, 0x7c,
    0xf7, 0x9c, 0xef, 0x1a, 0xe7, 0x1a, 0xf7, 0x9c, 0xf7, 0x7c, 0xf7, 0x7c, 0xf7, 0x9c, 0xff, 0x7b,
    0xff, 0x7b, 0xff, 0x7b, 0xff, 0x7b, 0xff, 0x5b, 0xff, 0x5b, 0xb4, 0x4f, 0x61, 0x85, 0xa4, 0x50,
    0xf7, 0x9d, 0x7b, 0x6d, 0x41, 0xc6, 0x73, 0x0b, 0x82, 0xe8, 0x69, 0xe3, 0x69, 0xe3, 0x6a, 0x03,
    0x6a, 0x04, 0x6a, 0x04, 0x6a, 0x04, 0x6a, 0x04, 0x61, 0xc3, 0x83, 0x2a, 0xff, 0xff, 0xff, 0xff,
    0xff, 0xff, 0xb4, 0xd1, 0x20, 0x40, 0x31, 0x03, 0xbd, 0x95, 0x73, 0x2c, 0x18, 0x20, 0x20, 0x00,
    0x30, 0x21, 0x28, 0x41, 0x20, 0x20, 0x18, 0x00, 0x10, 0x00, 0x20, 0x81, 0x49, 0xe6, 0xac, 0xb0,
    0xff, 0x7b, 0xb5, 0x32, 0xd6, 0x78, 0xff, 0xbc, 0xf7, 0x7c, 0xf7, 0x7c, 0xf7, 0x7c, 0xf7, 0x9c,
    0xe7, 0x1a, 0xef, 0x1a, 0xf7, 0x9c, 0xf7, 0x7c, 0xf7, 0x7c, 0xf7, 0x9c, 0xff, 0x7b, 0xff, 0x7b,
    0xff, 0x7b, 0xff, 0x7b, 0xff, 0x7c, 0xd5, 0xf5, 0xac, 0x6f, 0xb4, 0xf1, 0xff, 0xbe, 0xe6, 0xfb,
    0xd6, 0x59, 0xff, 0xff, 0xff, 0xff, 0xf7, 0x7d, 0xac, 0xd0, 0x61, 0xe3, 0x69, 0xe3, 0x6a, 0x04,
    0x6a, 0x04, 0x6a, 0x04, 0x6a, 0x04, 0x6a, 0x04, 0x69, 0xe4, 0xb4, 0xd0, 0xf7, 0x5d, 0xde, 0x98,
    0x7a, 0xc7, 0x69, 0xe3, 0x20, 0x00, 0x52, 0x49, 0xde, 0xba, 0x94, 0x71, 0x20, 0x82, 0x20, 0x00,
    0x30, 0x41, 0x28, 0x41, 0x18, 0x00, 0x59, 0xe7, 0xf7, 0x1a, 0xff, 0xbc, 0xff, 0xbc, 0xff, 0x7b,
    0xb5, 0x12, 0xd6, 0x98, 0xff, 0xbc, 0xf7, 0x7c, 0xf7, 0x7c, 0xf7, 0x7c, 0xf7, 0x9c, 0xe6, 0xf9,
    0xef, 0x3a, 0xf7, 0x9c, 0xf7, 0x7c, 0xf7, 0x7c, 0xf7, 0x7c, 0xff, 0x7b, 0xff, 0x7b, 0xff, 0x7b,
    0xff, 0x9b, 0xf6, 0xf9, 0xde, 0x36, 0xee, 0x97, 0xee, 0xda, 0xf7, 0xbe, 0xff, 0xff, 0xff, 0xff,
    0xff, 0xff, 0xff, 0xff, 0xff, 0xff, 0xff, 0xbe, 0x72, 0x87, 0x69, 0xe3, 0x6a, 0x04, 0x6a, 0x04,
    0x6a, 0x04, 0x6a, 0x04, 0x6a, 0x04, 0x6a, 0x04, 0x61, 0xe3, 0x7a, 0x87, 0x72, 0x25, 0x6a, 0x03,
    0x72, 0x44, 0x59, 0x63, 0x18, 0x00, 0x9c, 0xb2, 0xde, 0xda, 0xa4, 0xd2, 0x28, 0x82, 0x28, 0x00,
    0x30, 0x41, 0x28, 0x20, 0x20, 0x40, 0xc5, 0x53, 0xff, 0xfd, 0xff, 0x5a, 0xff, 0x7b, 0xac, 0xf1,
    0xd6, 0x98, 0xff, 0xbc, 0xf7, 0x7c, 0xf7, 0x7c, 0xf7, 0x7c, 0xf7, 0x9c, 0xe6, 0xf9, 0xef, 0x5b,
    0xf7, 0x7c, 0xf7, 0x7c, 0xf7, 0x7c, 0xf7, 0x7c, 0xff, 0x7b, 0xff, 0x7b, 0xff, 0x7b, 0xff, 0x7b,
    0xf7, 0x3a, 0xff, 0x3a, 0xff, 0x3a, 0xff, 0xde, 0xff, 0xff, 0xff, 0xff, 0xff, 0xff, 0xff, 0xff,
    0xff, 0xff, 0xff, 0xff, 0xde, 0x57, 0x6a, 0x04, 0x6a, 0x03, 0x6a, 0x04, 0x6a, 0x04, 0x6a, 0x04,
    0x6a, 0x04, 0x6a, 0x04, 0x6a, 0x04, 0x6a, 0x03, 0x69, 0xe3, 0x6a, 0x03, 0x6a, 0x24, 0x6a, 0x24,
    0x72, 0x24, 0x28, 0x20, 0x52, 0x48, 0xce, 0x59, 0xd6, 0x79, 0x9c, 0x71, 0x28, 0x61, 0x28, 0x20,
    0x28, 0x41, 0x18, 0x00, 0x41, 0x24, 0xee, 0xf9, 0xff, 0xbc, 0xff, 0x5b, 0xa4, 0xd1, 0xde, 0x98,
    0xff, 0xbc, 0xf7, 0x7c, 0xf7, 0x7c, 0xf7, 0x7c, 0xf7, 0x7c, 0xe6, 0xf9, 0xef, 0x5b, 0xf7, 0x7c,
    0xf7, 0x7c, 0xf7, 0x7c, 0xf7, 0x9c, 0xff, 0x7b, 0xff, 0x7b, 0xff, 0x7b, 0xff, 0x7b, 0xff, 0x7b,
    0xff, 0x7a, 0xff, 0x7b, 0xff, 0xfe, 0xff, 0xff, 0xc5, 0xf7, 0xef, 0x3c, 0xff, 0xff, 0xff, 0xff,
    0xde, 0x99, 0x7a, 0xe8, 0x69, 0xe3, 0x6a, 0x04, 0x6a, 0x04, 0x6a, 0x04, 0x6a, 0x04, 0x6a, 0x04,
    0x6a, 0x03, 0x6a, 0x04, 0x72, 0x04, 0x72, 0x24, 0x72, 0x23, 0x6a, 0x24, 0x6a, 0x23, 0x72, 0x24,
    0x49, 0x01, 0x28, 0xa2, 0xbd, 0xb6, 0xc6, 0x38, 0xd6, 0x79, 0x93, 0xcf, 0x28, 0x20, 0x30, 0x41,
    0x28, 0x41, 0x10, 0x00, 0x5a, 0x27, 0xf6, 0xf9, 0xff, 0xdd, 0xa4, 0xb1, 0xde, 0xb8, 0xff, 0x9c,
    0xf7, 0x7c, 0xf7, 0x7c, 0xf7, 0x9c, 0xf7, 0x7b, 0xe6, 0xf9, 0xf7, 0x7b, 0xf7, 0x7b, 0xf7, 0x7c,
    0xf7, 0x7c, 0xf7, 0x7c, 0xff, 0x7b, 0xff, 0x7b, 0xff, 0x7b, 0xff, 0x7b, 0xff, 0x7b, 0xff, 0x7b,
    0xff, 0x7b, 0xff, 0xff, 0xff, 0xff, 0x49, 0xe7, 0x49, 0xa5, 0xb4, 0xd1, 0x9b, 0xec, 0x6a, 0x24,
    0x61, 0xc2, 0x69, 0xe3, 0x61, 0xc3, 0x61, 0xa2, 0x61, 0xa2, 0x61, 0xc3, 0x51, 0x61, 0x49, 0x20,
    0x61, 0xc2, 0x61, 0xa3, 0x61, 0xc3, 0x6a, 0x03, 0x72, 0x24, 0x72, 0x24, 0x72, 0x23, 0x61, 0xa3,
    0x20, 0x20, 0xa4, 0xd3, 0xce, 0x58, 0xc6, 0x18, 0xce, 0x38, 0x5a, 0x08, 0x30, 0x21, 0x30, 0x21,
    0x28, 0x40, 0x10, 0x00, 0x49, 0x64, 0x93, 0xcd, 0x83, 0xac, 0xef, 0x1a, 0xff, 0x9c, 0xf7, 0x7c,
    0xf7, 0x7c, 0xf7, 0x9c, 0xef, 0x5b, 0xe6, 0xf9, 0xf7, 0x7c, 0xf7, 0x7b, 0xf7, 0x7c, 0xf7, 0x7c,
    0xf7, 0x7c, 0xff, 0x7b, 0xff, 0x7b, 0xff, 0x7b, 0xff, 0x7b, 0xff, 0x7b, 0xff, 0x7b, 0xff, 0x7b,
    0xff, 0xff, 0xff, 0xbe, 0x39, 0x24, 0x30, 0x60, 0x61, 0x62, 0x59, 0x41, 0x59, 0x82, 0x59, 0x82,
    0x59, 0x82, 0x59, 0x82, 0x59, 0x82, 0x59, 0x82, 0x59, 0x82, 0x41, 0x00, 0x40, 0xe0, 0x59, 0x82,
    0x61, 0xa2, 0x59, 0x62, 0x59, 0x82, 0x59, 0xa2, 0x69, 0xe3, 0x72, 0x03, 0x6a, 0x04, 0x20, 0x20,
    0x8c, 0x10, 0xce, 0x58, 0xc5, 0xf7, 0xce, 0x58, 0xa4, 0xb2, 0x40, 0x82, 0x30, 0x21, 0x28, 0x40,
    0x28, 0x20, 0x20, 0x00, 0x8b, 0x6c, 0x94, 0x2e, 0xef, 0x5b, 0xf7, 0x9c, 0xf7, 0x7c, 0xf7, 0x7c,
    0xf7, 0x9c, 0xef, 0x3a, 0xe7, 0x1a, 0xf7, 0x7c, 0xf7, 0x7b, 0xf7, 0x7b, 0xf7, 0x7c, 0xf7, 0x7c,
    0xff, 0x7b, 0xff, 0x7b, 0xff, 0x7b, 0xff, 0x7b, 0xff, 0x7b, 0xff, 0x7b, 0xff, 0x7b, 0xff, 0xff,
    0xe7, 0x1c, 0x28, 0xa2, 0x40, 0xc0, 0x59, 0x82, 0x59, 0x82, 0x59, 0x82, 0x59, 0x82, 0x59, 0x82,
    0x59, 0x82, 0x59, 0x82, 0x61, 0xc3, 0x51, 0x61, 0x41, 0x00, 0x41, 0x00, 0x51, 0x41, 0x61, 0xa2,
    0x59, 0x62, 0x59, 0x82, 0x51, 0x82, 0x59, 0x82, 0x61, 0xa2, 0x69, 0xe3, 0x20, 0x40, 0x7b, 0x8d,
    0xd6, 0x79, 0xc5, 0xf7, 0xc6, 0x17, 0xce, 0x38, 0x6a, 0x49, 0x30, 0x20, 0x30, 0x20, 0x28, 0x20,
    0x30, 0x81, 0xd6, 0x16, 0xad, 0x12, 0xef, 0x5b, 0xf7, 0x9c, 0xf7, 0x7c, 0xf7, 0x7c, 0xf7, 0x9c,
    0xef, 0x1a, 0xef, 0x3a, 0xf7, 0x7c, 0xf7, 0x7b, 0xf7, 0x7c, 0xf7, 0x7c, 0xf7, 0x7c, 0xff, 0x7b,
    0xff, 0x7b, 0xff, 0x7b, 0xff, 0x7b, 0xff, 0x7b, 0xff, 0x7b, 0xff, 0x7b, 0xff, 0xff, 0xd6, 0xba,
    0x20, 0x61, 0x49, 0x01, 0x61, 0x82, 0x59, 0xa2, 0x61, 0xa2, 0x59, 0x82, 0x59, 0x81, 0x61, 0xa2,
    0x69, 0xc2, 0x69, 0xc3, 0x49, 0x20, 0x41, 0x00, 0x41, 0x00, 0x51, 0x61, 0x69, 0xe3, 0x59, 0x62,
    0x59, 0x82, 0x59, 0x82, 0x59, 0x82, 0x59, 0x82, 0x61, 0xa2, 0x28, 0x60, 0x73, 0x2c, 0xd6, 0x59,
    0xc6, 0x17, 0xc6, 0x17, 0xce, 0x59, 0xa4, 0x92, 0x40, 0xa2, 0x38, 0x41, 0x30, 0x41, 0x28, 0x20,
    0x62, 0x68, 0xbd, 0x73, 0xff, 0xdd, 0xf7, 0x9c, 0xf7, 0x7c, 0xf7, 0x7c, 0xf7, 0x9c, 0xe6, 0xfa,
    0xef, 0x3b, 0xf7, 0x7b, 0xf7, 0x7b, 0xf7, 0x7c, 0xf7, 0x7b, 0xf7, 0x7c, 0xff, 0x7b, 0xff, 0x7b,
    0xff, 0x7b, 0xff, 0x7b, 0xff, 0x7b, 0xff, 0x7b, 0xff, 0x7b, 0xff, 0xff, 0xc6, 0x58, 0x10, 0x00,
    0x51, 0x21, 0x61, 0xa2, 0x61, 0xa2, 0x61, 0xa2, 0x69, 0xc2, 0x8a, 0xa5, 0xa3, 0x46, 0x9b, 0x05,
    0x69, 0xe3, 0x41, 0x00, 0x41, 0x20, 0x41, 0x00, 0x59, 0x81, 0x7a, 0x44, 0x61, 0xc2, 0x59, 0x82,
    0x59, 0x62, 0x59, 0x82, 0x59, 0x82, 0x59, 0x82, 0x20, 0x40, 0x7b, 0x8e, 0xd6, 0x59, 0xc6, 0x17,
    0xc6, 0x17, 0xc6, 0x38, 0xc5, 0xf7, 0x59, 0xa6, 0x40, 0x41, 0x38, 0x61, 0x30, 0x61, 0x10, 0x00,
    0x62, 0x89, 0xd6, 0x98, 0xe7, 0x1a, 0xf7, 0x7b, 0xf7, 0x9c, 0xf7, 0x7c, 0xe6, 0xf9, 0xf7, 0x5b,
    0xf7, 0x7b, 0xf7, 0x7b, 0xf7, 0x7c, 0xf7, 0x7c, 0xf7, 0x7c, 0xff, 0x7b, 0xff, 0x7b, 0xff, 0x7b,
    0xff, 0x7b, 0xff, 0x7b, 0xff, 0x7b, 0xff, 0x7b, 0xff, 0xff, 0xd6, 0x79, 0x18, 0x20, 0x51, 0x42,
    0x69, 0xc2, 0x61, 0x82, 0x61, 0xa2, 0x93, 0x05, 0xc4, 0x08, 0xbb, 0xe7, 0xbc, 0x07, 0x82, 0x84,
    0x40, 0xe0, 0x41, 0x20, 0x41, 0x00, 0x61, 0xc2, 0x7a, 0x43, 0x6a, 0x02, 0x6a, 0x03, 0x61, 0xa2,
    0x59, 0x61, 0x59, 0x82, 0x59, 0x82, 0x20, 0x20, 0xa4, 0xf3, 0xef, 0x7d, 0xc5, 0xf7, 0xc6, 0x17,
    0xc6, 0x18, 0xd6, 0x59, 0x72, 0xaa, 0x38, 0x21, 0x40, 0x61, 0x38, 0x61, 0x30, 0x40, 0x20, 0x81,
    0x41, 0xc6, 0x94, 0x70, 0xff, 0xbc, 0xf7, 0x9c, 0xf7, 0x7b, 0xe6, 0xf9, 0xf7, 0x7b, 0xf7, 0x7b,
    0xf7, 0x7b, 0xf7, 0x7b, 0xf7, 0x7c, 0xf7, 0x7c, 0xff, 0x7b, 0xff, 0x7b, 0xff, 0x7b, 0xff, 0x7b,
    0xff, 0x7b, 0xff, 0x7b, 0xff, 0x7b, 0xff, 0xfe, 0xde, 0xda, 0x20, 0x81, 0x59, 0x42, 0x61, 0x81,
    0x72, 0x03, 0x7a, 0x85, 0xab, 0xa7, 0xcc, 0x48, 0xcc, 0x28, 0xed, 0x4b, 0xa3, 0x87, 0x40, 0xe0,
    0x39, 0x00, 0x49, 0x00, 0x82, 0x64, 0x71, 0xe2, 0x72, 0x02, 0x72, 0x23, 0x72, 0x23, 0x61, 0xa2,
    0x59, 0x61, 0x59, 0x62, 0x18, 0x20, 0xb5, 0x96, 0xff, 0xff, 0xe7, 0x1c, 0xc5, 0xf7, 0xc6, 0x17,
    0xd6, 0x79, 0x8b, 0x6d, 0x38, 0x20, 0x40, 0x62, 0x40, 0x62, 0x28, 0x00, 0x7b, 0x2b, 0xf7, 0x5b,
    0xf7, 0x5b, 0xf7, 0x9c, 0xf7, 0x9c, 0xef, 0x5b, 0xe7, 0x1a, 0xf7, 0x7b, 0xf7, 0x7b, 0xf7, 0x7b,
    0xf7, 0x7c, 0xf7, 0x7b, 0xf7, 0x7b, 0xff, 0x7b, 0xff, 0x7b, 0xff, 0x7b, 0xff, 0x7b, 0xff, 0x7b,
    0xff, 0x7b, 0xff, 0x7b, 0xff, 0xbd, 0xf7, 0x5c, 0x29, 0x03, 0x50, 0xe0, 0x8a, 0x85, 0xee, 0x95,
    0xdd, 0xb0, 0xbb, 0xe8, 0xd4, 0x89, 0xe5, 0x2b, 0xfe, 0x0e, 0xe5, 0x4d, 0x59, 0x81, 0x38, 0xa0,
    0x92, 0xe5, 0xcc, 0x4a, 0xa3, 0x46, 0x82, 0x63, 0x72, 0x03, 0x7a, 0x23, 0x72, 0x23, 0x61, 0x82,
    0x51, 0x21, 0x20, 0x60, 0xd6, 0x79, 0xff, 0xff, 0xff, 0xff, 0xe6, 0xfb, 0xc5, 0xf7, 0xce, 0x79,
    0x9b, 0xef, 0x38, 0x20, 0x48, 0x62, 0x40, 0x42, 0x20, 0x00, 0x94, 0x0e, 0xff, 0xfe, 0xf7, 0x9c,
    0xf7, 0x7c, 0xf7, 0x9c, 0xef, 0x1a, 0xe7, 0x1a, 0xf7, 0x7c, 0xf7, 0x7b, 0xf7, 0x7b, 0xf7, 0x7b,
    0xf7, 0x7b, 0xf7, 0x7c, 0xff, 0x7b, 0xff, 0x7b, 0xff, 0x7b, 0xff, 0x7b, 0xff, 0x7b, 0xff, 0x7b,
    0xff, 0x7b, 0xff, 0x9c, 0xff, 0xde, 0x41, 0xc6, 0x49, 0x00, 0xdd, 0xf2, 0xff, 0xff, 0xff, 0x79,
    0xcc, 0xcb, 0xdd, 0x0b, 0xfe, 0x2e, 0xfe, 0x2e, 0xfe, 0x70, 0xd5, 0x2c, 0xab, 0xe8, 0xe5, 0x4c,
    0xfe, 0x0f, 0xf5, 0xaf, 0x8a, 0xa4, 0x71, 0xe2, 0x72, 0x02, 0x7a, 0x23, 0x69, 0xe3, 0x38, 0xa0,
    0x39, 0x44, 0xf7, 0xbe, 0xff, 0xff, 0xff, 0xff, 0xff, 0xff, 0xd6, 0x79, 0xce, 0x58, 0x9c, 0x10,
    0x40, 0x21, 0x40, 0x41, 0x40, 0x61, 0x59, 0xa6, 0xbd, 0x73, 0xff, 0xdd, 0xf7, 0x9c, 0xf7, 0x7b,
    0xf7, 0x9c, 0xe6, 0xd9, 0xef, 0x1a, 0xf7, 0x7c, 0xf7, 0x7b, 0xf7, 0x7b, 0xf7, 0x7b, 0xf7, 0x7b,
    0xf7, 0x7c, 0xff, 0x7b, 0xff, 0x7b, 0xff, 0x7b, 0xff, 0x7b, 0xff, 0x7b, 0xff, 0x7b, 0xff, 0x7b,
    0xff, 0x7b, 0xff, 0xfe, 0x73, 0x2c, 0x48, 0xe0, 0xee, 0xb5, 0xff, 0xff, 0xff, 0xbb, 0xee, 0x50,
    0xf6, 0x6f, 0xfe, 0xd1, 0xff, 0x12, 0xff, 0x32, 0xff, 0x73, 0xfe, 0xf1, 0xf6, 0x0e, 0xfe, 0x30,
    0xed, 0x8e, 0xa3, 0x45, 0xbc, 0x28, 0xb4, 0x28, 0x92, 0xa4, 0x69, 0xc3, 0x18, 0x00, 0x73, 0x4c,
    0xff, 0xff, 0xff, 0xff, 0xff, 0xff, 0xff, 0xff, 0xf7, 0x9e, 0xc6, 0x58, 0x83, 0x6d, 0x38, 0x00,
    0x48, 0x61, 0xb4, 0x2f, 0xbc, 0xf2, 0xd6, 0x77, 0xff, 0xbc, 0xf7, 0x7c, 0xf7, 0x9c, 0xf7, 0x9c,
    0xde, 0x98, 0xef, 0x3b, 0xf7, 0x7b, 0xf7, 0x7b, 0xf7, 0x7b, 0xf7, 0x7b, 0xf7, 0x7b, 0xf7, 0x7c,
    0xff, 0x7b, 0xff, 0x7b, 0xff, 0x7b, 0xff, 0x7b, 0xff, 0x7b, 0xff, 0x7b, 0xff, 0x7b, 0xff, 0x7b,
    0xff, 0xfe, 0xad, 0x33, 0x30, 0x80, 0xc4, 0xab, 0xff, 0x78, 0xfe, 0xf4, 0xfe, 0xd1, 0xff, 0x33,
    0xff, 0x94, 0xff, 0xb5, 0xff, 0xb4, 0xff, 0xb4, 0xff, 0x93, 0xff, 0x12, 0xfe, 0x4f, 0xdd, 0x0b,
    0xdd, 0x0b, 0xfd, 0xed, 0xfe, 0x4f, 0xe5, 0x2d, 0x61, 0xa2, 0x10, 0x00, 0xc6, 0x17, 0xff, 0xff,
    0xff, 0xff, 0xff, 0xff, 0xff, 0xff, 0xff, 0xff, 0xd6, 0x99, 0x62, 0x07, 0x38, 0x20, 0xbc, 0x91,
    0xfe, 0xd9, 0xa4, 0x4f, 0xde, 0xd9, 0xff, 0x9c, 0xf7, 0x7c, 0xf7, 0x9c, 0xef, 0x5b, 0xce, 0x16,
    0xf7, 0x7b, 0xf7, 0x7b, 0xf7, 0x7b, 0xf7, 0x7b, 0xf7, 0x7b, 0xf7, 0x7b, 0xf7, 0x7c, 0xff, 0x7b,
    0xff, 0x7b, 0xff, 0x7b, 0xff, 0x7b, 0xff, 0x7b, 0xff, 0x7b, 0xff, 0x7b, 0xff, 0x7b, 0xff, 0x9c,
    0xee, 0xfa, 0x39, 0x22, 0x9b, 0x46, 0xfe, 0x8f, 0xfe, 0xb0, 0xff, 0x33, 0xff, 0x94, 0xff, 0xb6,
    0xff, 0xd6, 0xff, 0xd6, 0xff, 0xd6, 0xff, 0xd5, 0xff, 0x94, 0xfe, 0xd1, 0xfe, 0x50, 0xf5, 0xee,
    0xed, 0x6c, 0xf5, 0xed, 0xdd, 0x4d, 0x38, 0x80, 0x49, 0xa6, 0xff, 0xff, 0xff, 0xff, 0xff, 0xff,
    0xff, 0xff, 0xff, 0xff, 0xff, 0xff, 0xc5, 0xf7, 0x38, 0x82, 0xb4, 0x4f, 0xff, 0xbc, 0xee, 0x57,
    0x9c, 0x4f, 0xef, 0x5b, 0xf7, 0x9c, 0xf7, 0x7c, 0xff, 0x9c, 0xe6, 0xd9, 0xc5, 0xf5, 0xf7, 0x9c,
    0xf7, 0x7b, 0xf7, 0x7b, 0xf7, 0x7b, 0xf7, 0x7b, 0xf7, 0x7b, 0xf7, 0x7c,
};

const lv_img_dsc_t avatar_asset_eye_right_open = {
    .header.always_zero = 0,
    .header.w = 55,
    .header.h = 58,
    .header.cf = LV_IMG_CF_TRUE_COLOR_CHROMA_KEYED,
    .data_size = sizeof(eye_right_open_map),
    .data = eye_right_open_map,
};

static const uint8_t eye_right_half_map[] = {
    0xff, 0x9b, 0xff, 0x9b, 0xff, 0x9b, 0xff, 0x9b, 0xff, 0x9b, 0xff, 0x9b, 0xff, 0x9b, 0xff, 0x9b,
    0xff, 0x9b, 0xff, 0x9b, 0xff, 0x9b, 0xff, 0x9b, 0xff, 0x7b, 0xff, 0x7b, 0xff, 0x7b, 0xff, 0x7b,
    0xff, 0x7b, 0xff, 0x7b, 0xff, 0x5a, 0xe6, 0x36, 0xd5, 0x32, 0x9b, 0xcd, 0x9c, 0x70, 0xce, 0x16,
    0xe6, 0xd9, 0xd6, 0x98, 0xde, 0xb8, 0xf7, 0x7b, 0xf7, 0x7b, 0xd6, 0x57, 0xad, 0x12, 0x94, 0x2f,
    0xbd, 0x94, 0xbd, 0xb4, 0xe6, 0xf9, 0xf7, 0x7b, 0xc6, 0x16, 0xbd, 0xb5, 0xbd, 0xb5, 0x9c, 0xb1,
    0xf7, 0x5b, 0xf7, 0x7b, 0xf7, 0x9c, 0xf7, 0x9c, 0xf7, 0x9c, 0xf7, 0x9c, 0xf7, 0x9c, 0xf7, 0x9c,
    0xf7, 0x9c, 0xf7, 0x9c, 0xf7, 0x9c, 0xf7, 0x9c, 0xf7, 0x7c, 0xf7, 0x7c, 0xf7, 0x7c, 0xff, 0x9b,
    0xff, 0x9b, 0xff, 0x9b, 0xff, 0x9b, 0xff, 0x9b, 0xff, 0x9b, 0xff, 0x9b, 0xff, 0x9b, 0xff, 0x9b,
    0xff, 0x9b, 0xff, 0x9b, 0xff, 0x9b, 0xff, 0x9b, 0xff, 0x7b, 0xff, 0x9b, 0xff, 0x7b, 0xff, 0x7b,
    0xff, 0x7b, 0xff, 0x7b, 0xff, 0x3a, 0xe5, 0xf5, 0xd5, 0x32, 0x8b, 0x6b, 0xad, 0x12, 0xce, 0x16,
    0xe6, 0xf9, 0xd6, 0x77, 0xde, 0xd9, 0xf7, 0x7b, 0xe6, 0xfa, 0xbd, 0x74, 0x83, 0xcd, 0xb5, 0x74,
    0xbd, 0x94, 0xc5, 0xf6, 0xef, 0x5b, 0xc6, 0x16, 0xbd, 0xb5, 0xbd, 0xb5, 0x9c, 0x90, 0xef, 0x1a,
    0xf7, 0x7b, 0xf7, 0x9c, 0xf7, 0x9c, 0xf7, 0x9c, 0xf7, 0x9c, 0xf7, 0x9c, 0xf7, 0x9c, 0xf7, 0x9c,
    0xf7, 0x9c, 0xf7, 0x9c, 0xf7, 0x9c, 0xf7, 0x9c, 0xf7, 0x9c, 0xf7, 0x7c, 0xff, 0x9b, 0xff, 0x9b,
    0xff, 0x9b, 0xff, 0x9b, 0xff, 0x9b, 0xff, 0x9b, 0xff, 0x9b, 0xff, 0x9b, 0xff, 0x9b, 0xff, 0x9b,
    0xff, 0x9b, 0xff, 0x9b, 0xff, 0x9b, 0xff, 0x9b, 0xff, 0x9b, 0xff, 0x7b, 0xff, 0x7b, 0xff, 0x7b,
    0xff, 0x7b, 0xff, 0x7b, 0xff, 0x1a, 0xdd, 0x94, 0xd5, 0x12, 0x7b, 0x2b, 0xb5, 0x53, 0xce, 0x16,
    0xe6, 0xd9, 0xd6, 0x57, 0xe6, 0xf9, 0xef, 0x5b, 0xc5, 0xf5, 0xa4, 0xd1, 0x94, 0x70, 0xbd, 0x94,
    0xbd, 0xb4, 0xd6, 0x78, 0xce, 0x16, 0xbd, 0xb4, 0xbd, 0xb5, 0x9c, 0xb0, 0xde, 0xb8, 0xf7, 0x7c,
    0xf7, 0x9c, 0xf7, 0x9c, 0xf7, 0x9c, 0xf7, 0x9c, 0xf7, 0x9c, 0xf7, 0x9c, 0xf7, 0x9c, 0xf7, 0x9c,
    0xf7, 0x9c, 0xf7, 0x7c, 0xf7, 0x7c, 0xf7, 0x7c, 0xf7, 0x7c, 0xff, 0x9b, 0xff, 0x9b, 0xff, 0x9b,
    0xff, 0x9b, 0xff, 0x9b, 0xff, 0x9b, 0xff, 0x9b, 0xff, 0x9b, 0xff, 0x9b, 0xff, 0x9b, 0xff, 0x9b,
    0xff, 0x9b, 0xff, 0x9b, 0xff, 0x9b, 0xff, 0x9b, 0xff, 0x7b, 0xff, 0x9b, 0xff, 0x7b, 0xff, 0x7b,
    0xff, 0x7b, 0xff, 0x7b, 0xf6, 0xf9, 0xd5, 0x73, 0xc4, 0xd1, 0x7b, 0x6b, 0xb5, 0x74, 0xc5, 0xf6,
    0xde, 0xb8, 0xce, 0x57, 0xef, 0x1a, 0xd6, 0x77, 0xb5, 0x74, 0x83, 0xee, 0xb5, 0x74, 0xbd, 0xb4,
    0xbd, 0xd5, 0xc5, 0xf5, 0xbd, 0xb5, 0xbd, 0xb4, 0xa4, 0xf1, 0xce, 0x36, 0xf7, 0x7b, 0xf7, 0x7c,
    0xf7, 0x9c, 0xf7, 0x9c, 0xf7, 0x9c, 0xf7, 0x9c, 0xf7, 0x9c, 0xf7, 0x9c, 0xf7, 0x9c, 0xf7, 0x7c,
    0xf7, 0x7c, 0xf7, 0x7c, 0xf7, 0x7c, 0xf7, 0x7c, 0xff, 0x9b, 0xff, 0x9b, 0xff, 0x9b, 0xff, 0x9b,
    0xff, 0x9b, 0xff, 0x9b, 0xff, 0x9b, 0xff, 0x9b, 0xff, 0x9b, 0xff, 0x9b, 0xff, 0x9b, 0xff, 0x9b,
    0xff, 0x9b, 0xff, 0x9b, 0xff, 0x9b, 0xff, 0x9b, 0xff, 0x9b, 0xff, 0x7b, 0xff, 0x7b, 0xff, 0x7b,
    0xff, 0x7b, 0xff, 0x7b, 0xee, 0x98, 0xd5, 0x33, 0xb4, 0x4f, 0x8b, 0xed, 0xb5, 0x53, 0xbd, 0xd5,
    0xd6, 0x98, 0xd6, 0x57, 0xde, 0xb8, 0xbd, 0xb5, 0xa4, 0xf1, 0x9c, 0x70, 0xbd, 0xb4, 0xbd, 0xb4,
    0xbd, 0xb4, 0xbd, 0xb4, 0xbd, 0xb4, 0xad, 0x33, 0xb5, 0x94, 0xf7, 0x7b, 0xf7, 0x7c, 0xf7, 0x9c,
    0xf7, 0x9c, 0xf7, 0x9c, 0xf7, 0x9c, 0xf7, 0x9c, 0xf7, 0x9c, 0xf7, 0x9c, 0xf7, 0x7c, 0xf7, 0x7c,
    0xf7, 0x7c, 0xf7, 0x7c, 0xf7, 0x7c, 0xff, 0x9b, 0xff, 0x9b, 0xff, 0x9b, 0xff, 0x9b, 0xff, 0x9b,
    0xff, 0x9b, 0xff, 0x9b, 0xff, 0x9b, 0xff, 0x9b, 0xff, 0x9b, 0xff, 0x9b, 0xff, 0x9b, 0xff, 0x9b,
    0xff, 0x9b, 0xff, 0x7b, 0xff, 0x7b, 0xff, 0x7b, 0xff, 0x7b, 0xff, 0x7b, 0xff, 0x7b, 0xff, 0x7b,
    0xff, 0x7b, 0xff, 0x7b, 0xee, 0x36, 0xd5, 0x33, 0xa4, 0x0e, 0x9c, 0x4f, 0xb5, 0x73, 0xbd, 0x94,
    0xc5, 0xf6, 0xce, 0x36, 0xc5, 0xd5, 0xbd, 0xb4, 0x8b, 0xee, 0xb5, 0x74, 0xbd, 0xb4, 0xbd, 0xb4,
    0xbd, 0xb4, 0xbd, 0xb4, 0xbd, 0x94, 0xa5, 0x12, 0xf7, 0x7b, 0xf7, 0x7c, 0xf7, 0x9c, 0xf7, 0x9c,
    0xf7, 0x9c, 0xf7, 0x9c, 0xf7, 0x9c, 0xf7, 0x9c, 0xf7, 0x7c, 0xf7, 0x7c, 0xf7, 0x7c, 0xf7, 0x7c,
    0xf7, 0x7c, 0xf7, 0x7c, 0xff, 0x9b, 0xff, 0x9b, 0xff, 0x9b, 0xff, 0x9b, 0xff, 0x9b, 0xff, 0x9b,
    0xff, 0x9b, 0xff, 0x9b, 0xff, 0x9b, 0xff, 0x9b, 0xff, 0x9b, 0xff, 0x9b, 0xff, 0x9b, 0xff, 0x9b,
    0xff, 0x9b, 0xff, 0x9b, 0xff, 0x7b, 0xff, 0x7b, 0xff, 0x7b, 0xff, 0x7b, 0xff, 0x7b, 0xff, 0x7b,
    0xff, 0x7b, 0xff, 0x5b, 0xe5, 0xf5, 0xdd, 0x53, 0x9b, 0xed, 0xa4, 0xb0, 0xb5, 0x94, 0xbd, 0x94,
    0xbd, 0xb4, 0xbd, 0xd5, 0xbd, 0xb5, 0xac, 0xf2, 0x94, 0x6f, 0xbd, 0x94, 0xbd, 0xb4, 0xbd, 0xb4,
    0xbd, 0xb4, 0xbd, 0xb4, 0x9c, 0xb0, 0xf7, 0x5b, 0xf7, 0x7b, 0xf7, 0x9c, 0xf7, 0x9c, 0xf7, 0x9c,
    0xf7, 0x9c, 0xf7, 0x9c, 0xf7, 0x7c, 0xf7, 0x7c, 0xf7, 0x7c, 0xf7, 0x7c, 0xf7, 0x7c, 0xf7, 0x7c,
    0xf7, 0x7c, 0xff, 0x9b, 0xff, 0x9b, 0xff, 0x9b, 0xff, 0x9b, 0xff, 0x9b, 0xff, 0x9b, 0xff, 0x9b,
    0xff, 0x9b, 0xff, 0x9b, 0xff, 0x7b, 0xff, 0x7b, 0xff, 0x7b, 0xff, 0x7b, 0xff, 0x7b, 0xff, 0x7b,
    0xff, 0x7b, 0xff, 0x7b, 0xff, 0x7b, 0xff, 0x7b, 0xff, 0x7b, 0xff, 0x7b, 0xff, 0x7b, 0xff, 0x7b,
    0xff, 0x7b, 0xff, 0x3b, 0xdd, 0xd5, 0xdd, 0x52, 0x93, 0xac, 0xad, 0x12, 0xb5, 0x94, 0xbd, 0x94,
    0xbd, 0xb4, 0xbd, 0xb5, 0xbd, 0xb4, 0x83, 0xee, 0xb5, 0x53, 0xbd, 0xb4, 0xbd, 0xb4, 0xbd, 0xb4,
    0xbd, 0xb4, 0x94, 0x90, 0xef, 0x3b, 0xf7, 0x7b, 0xf7, 0x7c, 0xf7, 0x9c, 0xf7, 0x9c, 0xf7, 0x9c,
    0xf7, 0x9c, 0xf7, 0x7c, 0xf7, 0x9c, 0xf7, 0x9c, 0xf7, 0x7c, 0xf7, 0x7c, 0xf7, 0x7c, 0xf7, 0x7c,
    0xff, 0x9b, 0xff, 0x9b, 0xff, 0x9b, 0xff, 0x9b, 0xff, 0x9b, 0xff, 0x9b, 0xff, 0x9b, 0xff, 0x7b,
    0xff, 0x7b, 0xff, 0x7b, 0xff, 0x7b, 0xff, 0x7b, 0xff, 0x7b, 0xff, 0x7b, 0xff, 0x7b, 0xff, 0x7b,
    0xff, 0x7b, 0xff, 0x7b, 0xff, 0x7b, 0xff, 0x7b, 0xff, 0x7b, 0xff, 0x7b, 0xff, 0x7b, 0xff, 0x7b,
    0xff, 0x7b, 0xff, 0x3a, 0xe5, 0xd5, 0xd5, 0x32, 0x8b, 0x6c, 0xad, 0x12, 0xbd, 0x94, 0xbd, 0xb4,
    0xbd, 0xb5, 0xbd, 0xb5, 0xad, 0x33, 0x8c, 0x2f, 0xbd, 0xb4, 0xbd, 0xb4, 0xbd, 0xb4, 0xbd, 0xb4,
    0x94, 0x70, 0xe7, 0x1a, 0xf7, 0x7c, 0xf7, 0x7c, 0xf7, 0x7c, 0xf7, 0x9c, 0xf7, 0x9c, 0xf7, 0x9c,
    0xf7, 0x9c, 0xf7, 0x9c, 0xf7, 0x7c, 0xf7, 0x7c, 0xf7, 0x9c, 0xf7, 0x9c, 0xf7, 0x7c, 0xff, 0x9b,
    0xff, 0x9b, 0xff, 0x9b, 0xff, 0x9b, 0xff, 0x9b, 0xff, 0x9b, 0xff, 0x9b, 0xff, 0x7b, 0xff, 0x7b,
    0xff, 0x7b, 0xff, 0x7b, 0xff, 0x7b, 0xff, 0x7b, 0xff, 0x7b, 0xff, 0x7b, 0xff, 0x7b, 0xff, 0x7b,
    0xff, 0x7b, 0xff, 0x7b, 0xff, 0x7b, 0xff, 0x9b, 0xff, 0x9b, 0xff, 0x7b, 0xff, 0x7b, 0xff, 0x7b,
    0xff, 0x7b, 0xff, 0x1a, 0xe5, 0xb4, 0xd5, 0x32, 0x83, 0x4b, 0xb5, 0x32, 0xbd, 0xb4, 0xbd, 0xb5,
    0xbd, 0xb5, 0xbd, 0xb5, 0x8c, 0x0e, 0xb5, 0x53, 0xbd, 0xb4, 0xbd, 0xb4, 0xbd, 0xb4, 0x94, 0x4f,
    0xde, 0xd9, 0xf7, 0x7c, 0xf7, 0x7c, 0xf7, 0x9c, 0xf7, 0x9c, 0xf7, 0x9c, 0xf7, 0x9c, 0xf7, 0x9c,
    0xf7, 0x9c, 0xf7, 0x9c, 0xf7, 0x7c, 0xf7, 0x9c, 0xf7, 0x9c, 0xf7, 0x9c, 0xff, 0x9b, 0xff, 0x9b,
    0xff, 0x9b, 0xff, 0x9c, 0xff, 0x9b, 0xff, 0x9b, 0xff, 0x9b, 0xff, 0x9b, 0xff, 0x7b, 0xff, 0x7b,
    0xff, 0x7b, 0xff, 0x7b, 0xff, 0x7b, 0xff, 0x7b, 0xff, 0x7b, 0xff, 0x9b, 0xff, 0x9b, 0xff, 0x9b,
    0xff, 0x9b, 0xff, 0x9b, 0xff, 0x9b, 0xff, 0x7b, 0xff, 0x7b, 0xff, 0x7b, 0xff, 0x7b, 0xff, 0x7b,
    0xff, 0x7b, 0xff, 0x1a, 0xe5, 0xb4, 0xcc, 0xf1, 0x7b, 0x2a, 0xb5, 0x73, 0xbd, 0xb5, 0xbd, 0xb5,
    0xbd, 0xb5, 0xb5, 0x33, 0x8b, 0xee, 0xbd, 0xb4, 0xbd, 0xb4, 0xbd, 0xb5, 0x94, 0x6f, 0xd6, 0x77,
    0xf7, 0x7c, 0xf7, 0x7c, 0xf7, 0x7c, 0xf7, 0x9c, 0xf7, 0x9c, 0xf7, 0x9c, 0xf7, 0x9c, 0xf7, 0x9c,
    0xf7, 0x9c, 0xf7, 0x9c, 0xf7, 0x9c, 0xf7, 0x9c, 0xf7, 0x9c, 0xff, 0x9b, 0xff, 0x9b, 0xff, 0x9b,
    0xff, 0x9c, 0xff, 0x9c, 0xff, 0x9c, 0xff, 0x7b, 0xf7, 0x5b, 0xf7, 0x3a, 0xf7, 0x3a, 0xf7, 0x5b,
    0xff, 0x7b, 0xff, 0x7b, 0xff, 0x7b, 0xff, 0x7b, 0xff, 0x9b, 0xff, 0x9b, 0xff, 0x9b, 0xff, 0x7b,
    0xff, 0x7b, 0xff, 0x7b, 0xff, 0x7b, 0xff, 0x7b, 0xff, 0x9b, 0xff, 0x9b, 0xff, 0x9b, 0xff, 0x9b,
    0xff, 0x7b, 0xff, 0x1a, 0xdd, 0xb4, 0xc4, 0xd1, 0x83, 0x6c, 0xb5, 0x53, 0xbd, 0xb4, 0xbd, 0xb4,
    0xbd, 0xb4, 0x9c, 0x90, 0xa4, 0xd1, 0xbd, 0xb4, 0xbd, 0xb4, 0x9c, 0x90, 0xc5, 0xf6, 0xf7, 0x7c,
    0xf7, 0x7c, 0xf7, 0x7c, 0xf7, 0x7c, 0xf7, 0x9c, 0xf7, 0x9c, 0xf7, 0x9c, 0xf7, 0x9c, 0xf7, 0x9c,
    0xf7, 0x9c, 0xf7, 0x9c, 0xf7, 0x9c, 0xf7, 0x9c, 0xff, 0x9b, 0xff, 0x9b, 0xff, 0x9b, 0xff, 0x7b,
    0xe6, 0xd9, 0xb5, 0x12, 0x9c, 0x90, 0x94, 0x4f, 0x94, 0x2e, 0x8b, 0xee, 0x8c, 0x0e, 0x94, 0x2f,
    0x9c, 0x70, 0xac, 0xf2, 0xc5, 0xd5, 0xe6, 0xb9, 0xf7, 0x5b, 0xff, 0x7b, 0xff, 0x7b, 0xff, 0x7b,
    0xff, 0x7b, 0xff, 0x7b, 0xff, 0x7b, 0xff, 0x9b, 0xff, 0x9b, 0xff, 0x9b, 0xff, 0x7b, 0xff, 0x7b,
    0xff, 0x7b, 0xff, 0x1a, 0xdd, 0x94, 0xcc, 0xd1, 0x83, 0x6b, 0xb5, 0x53, 0xbd, 0x95, 0xbd, 0xb4,
    0xbd, 0x94, 0x83, 0xcd, 0xbd, 0x94, 0xbd, 0xb4, 0xa4, 0xf1, 0xb5, 0x74, 0xf7, 0x7c, 0xf7, 0x7c,
    0xf7, 0x7c, 0xf7, 0x7c, 0xf7, 0x7c, 0xf7, 0x9c, 0xf7, 0x9c, 0xf7, 0x9c, 0xf7, 0x9c, 0xf7, 0x9c,
    0xf7, 0x9c, 0xf7, 0x9c, 0xf7, 0x9c, 0xff, 0x9b, 0xff, 0x9b, 0xff, 0x7b, 0xf7, 0x3a, 0xc5, 0xb4,
    0xc5, 0xb4, 0xcd, 0xf5, 0xd6, 0x16, 0xd6, 0x36, 0xd6, 0x36, 0xc5, 0xd5, 0xb5, 0x33, 0xac, 0xf2,
    0x9c, 0x50, 0x83, 0xad, 0x73, 0x6c, 0x7b, 0xad, 0x9c, 0x90, 0xbd, 0xb4, 0xee, 0xfa, 0xff, 0x5b,
    0xff, 0x7b, 0xff, 0x7b, 0xff, 0x7b, 0xff, 0x7b, 0xff, 0x7b, 0xff, 0x7b, 0xff, 0x7b, 0xff, 0x7b,
    0xff, 0x7b, 0xff, 0x3a, 0xe5, 0xb4, 0xcc, 0xd1, 0x83, 0x4b, 0xb5, 0x53, 0xbd, 0xb4, 0xbd, 0xb4,
    0xad, 0x33, 0x8c, 0x0e, 0xbd, 0xb4, 0xad, 0x32, 0xa4, 0xf2, 0xf7, 0x7c, 0xf7, 0x7c, 0xf7, 0x7c,
    0xf7, 0x7c, 0xf7, 0x7c, 0xf7, 0x7c, 0xf7, 0x9c, 0xf7, 0x9c, 0xf7, 0x9c, 0xf7, 0x9c, 0xf7, 0x9c,
    0xf7, 0x9c, 0xf7, 0x9c, 0xff, 0x9b, 0xff, 0x9b, 0xff, 0x7b, 0xff, 0x9b, 0xff, 0x7b, 0xff, 0x7b,
    0xff, 0x9b, 0xff, 0x9b, 0xff, 0x9b, 0xff, 0x9b, 0xff, 0x9b, 0xff, 0x9b, 0xff, 0x9b, 0xff, 0x7b,
    0xff, 0x7b, 0xef, 0x1a, 0xcd, 0xf6, 0xa4, 0xf1, 0x8c, 0x0e, 0x6b, 0x0a, 0x8c, 0x0e, 0xb5, 0x33,
    0xe6, 0xd9, 0xff, 0x7b, 0xff, 0x7b, 0xff, 0x7b, 0xff, 0x7b, 0xff, 0x7b, 0xff, 0x7b, 0xff, 0x7b,
    0xff, 0x7b, 0xff, 0x3a, 0xdd, 0xd4, 0xcd, 0x11, 0x83, 0x4b, 0xa4, 0xb1, 0xbd, 0xb5, 0xc5, 0xb5,
    0x8c, 0x2e, 0xa4, 0xf1, 0xb5, 0x73, 0x9c, 0xb0, 0xf7, 0x7c, 0xf7, 0x7c, 0xf7, 0x7c, 0xf7, 0x7c,
    0xf7, 0x7c, 0xf7, 0x7c, 0xf7, 0x9c, 0xf7, 0x9c, 0xf7, 0x9c, 0xf7, 0x9c, 0xf7, 0x9c, 0xf7, 0x9c,
    0xf7, 0x9c, 0xff, 0x9b, 0xff, 0x9b, 0xff, 0x7b, 0xff, 0x9b, 0xff, 0x9b, 0xff, 0x9b, 0xff, 0x9b,
    0xff, 0x7c, 0xff, 0x7b, 0xff, 0x9b, 0xff, 0x9b, 0xff, 0x9b, 0xff, 0x7b, 0xff, 0x7b, 0xff, 0x7b,
    0xff, 0x7b, 0xff, 0x7b, 0xff, 0x7b, 0xff, 0x5b, 0xee, 0xf9, 0xc5, 0xd5, 0x9c, 0x90, 0x73, 0x4b,
    0x8b, 0xee, 0xcd, 0xd5, 0xf7, 0x5a, 0xff, 0x7b, 0xff, 0x9b, 0xff, 0x7b, 0xff, 0x7b, 0xff, 0x7b,
    0xff, 0x9b, 0xff, 0x5b, 0xe6, 0x15, 0xd5, 0x32, 0x93, 0x8c, 0x9c, 0x4f, 0xbd, 0x95, 0xbd, 0x94,
    0x7b, 0xac, 0xb5, 0x53, 0x94, 0x90, 0xf7, 0x7c, 0xf7, 0x7c, 0xf7, 0x7c, 0xf7, 0x9c, 0xf7, 0x7c,
    0xf7, 0x7c, 0xf7, 0x9c, 0xf7, 0x9c, 0xf7, 0x9c, 0xf7, 0x9c, 0xf7, 0x9c, 0xf7, 0x9c, 0xf7, 0x9c,
    0xff, 0x9b, 0xff, 0x9b, 0xff, 0x7b, 0xff, 0x9b, 0xff, 0x7b, 0xff, 0x7b, 0xff, 0x7b, 0xff, 0x7b,
    0xff, 0x7b, 0xff, 0x7b, 0xff, 0x7b, 0xff, 0x7b, 0xff, 0x7b, 0xff, 0x7b, 0xff, 0x7b, 0xff, 0x7b,
    0xff, 0x7b, 0xff, 0x7b, 0xff, 0x7b, 0xff, 0x7b, 0xff, 0x7b, 0xff, 0x7b, 0xf7, 0x3a, 0xd6, 0x36,
    0x9c, 0x90, 0x7b, 0x8c, 0xac, 0xf1, 0xe6, 0xb9, 0xff, 0x7b, 0xff, 0x7b, 0xff, 0x7b, 0xff, 0x9b,
    0xff, 0x9b, 0xff, 0x5b, 0xee, 0x56, 0xd5, 0x32, 0xac, 0x2e, 0x93, 0xed, 0xb5, 0x53, 0xa4, 0xd1,
    0x94, 0x4f, 0x9c, 0x90, 0xf7, 0x7c, 0xf7, 0x7c, 0xf7, 0x7c, 0xf7, 0x7c, 0xf7, 0x9c, 0xf7, 0x7c,
    0xf7, 0x9c, 0xf7, 0x9c, 0xf7, 0x9c, 0xf7, 0x9c, 0xf7, 0x9c, 0xf7, 0x9c, 0xf7, 0x9c, 0xff, 0x9b,
    0xff, 0x9b, 0xff, 0x7b, 0xff, 0x9b, 0xff, 0x9b, 0xff, 0x7b, 0xff, 0x7b, 0xff, 0x7b, 0xff, 0x7b,
    0xff, 0x7b, 0xff, 0x7b, 0xff, 0x7b, 0xff, 0x7b, 0xff, 0x7b, 0xff, 0x7b, 0xff, 0x7b, 0xff, 0x7b,
    0xff, 0x7b, 0xff, 0x7b, 0xff, 0x7b, 0xff, 0x7b, 0xff, 0x7b, 0xff, 0x7b, 0xff, 0x7b, 0xff, 0x7b,
    0xef, 0x1a, 0xc5, 0x94, 0x8b, 0xee, 0x9c, 0x90, 0xe6, 0xb8, 0xff, 0x7b, 0xff, 0x7c, 0xff, 0x9c,
    0xff, 0x9b, 0xff, 0x7b, 0xf6, 0x77, 0xdd, 0x53, 0xc4, 0xd0, 0x93, 0xac, 0xb5, 0x12, 0x8b, 0xee,
    0x8c, 0x0e, 0xf7, 0x7b, 0xf7, 0x7c, 0xf7, 0x9c, 0xf7, 0x7c, 0xf7, 0x9c, 0xf7, 0x7c, 0xf7, 0x7c,
    0xf7, 0x9c, 0xf7, 0x9c, 0xf7, 0x9c, 0xf7, 0x9c, 0xf7, 0x9c, 0xf7, 0x9c, 0xff, 0x9b, 0xff, 0x9b,
    0xff, 0x9b, 0xff, 0x9b, 0xff, 0x7b, 0xff, 0x7b, 0xff, 0x7b, 0xff, 0x7b, 0xff, 0x7b, 0xff, 0x7b,
    0xff, 0x7b, 0xff, 0x7b, 0xff, 0x7b, 0xff, 0x7b, 0xff, 0x7b, 0xff, 0x7b, 0xff, 0x7b, 0xff, 0x7b,
    0xff, 0x7b, 0xff, 0x7b, 0xff, 0x7b, 0xff, 0x7b, 0xff, 0x7b, 0xff, 0x7b, 0xff, 0x7b, 0xff, 0x7b,
    0xff, 0x9b, 0xff, 0x7b, 0xde, 0x77, 0x9c, 0x90, 0x9c, 0xb0, 0xe6, 0xd9, 0xff, 0x7b, 0xff, 0x7b,
    0xff, 0x7b, 0xff, 0x7b, 0xf6, 0xb8, 0xdd, 0x73, 0xd5, 0x12, 0xa3, 0xee, 0x94, 0x0e, 0x7b, 0x6c,
    0xef, 0x5b, 0xf7, 0x7c, 0xf7, 0x9c, 0xf7, 0x9c, 0xf7, 0x9c, 0xf7, 0x9c, 0xf7, 0x9c, 0xf7, 0x7c,
    0xf7, 0x9c, 0xf7, 0x9c, 0xf7, 0x9c, 0xf7, 0x9c, 0xf7, 0x9c, 0xff, 0x9b, 0xff, 0x9b, 0xff, 0x9b,
    0xff, 0x9b, 0xff, 0x7b, 0xff, 0x7b, 0xff, 0x7b, 0xff, 0x7b, 0xff, 0x7b, 0xff, 0x7b, 0xff, 0x7b,
    0xff, 0x7b, 0xff, 0x7b, 0xff, 0x7b, 0xff, 0x7b, 0xff, 0x7b, 0xff, 0x7b, 0xff, 0x7b, 0xff, 0x7b,
    0xff, 0x7b, 0xff, 0x9b, 0xff, 0x7b, 0xff, 0x7b, 0xff, 0x7b, 0xff, 0x7b, 0xff, 0x7b, 0xff, 0x9b,
    0xff, 0x9b, 0xff, 0x7b, 0xff, 0x7b, 0xee, 0xd9, 0xad, 0x12, 0xb5, 0x52, 0xf7, 0x3a, 0xff, 0x7b,
    0xff, 0x7b, 0xff, 0x7b, 0xee, 0x98, 0xdd, 0x53, 0xdd, 0x52, 0xbc, 0xb0, 0x72, 0xc9, 0xef, 0x1a,
    0xf7, 0x7c, 0xf7, 0x9c, 0xf7, 0x7c, 0xf7, 0x7c, 0xf7, 0x7c, 0xf7, 0x9c, 0xf7, 0x7c, 0xf7, 0x9c,
    0xf7, 0x9c, 0xf7, 0x9c, 0xf7, 0x9c, 0xf7, 0x9c, 0xff, 0x9b, 0xff, 0x9b, 0xff, 0x9b, 0xff, 0x7b,
    0xff, 0x7b, 0xff, 0x7b, 0xff, 0x7b, 0xff, 0x7b, 0xff, 0x7b, 0xff, 0x7b, 0xff, 0x7b, 0xff, 0x7b,
    0xff, 0x7b, 0xff, 0x7b, 0xff, 0x7b, 0xff, 0x7b, 0xff, 0x7b, 0xff, 0x7b, 0xff, 0x7b, 0xff, 0x7b,
    0xff, 0x9b, 0xff, 0x7b, 0xff, 0x7b, 0xff, 0x7b, 0xff, 0x7b, 0xff, 0x7b, 0xff, 0x7b, 0xff, 0x7b,
    0xff, 0x7b, 0xff, 0x9b, 0xff, 0x9b, 0xff, 0x9b, 0xef, 0x19, 0xbd, 0x74, 0xde, 0x57, 0xff, 0x7b,
    0xff, 0x7b, 0xff, 0x7b, 0xee, 0x56, 0xdd, 0x52, 0xdd, 0x32, 0x9b, 0xad, 0xde, 0xb8, 0xf7, 0x7c,
    0xf7, 0x9c, 0xf7, 0x7c, 0xf7, 0x9c, 0xf7, 0x9c, 0xf7, 0x9c, 0xf7, 0x7c, 0xf7, 0x7c, 0xf7, 0x9c,
    0xf7, 0x9c, 0xf7, 0x9c, 0xf7, 0x9c, 0xff, 0x9b, 0xff, 0x9b, 0xff, 0x9b, 0xff, 0x7b, 0xff, 0x7b,
    0xff, 0x7b, 0xff, 0x7b, 0xff, 0x7b, 0xff, 0x7b, 0xff, 0x7b, 0xff, 0x7b, 0xff, 0x7b, 0xff, 0x7b,
    0xff, 0x7b, 0xff, 0x7b, 0xff, 0x7b, 0xff, 0x7b, 0xff, 0x7b, 0xff, 0x7b, 0xff, 0x7b, 0xff, 0x7b,
    0xff, 0x7b, 0xff, 0x7b, 0xff, 0x7b, 0xff, 0x7b, 0xff, 0x7b, 0xff, 0x7b, 0xff, 0x7b, 0xff, 0x7b,
    0xff, 0x7b, 0xff, 0x7b, 0xff, 0x7b, 0xff, 0x7b, 0xff, 0x9b, 0xe6, 0xb8, 0xce, 0x15, 0xf7, 0x5a,
    0xff, 0x7b, 0xff, 0x5a, 0xe6, 0x15, 0xdd, 0x32, 0xac, 0x0e, 0xd6, 0x57, 0xf7, 0x7c, 0xf7, 0x9c,
    0xf7, 0x7c, 0xf7, 0x7c, 0xf7, 0x9c, 0xf7, 0x9c, 0xf7, 0x7c, 0xf7, 0x7c, 0xf7, 0x9c, 0xf7, 0x9c,
    0xf7, 0x9c, 0xf7, 0x9c, 0xff, 0x9b, 0xff, 0x9b, 0xff, 0x7b, 0xff, 0x7b, 0xff, 0x7b, 0xff, 0x7b,
    0xff, 0x7b, 0xff, 0x7b, 0xff, 0x7b, 0xff, 0x7b, 0xff, 0x7b, 0xff, 0x7b, 0xff, 0x7b, 0xff, 0x7b,
    0xff, 0x7b, 0xff, 0x7b, 0xff, 0x7b, 0xff, 0x7b, 0xff, 0x7b, 0xff, 0x7b, 0xff, 0x7b, 0xff, 0x7b,
    0xff, 0x7b, 0xff, 0x7b, 0xff, 0x7b, 0xff, 0x7b, 0xff, 0x7b, 0xff, 0x7b, 0xff, 0x7b, 0xff, 0x7b,
    0xff, 0x7b, 0xff, 0x7b, 0xff, 0x9b, 0xff, 0x9b, 0xff, 0x7b, 0xff, 0x5b, 0xe6, 0xb8, 0xff, 0x5b,
    0xff, 0x7b, 0xff, 0x3a, 0xe5, 0xb4, 0xac, 0x2e, 0xce, 0x16, 0xf7, 0x7c, 0xf7, 0x9c, 0xf7, 0x9c,
    0xf7, 0x9c, 0xf7, 0x9c, 0xf7, 0x9c, 0xf7, 0x7c, 0xf7, 0x7c, 0xf7, 0x9c, 0xf7, 0x9c, 0xf7, 0x9c,
    0xf7, 0x9c, 0xff, 0x9b, 0xff, 0x9b, 0xff, 0x7b, 0xff, 0x7b, 0xff, 0x7b, 0xff, 0x7b, 0xff, 0x7b,
    0xff, 0x7b, 0xff, 0x7b, 0xff, 0x7b, 0xff, 0x7b, 0xff, 0x7b, 0xff, 0x7b, 0xff, 0x7b, 0xff, 0x7b,
    0xff, 0x7b, 0xff, 0x7b, 0xff, 0x7b, 0xff, 0x7b, 0xff, 0x7b, 0xff, 0x7b, 0xff, 0x7b, 0xff, 0x7b,
    0xff, 0x7b, 0xff, 0x7b, 0xff, 0x7b, 0xff, 0x7b, 0xff, 0x7b, 0xff, 0x7b, 0xff, 0x7b, 0xff, 0x7b,
    0xff, 0x9b, 0xff, 0x7b, 0xff, 0x9b, 0xff, 0x9b, 0xff, 0x7b, 0xff, 0x7b, 0xff, 0x7b, 0xff, 0x7b,
    0xff, 0x7b, 0xf6, 0xd9, 0xb4, 0x6f, 0xc5, 0xd5, 0xf7, 0x7c, 0xf7, 0x7b, 0xf7, 0x7c, 0xf7, 0x9c,
    0xf7, 0x9c, 0xf7, 0x9c, 0xf7, 0x7c, 0xf7, 0x7b, 0xf7, 0x9c, 0xf7, 0x9c, 0xf7, 0x9c, 0xf7, 0x9c,
    0xff, 0x9b, 0xff, 0x9b, 0xff, 0x7b, 0xff, 0x7b, 0xff, 0x7b, 0xff, 0x7b, 0xff, 0x7b, 0xff, 0x7b,
    0xff, 0x7b, 0xff, 0x7b, 0xff, 0x7b, 0xff, 0x7b, 0xff, 0x7b, 0xff, 0x7b, 0xff, 0x7b, 0xff, 0x7b,
    0xff, 0x7b, 0xff, 0x7b, 0xff, 0x7b, 0xff, 0x7b, 0xff, 0x7b, 0xff, 0x7b, 0xff, 0x7b, 0xff, 0x7b,
    0xff, 0x7b, 0xff, 0x7b, 0xff, 0x7b, 0xff, 0x7b, 0xff, 0x7b, 0xff, 0x7b, 0xff, 0x7b, 0xff, 0x9b,
    0xff, 0x7b, 0xff, 0x9b, 0xff, 0x7b, 0xff, 0x7b, 0xff, 0x7b, 0xff, 0x9b, 0xff, 0x7b, 0xff, 0x7b,
    0xff, 0x5a, 0xbc, 0xd1, 0xbd, 0x74, 0xf7, 0x7c, 0xf7, 0x9c, 0xf7, 0x7c, 0xf7, 0x9c, 0xf7, 0x9c,
    0xf7, 0x7c, 0xf7, 0x7c, 0xf7, 0x7b, 0xf7, 0x9c, 0xf7, 0x9c, 0xf7, 0x9c, 0xf7, 0x9c, 0xff, 0x9b,
    0xff, 0x9b, 0xff, 0x7b, 0xff, 0x7b, 0xff, 0x7b, 0xff, 0x7b, 0xff, 0x7b, 0xff, 0x7b, 0xff, 0x7b,
    0xff, 0x7b, 0xff, 0x7b, 0xff, 0x7b, 0xff, 0x7b, 0xff, 0x7b, 0xff, 0x7b, 0xff, 0x7b, 0xff, 0x7b,
    0xff, 0x7b, 0xff, 0x7b, 0xff, 0x7b, 0xff, 0x7b, 0xff, 0x7b, 0xff, 0x7b, 0xff, 0x7b, 0xff, 0x7b,
    0xff, 0x7b, 0xff, 0x7b, 0xff, 0x7b, 0xff, 0x7b, 0xff, 0x7b, 0xff, 0x7b, 0xff, 0x7b, 0xff, 0x9b,
    0xff, 0x9b, 0xff, 0x7b, 0xff, 0x7b, 0xff, 0x7b, 0xff, 0x7b, 0xff, 0x7b, 0xff, 0x7b, 0xff, 0x5b,
    0xc5, 0x53, 0xb5, 0x53, 0xf7, 0x7c, 0xf7, 0x9c, 0xf7, 0x7c, 0xf7, 0x7c, 0xf7, 0x7c, 0xf7, 0x9c,
    0xf7, 0x7b, 0xf7, 0x7b, 0xf7, 0x9c, 0xf7, 0x9c, 0xf7, 0x9c, 0xf7, 0x9c, 0xff, 0x9b, 0xff, 0x7b,
    0xff, 0x7b, 0xff, 0x7b, 0xff, 0x7b, 0xff, 0x7b, 0xff, 0x7b, 0xff, 0x7b, 0xff, 0x7b, 0xff, 0x7b,
    0xff, 0x7b, 0xff, 0x7b, 0xff, 0x7b, 0xff, 0x7b, 0xff, 0x7b, 0xff, 0x7b, 0xff, 0x7b, 0xff, 0x7b,
    0xff, 0x7b, 0xff, 0x7b, 0xff, 0x7b, 0xff, 0x7b, 0xff, 0x7b, 0xff, 0x7b, 0xff, 0x7b, 0xff, 0x7b,
    0xff, 0x7b, 0xff, 0x7b, 0xff, 0x7b, 0xff, 0x7b, 0xff, 0x7b, 0xff, 0x7b, 0xff, 0x7b, 0xff, 0x7b,
    0xff, 0x7b, 0xff, 0x7b, 0xff, 0x9b, 0xff, 0x7b, 0xff, 0x7b, 0xff, 0x7b, 0xff, 0x7b, 0xd5, 0xf6,
    0xb5, 0x32, 0xf7, 0x7c, 0xf7, 0x9c, 0xf7, 0x9c, 0xf7, 0x7c, 0xf7, 0x7c, 0xf7, 0x7c, 0xf7, 0x7b,
    0xf7, 0x7b, 0xf7, 0x9c, 0xf7, 0x9c, 0xf7, 0x9c, 0xf7, 0x9c, 0xff, 0x9b, 0xff, 0x7b, 0xff, 0x7b,
    0xff, 0x7b, 0xff, 0x7b, 0xff, 0x7b, 0xff, 0x7b, 0xff, 0x7b, 0xff, 0x7b, 0xff, 0x7b, 0xff, 0x7b,
    0xff, 0x7b, 0xff, 0x7b, 0xff, 0x7b, 0xff, 0x7b, 0xff, 0x7b, 0xff, 0x7b, 0xff, 0x7b, 0xff, 0x7b,
    0xff, 0x7b, 0xff, 0x7b, 0xff, 0x7b, 0xff, 0x7b, 0xff, 0x7b, 0xff, 0x7b, 0xff, 0x7b, 0xff, 0x7b,
    0xff, 0x7b, 0xff, 0x7b, 0xff, 0x7b, 0xff, 0x7b, 0xff, 0x7b, 0xff, 0x7b, 0xff, 0x7b, 0xff, 0x7b,
    0xff, 0x7b, 0xff, 0x7b, 0xff, 0x7b, 0xff, 0x7b, 0xff, 0x7b, 0xff, 0x7b, 0xe6, 0x77, 0xad, 0x12,
    0xf7, 0x7c, 0xf7, 0x7c, 0xf7, 0x7c, 0xf7, 0x7c, 0xf7, 0x9c, 0xf7, 0x7c, 0xf7, 0x7b, 0xf7, 0x5b,
    0xf7, 0x9c, 0xf7, 0x9c, 0xf7, 0x9c, 0xf7, 0x9c, 0xff, 0x7b, 0xff, 0x7b, 0xff, 0x7b, 0xff, 0x7b,
    0xff, 0x7b, 0xff, 0x7b, 0xff, 0x7b, 0xff, 0x7b, 0xff, 0x7b, 0xff, 0x7b, 0xff, 0x5a, 0xff, 0x19,
    0xf6, 0xd8, 0xf6, 0xf8, 0xf6, 0xf9, 0xff, 0x5a, 0xff, 0x7b, 0xff, 0x7b, 0xff, 0x7b, 0xff, 0x7b,
    0xff, 0x7b, 0xff, 0x7b, 0xff, 0x7b, 0xff, 0x7b, 0xff, 0x7b, 0xff, 0x7b, 0xff, 0x7b, 0xff, 0x7b,
    0xff, 0x7b, 0xff, 0x7b, 0xff, 0x7b, 0xff, 0x7b, 0xff, 0x7b, 0xff, 0x7b, 0xff, 0x7b, 0xff, 0x7b,
    0xff, 0x7b, 0xff, 0x7b, 0xff, 0x7b, 0xff, 0x7b, 0xff, 0x7b, 0xee, 0xb8, 0xac, 0xf2, 0xf7, 0x7b,
    0xf7, 0x7c, 0xf7, 0x7c, 0xf7, 0x7c, 0xf7, 0x9c, 0xf7, 0x7c, 0xf7, 0x7b, 0xef, 0x5b, 0xf7, 0x7c,
    0xf7, 0x9c, 0xf7, 0x9c, 0xf7, 0x9c, 0xff, 0x7b, 0xff, 0x7b, 0xff, 0x7b, 0xff, 0x7b, 0xff, 0x7b,
    0xff, 0x7b, 0xff, 0x7b, 0xff, 0x7b, 0xff, 0x5a, 0xee, 0x97, 0xe6, 0x15, 0xdd, 0xb4, 0xc5, 0x11,
    0xbc, 0xf1, 0xcd, 0x73, 0xcd, 0xd4, 0xd6, 0x36, 0xcd, 0x94, 0xde, 0x16, 0xee, 0xd8, 0xf7, 0x1a,
    0xff, 0x5b, 0xff, 0x7b, 0xff, 0x7b, 0xff, 0x7b, 0xff, 0x7b, 0xff, 0x7b, 0xff, 0x7b, 0xff, 0x7b,
    0xff, 0x7b, 0xff, 0x7b, 0xff, 0x7b, 0xff, 0x7b, 0xff, 0x7b, 0xff, 0x7b, 0xff, 0x7b, 0xff, 0x7b,
    0xff, 0x7b, 0xff, 0x7b, 0xff, 0x7b, 0xff, 0x7b, 0xee, 0xd9, 0xa4, 0xb0, 0xf7, 0x7b, 0xf7, 0x7c,
    0xf7, 0x7c, 0xf7, 0x7c, 0xf7, 0x9c, 0xf7, 0x7c, 0xf7, 0x7b, 0xef, 0x5b, 0xf7, 0x7c, 0xf7, 0x9c,
    0xf7, 0x9c, 0xf7, 0x9c, 0xff, 0x7b, 0xff, 0x7b, 0xff, 0x7b, 0xff, 0x7b, 0xff, 0x7b, 0xff, 0x7b,
    0xff, 0x7b, 0xff, 0x1a, 0xe6, 0x15, 0xcd, 0x11, 0x9b, 0xac, 0xac, 0x4f, 0xde, 0x15, 0xf6, 0xf9,
    0xff, 0x5b, 0xff, 0x7b, 0xf7, 0x3a, 0x9c, 0x4f, 0xff, 0x3a, 0xf7, 0x3a, 0xf7, 0x19, 0xf7, 0x1a,
    0xff, 0x5b, 0xff, 0x7b, 0xff, 0x7b, 0xff, 0x7b, 0xff, 0x7b, 0xff, 0x7b, 0xff, 0x7b, 0xff, 0x7b,
    0xff, 0x7b, 0xff, 0x7b, 0xff, 0x7b, 0xff, 0x7b, 0xff, 0x7b, 0xff, 0x7b, 0xff, 0x7b, 0xff, 0x7b,
    0xff, 0x7b, 0xff, 0x7b, 0xff, 0x7b, 0xf6, 0xf9, 0x9c, 0x90, 0xf7, 0x7b, 0xf7, 0x7c, 0xf7, 0x7c,
    0xf7, 0x7c, 0xf7, 0x9c, 0xf7, 0x7c, 0xf7, 0x5b, 0xef, 0x5b, 0xf7, 0x7c, 0xf7, 0x9c, 0xf7, 0x9c,
    0xf7, 0x9c, 0xff, 0x7b, 0xff, 0x7b, 0xff, 0x7b, 0xff, 0x7b, 0xff, 0x7b, 0xff, 0x7b, 0xff, 0x5b,
    0xe6, 0x16, 0xac, 0x2e, 0xac, 0x4e, 0xee, 0xb8, 0xff, 0x5a, 0xff, 0x5b, 0xff, 0x7b, 0xff, 0x7b,
    0xf7, 0x5b, 0xac, 0xd1, 0x39, 0x23, 0xde, 0x37, 0xee, 0xf9, 0xf7, 0x3a, 0xff, 0x5b, 0xff, 0x5b,
    0xff, 0x7b, 0xff, 0x7b, 0xff, 0x7b, 0xff, 0x7b, 0xff, 0x7b, 0xff, 0x7b, 0xff, 0x7b, 0xff, 0x7b,
    0xff, 0x7b, 0xff, 0x7b, 0xff, 0x7b, 0xff, 0x7b, 0xff, 0x7b, 0xff, 0x7b, 0xff, 0x7b, 0xff, 0x7b,
    0xff, 0x7b, 0xff, 0x7b, 0xf7, 0x1a, 0x9c, 0x70, 0xf7, 0x7c, 0xf7, 0x7c, 0xf7, 0x7c, 0xf7, 0x7c,
    0xf7, 0x7c, 0xf7, 0x7c, 0xf7, 0x5b, 0xef, 0x3b, 0xf7, 0x7c, 0xf7, 0x9c, 0xf7, 0x9c, 0xf7, 0x9c,
    0xff, 0x7b, 0xff, 0x7b, 0xff, 0x7b, 0xff, 0x7b, 0xff, 0x7b, 0xff, 0x7b, 0xff, 0x3a, 0xc5, 0x32,
    0xde, 0x15, 0xff, 0x3a, 0xff, 0x5b, 0xff, 0x5b, 0xff, 0x5b, 0xff, 0x5b, 0xe6, 0xb9, 0x8b, 0xce,
    0x28, 0xa2, 0x18, 0x20, 0x20, 0x60, 0x30, 0xe2, 0x51, 0xe6, 0x8b, 0x8d, 0xc5, 0x94, 0xee, 0xd9,
    0xff, 0x5a, 0xff, 0x7b, 0xff, 0x7b, 0xff, 0x7b, 0xff, 0x7b, 0xff, 0x7b, 0xff, 0x7b, 0xff, 0x7b,
    0xff, 0x7b, 0xff, 0x7b, 0xff, 0x7b, 0xff, 0x7b, 0xff, 0x7b, 0xff, 0x7b, 0xff, 0x7b, 0xff, 0x7b,
    0xff, 0x7b, 0xf7, 0x3a, 0xa4, 0xb0, 0xf7, 0x7c, 0xf7, 0x7c, 0xf7, 0x7c, 0xf7, 0x7c, 0xf7, 0x7c,
    0xf7, 0x7c, 0xef, 0x5b, 0xef, 0x3b, 0xf7, 0x7c, 0xf7, 0x9c, 0xf7, 0x9c, 0xf7, 0x9c, 0xff, 0x7b,
    0xff, 0x7b, 0xff, 0x7b, 0xff, 0x7b, 0xff, 0x7b, 0xff, 0x7b, 0xff, 0x5a, 0xff, 0x3a, 0xff, 0x5a,
    0xff, 0x5b, 0xff, 0x5b, 0xff, 0x5b, 0xd5, 0xf6, 0x7b, 0x2b, 0x30, 0xe3, 0x20, 0x40, 0x20, 0x41,
    0x28, 0x40, 0x28, 0x40, 0x28, 0x41, 0x28, 0x40, 0x28, 0x40, 0x20, 0x40, 0x30, 0xe2, 0x5a, 0x27,
    0x9c, 0x4f, 0xde, 0x57, 0xf7, 0x3b, 0xff, 0x5b, 0xff, 0x5b, 0xff, 0x5b, 0xff, 0x7b, 0xff, 0x7b,
    0xff, 0x7b, 0xff, 0x5b, 0xee, 0xd9, 0xf6, 0xf9, 0xff, 0x7b, 0xff, 0x7b, 0xff, 0x7b, 0xff, 0x7b,
    0xff, 0x3a, 0xa4, 0xb0, 0xf7, 0x7b, 0xf7, 0x7c, 0xf7, 0x7c, 0xf7, 0x7c, 0xf7, 0x7c, 0xf7, 0x7c,
    0xef, 0x5b, 0xef, 0x3a, 0xf7, 0x7c, 0xf7, 0x7c, 0xf7, 0x9c, 0xf7, 0x9c, 0xff, 0x7b, 0xff, 0x7b,
    0xff, 0x7b, 0xff, 0x7b, 0xff, 0x7b, 0xff, 0x7b, 0xff, 0x7b, 0xff, 0x5b, 0xff, 0x7b, 0xff, 0x3a,
    0xe6, 0x77, 0x7b, 0x0b, 0x28, 0x81, 0x28, 0x41, 0x28, 0x41, 0x28, 0x41, 0x28, 0x41, 0x28, 0x41,
    0x28, 0x41, 0x28, 0x41, 0x28, 0x61, 0x28, 0x41, 0x28, 0x41, 0x28, 0x61, 0x28, 0x41, 0x20, 0x40,
    0x28, 0x61, 0x39, 0x03, 0x5a, 0x07, 0x7b, 0x0b, 0x83, 0x8d, 0x8b, 0xad, 0x83, 0x6c, 0x6a, 0xca,
    0x49, 0xc5, 0x83, 0x8c, 0xde, 0x77, 0xff, 0x5a, 0xff, 0x7b, 0xff, 0x7b, 0xff, 0x7b, 0xff, 0x3a,
    0xa4, 0xb0, 0xf7, 0x7b, 0xf7, 0x7c, 0xf7, 0x7c, 0xf7, 0x7c, 0xf7, 0x7b, 0xf7, 0x7c, 0xef, 0x5b,
    0xef, 0x3a, 0xf7, 0x7c, 0xf7, 0x7c, 0xf7, 0x9c, 0xf7, 0x9c, 0xff, 0x7b, 0xff, 0x7b, 0xff, 0x7b,
    0xff, 0x7b, 0xff, 0x7b, 0xff, 0x7b, 0xff, 0x5b, 0xff, 0x5b, 0xf7, 0x1a, 0xac, 0x90, 0x41, 0x44,
    0x30, 0x61, 0x30, 0x41, 0x28, 0x41, 0x28, 0x41, 0x28, 0x41, 0x28, 0x41, 0x28, 0x41, 0x28, 0x41,
    0x28, 0x61, 0x28, 0x41, 0x28, 0x41, 0x28, 0x61, 0x28, 0x61, 0x28, 0x41, 0x28, 0x41, 0x28, 0x41,
    0x28, 0x41, 0x28, 0x40, 0x20, 0x40, 0x20, 0x20, 0x20, 0x20, 0x20, 0x40, 0x20, 0x60, 0x73, 0x2b,
    0xee, 0xf9, 0xff, 0x7b, 0xff, 0x7b, 0xff, 0x7b, 0xff, 0x7b, 0xff, 0x7b, 0xff, 0x3a, 0xa4, 0xb0,
    0xf7, 0x7c, 0xf7, 0x7c, 0xf7, 0x7c, 0xf7, 0x7c, 0xf7, 0x7c, 0xf7, 0x7c, 0xef, 0x3a, 0xef, 0x3a,
    0xf7, 0x7c, 0xf7, 0x7c, 0xf7, 0x7c, 0xf7, 0x9c, 0xff, 0x7b, 0xff, 0x7b, 0xff, 0x7b, 0xff, 0x7b,
    0xff, 0x7b, 0xff, 0x7b, 0xff, 0x5a, 0xee, 0xb8, 0x8b, 0x6c, 0x61, 0xe7, 0x38, 0x82, 0x30, 0x41,
    0x30, 0x41, 0x28, 0x41, 0x28, 0x41, 0x28, 0x61, 0x28, 0x82, 0x30, 0xa2, 0x30, 0xc2, 0x30, 0xc2,
    0x30, 0xa2, 0x30, 0x81, 0x28, 0x61, 0x28, 0x41, 0x28, 0x61, 0x28, 0x41, 0x28, 0x41, 0x28, 0x41,
    0x28, 0x41, 0x28, 0x41, 0x28, 0x41, 0x20, 0x20, 0x41, 0x44, 0xac, 0xd2, 0xf7, 0x5b, 0xff, 0x7b,
    0xff, 0x7b, 0xff, 0x7b, 0xff, 0x7b, 0xff, 0x7b, 0xff, 0x7b, 0xff, 0x3a, 0x9c, 0x90, 0xf7, 0x7b,
    0xf7, 0x7c, 0xf7, 0x7c, 0xf7, 0x7c, 0xf7, 0x7c, 0xf7, 0x7c, 0xef, 0x3a, 0xef, 0x3a, 0xf7, 0x7c,
    0xf7, 0x7c, 0xf7, 0x9c, 0xf7, 0x9c, 0xff, 0x7b, 0xff, 0x7b, 0xff, 0x7b, 0xff, 0x7b, 0xff, 0x7b,
    0xff, 0x7b, 0xee, 0xb8, 0x8b, 0x2b, 0xa3, 0xee, 0x61, 0x85, 0x38, 0x61, 0x30, 0x41, 0x30, 0x61,
    0x39, 0x04, 0x49, 0xc6, 0x41, 0x85, 0x39, 0x24, 0x31, 0x03, 0x30, 0xe2, 0x30, 0xc2, 0x30, 0xc2,
    0x30, 0xe3, 0x39, 0x04, 0x41, 0x44, 0x39, 0x03, 0x28, 0x61, 0x28, 0x41, 0x28, 0x41, 0x28, 0x41,
    0x28, 0x41, 0x28, 0x41, 0x20, 0x40, 0x6a, 0xa9, 0xef, 0x1a, 0xff, 0x7b, 0xff, 0x7b, 0xff, 0x7b,
    0xff, 0x7b, 0xff, 0x7b, 0xff, 0x7b, 0xff, 0x7b, 0xff, 0x3a, 0x9c, 0x90, 0xf7, 0x7b, 0xf7, 0x7c,
    0xf7, 0x7c, 0xf7, 0x7c, 0xf7, 0x7c, 0xf7, 0x7c, 0xe7, 0x1a, 0xef, 0x3b, 0xf7, 0x7c, 0xf7, 0x7c,
    0xf7, 0x9c, 0xf7, 0x9c, 0xff, 0x7b, 0xff, 0x7b, 0xff, 0x7b, 0xff, 0x7b, 0xff, 0x7b, 0xee, 0xd8,
    0xb4, 0x90, 0xcc, 0xf2, 0x7a, 0x48, 0x38, 0x61, 0x38, 0x61, 0x49, 0x45, 0x51, 0xe7, 0x30, 0xe3,
    0x20, 0x40, 0x28, 0x60, 0x38, 0xc1, 0x49, 0x02, 0x49, 0x22, 0x51, 0x42, 0x49, 0x22, 0x40, 0xe1,
    0x30, 0xa1, 0x28, 0xa1, 0x39, 0x03, 0x49, 0xa5, 0x39, 0x24, 0x20, 0x40, 0x28, 0x40, 0x28, 0x41,
    0x28, 0x41, 0x28, 0x41, 0x20, 0x20, 0x52, 0x07, 0xce, 0x16, 0xff, 0x7b, 0xff, 0x7b, 0xff, 0x7b,
    0xff, 0x7b, 0xff, 0x7b, 0xff, 0x7b, 0xff, 0x5a, 0x9c, 0x90, 0xf7, 0x7b, 0xf7, 0x7c, 0xf7, 0x7c,
    0xf7, 0x7c, 0xf7, 0x7c, 0xf7, 0x7c, 0xe7, 0x1a, 0xef, 0x5b, 0xf7, 0x7c, 0xf7, 0x7c, 0xf7, 0x9c,
    0xf7, 0x9c, 0xff, 0x7b, 0xff, 0x7b, 0xff, 0x7b, 0xff, 0x7b, 0xff, 0x5a, 0xe6, 0x56, 0xe6, 0x16,
    0x9b, 0x4c, 0x40, 0xa2, 0x40, 0xe3, 0x8b, 0x8d, 0x62, 0x6a, 0x18, 0x20, 0x28, 0x81, 0x51, 0x83,
    0x61, 0xe4, 0x69, 0xe4, 0x6a, 0x03, 0x6a, 0x03, 0x6a, 0x04, 0x6a, 0x04, 0x72, 0x04, 0x83, 0x09,
    0xde, 0x78, 0xde, 0x79, 0x62, 0x89, 0x31, 0x03, 0x6a, 0xea, 0x39, 0x24, 0x28, 0x41, 0x30, 0x41,
    0x30, 0x41, 0x28, 0x41, 0x20, 0x20, 0x20, 0x61, 0x73, 0x0a, 0xcd, 0xf5, 0xff, 0x3a, 0xff, 0x5b,
    0xff, 0x7b, 0xff, 0x5b, 0xff, 0x5a, 0x9c, 0x90, 0xf7, 0x7b, 0xf7, 0x7c, 0xf7, 0x7c, 0xf7, 0x7c,
    0xf7, 0x7c, 0xf7, 0x7c, 0xe6, 0xf9, 0xf7, 0x5b, 0xf7, 0x7c, 0xf7, 0x7c, 0xf7, 0x7c, 0xf7, 0x9c,
    0xff, 0x7b, 0xff, 0x7b, 0xff, 0x7b, 0xff, 0x7b, 0xff, 0x5a, 0xf6, 0xf9, 0xc5, 0x12, 0x59, 0x44,
    0x6a, 0x48, 0xcd, 0xd7, 0x8b, 0xcf, 0x18, 0x40, 0x30, 0xc2, 0x6a, 0x04, 0x6a, 0x04, 0x6a, 0x03,
    0x6a, 0x04, 0x6a, 0x04, 0x6a, 0x04, 0x6a, 0x04, 0x6a, 0x04, 0x6a, 0x04, 0xb5, 0x12, 0xff, 0xff,
    0xff, 0xff, 0xf7, 0x5d, 0x49, 0x65, 0x28, 0xa2, 0x9c, 0x71, 0x5a, 0x48, 0x20, 0x41, 0x28, 0x41,
    0x30, 0x41, 0x28, 0x21, 0x20, 0x20, 0x20, 0x20, 0x18, 0x40, 0x30, 0xe2, 0x49, 0xe6, 0x73, 0x0a,
    0xb4, 0xd1, 0xf7, 0x3a, 0xa4, 0xb0, 0xf7, 0x7b, 0xf7, 0x7b, 0xf7, 0x7c, 0xf7, 0x7c, 0xf7, 0x7c,
    0xf7, 0x7b, 0xe6, 0xd9, 0xf7, 0x7b, 0xf7, 0x7c, 0xf7, 0x7c, 0xf7, 0x7c, 0xf7, 0x9c, 0xff, 0x7b,
    0xff, 0x7b, 0xff, 0x7b, 0xff, 0x7b, 0xff, 0x3b, 0xe6, 0x57, 0x8b, 0x2b, 0x93, 0x8d, 0xe6, 0xba,
    0xce, 0x17, 0x7b, 0x4d, 0xac, 0xf3, 0xb4, 0xf2, 0x93, 0xac, 0x6a, 0x25, 0x6a, 0x04, 0x6a, 0x03,
    0x6a, 0x04, 0x6a, 0x04, 0x6a, 0x04, 0x6a, 0x04, 0x6a, 0x04, 0x9c, 0x0d, 0xff, 0xde, 0xff, 0xff,
    0xf7, 0x7c, 0x72, 0xa7, 0x38, 0xe1, 0x39, 0x44, 0xb5, 0x55, 0x7b, 0x8e, 0x28, 0x82, 0x28, 0x41,
    0x30, 0x21, 0x28, 0x41, 0x28, 0x20, 0x20, 0x20, 0x49, 0xa5, 0x7b, 0x6b, 0xbd, 0x32, 0xf6, 0xf9,
    0xff, 0x3a, 0xa4, 0xd1, 0xf7, 0x7b, 0xf7, 0x7c, 0xf7, 0x7c, 0xf7, 0x7c, 0xf7, 0x7c, 0xf7, 0x7b,
    0xe6, 0xd9, 0xf7, 0x7b, 0xf7, 0x7c, 0xf7, 0x7c, 0xf7, 0x7c, 0xf7, 0x9c, 0xff, 0x7b, 0xff, 0x7b,
    0xff, 0x7b, 0xff, 0x7b, 0xff, 0x1a, 0xc5, 0x52, 0xcd, 0x73, 0xde, 0x78, 0xf7, 0x7d, 0xef, 0x3d,
    0xff, 0xff, 0xff, 0xff, 0xff, 0xff, 0xff, 0xbe, 0xac, 0xb0, 0x6a, 0x04, 0x6a, 0x04, 0x6a, 0x04,
    0x6a, 0x04, 0x6a, 0x04, 0x6a, 0x04, 0x6a, 0x04, 0x6a, 0x45, 0xa4, 0x6f, 0xcd, 0xf6, 0x93, 0xec,
    0x6a, 0x44, 0x61, 0xe4, 0x28, 0x61, 0x6a, 0xeb, 0xc5, 0xf7, 0x9c, 0x91, 0x30, 0xc3, 0x28, 0x41,
    0x30, 0x41, 0x28, 0x41, 0x28, 0x20, 0x83, 0x4c, 0xff, 0x5a, 0xff, 0x5a, 0xff, 0x5a, 0xf7, 0x1a,
    0xa4, 0xd1, 0xf7, 0x7b, 0xf7, 0x7c, 0xf7, 0x7c, 0xf7, 0x7c, 0xf7, 0x7c, 0xf7, 0x7b, 0xde, 0xd9,
    0xf7, 0x7b, 0xf7, 0x7c, 0xf7, 0x7c, 0xf7, 0x7c, 0xf7, 0x9c, 0xff, 0x7b, 0xff, 0x7b, 0xff, 0x7b,
    0xff, 0x7b, 0xe6, 0x98, 0xf6, 0xf9, 0xee, 0xb8, 0xf7, 0x7c, 0xff, 0xde, 0xff, 0xff, 0xff, 0xff,
    0xff, 0xff, 0xff, 0xff, 0xff, 0xff, 0xcd, 0xd5, 0x6a, 0x24, 0x6a, 0x03, 0x6a, 0x04, 0x6a, 0x04,
    0x6a, 0x04, 0x6a, 0x04, 0x6a, 0x04, 0x6a, 0x04, 0x6a, 0x24, 0x6a, 0x24, 0x6a, 0x24, 0x6a, 0x24,
    0x6a, 0x04, 0x51, 0x43, 0x28, 0xa2, 0xb5, 0x75, 0xc5, 0xf7, 0xa4, 0x92, 0x30, 0xc3, 0x30, 0x41,
    0x30, 0x41, 0x28, 0x21, 0x28, 0x81, 0xd5, 0xd5, 0xff, 0x5a, 0xff, 0x5a, 0xf7, 0x1a, 0x9c, 0xb0,
    0xf7, 0x7c, 0xf7, 0x7c, 0xf7, 0x7c, 0xf7, 0x7c, 0xf7, 0x7c, 0xf7, 0x7b, 0xe6, 0xd9, 0xf7, 0x7b,
    0xf7, 0x7c, 0xf7, 0x7c, 0xf7, 0x7c, 0xf7, 0x9c, 0xff, 0x7b, 0xff, 0x7b, 0xff, 0x7b, 0xff, 0x7b,
    0xff, 0x7b, 0xff, 0x3a, 0xff, 0x7b, 0xff, 0xde, 0xff, 0xff, 0xff, 0xbe, 0xff, 0xff, 0xff, 0xff,
    0xff, 0xff, 0xff, 0xbe, 0x93, 0xac, 0x6a, 0x04, 0x6a, 0x04, 0x6a, 0x04, 0x6a, 0x04, 0x6a, 0x04,
    0x6a, 0x04, 0x6a, 0x04, 0x6a, 0x04, 0x6a, 0x04, 0x6a, 0x03, 0x6a, 0x03, 0x6a, 0x24, 0x6a, 0x23,
    0x69, 0xe4, 0x28, 0x60, 0x7b, 0xae, 0xc5, 0xf7, 0xc5, 0xf7, 0x9c, 0x30, 0x30, 0xa2, 0x30, 0x41,
    0x28, 0x41, 0x20, 0x40, 0x51, 0xc6, 0xee, 0xd9, 0xff, 0x3a, 0xf6, 0xf9, 0x9c, 0x90, 0xf7, 0x7b,
    0xf7, 0x7c, 0xf7, 0x7c, 0xf7, 0x7c, 0xf7, 0x7c, 0xf7, 0x5b, 0xe6, 0xf9, 0xf7, 0x7b, 0xf7, 0x7b,
    0xf7, 0x7c, 0xf7, 0x7c, 0xf7, 0x9c, 0xff, 0x7b, 0xff, 0x7b, 0xff, 0x7b, 0xff, 0x7b, 0xff, 0x7b,
    0xff, 0x7a, 0xff, 0x9c, 0xff, 0xff, 0xf7, 0x9e, 0x83, 0xae, 0xef, 0x5c, 0xff, 0xde, 0xee, 0xfa,
    0x93, 0xed, 0x6a, 0x25, 0x6a, 0x04, 0x6a, 0x04, 0x6a, 0x04, 0x6a, 0x03, 0x6a, 0x04, 0x61, 0xc3,
    0x61, 0xe3, 0x69, 0xe3, 0x72, 0x04, 0x72, 0x24, 0x72, 0x23, 0x72, 0x24, 0x72, 0x03, 0x72, 0x04,
    0x38, 0xe1, 0x52, 0x07, 0xc5, 0xf7, 0xc6, 0x17, 0xc5, 0xf7, 0x83, 0x6d, 0x30, 0x62, 0x30, 0x41,
    0x28, 0x40, 0x20, 0x40, 0x62, 0x27, 0xe6, 0x57, 0xee, 0xd9, 0x9c, 0xb0, 0xf7, 0x7b, 0xf7, 0x7c,
    0xf7, 0x7c, 0xf7, 0x7c, 0xf7, 0x9c, 0xef, 0x3b, 0xe7, 0x1a, 0xf7, 0x7b, 0xf7, 0x7b, 0xf7, 0x7c,
    0xf7, 0x7c, 0xf7, 0x7c, 0xff, 0x7b, 0xff, 0x7b, 0xff, 0x7b, 0xff, 0x7b, 0xff, 0x7b, 0xff, 0x7b,
    0xff, 0x9c, 0xff, 0xff, 0xde, 0xba, 0x20, 0x61, 0x59, 0xc5, 0x7a, 0xa7, 0x6a, 0x04, 0x61, 0xe3,
    0x61, 0xc2, 0x61, 0xa2, 0x59, 0x82, 0x59, 0x82, 0x59, 0x81, 0x59, 0x82, 0x49, 0x20, 0x49, 0x20,
    0x61, 0xc3, 0x61, 0x82, 0x61, 0xa2, 0x69, 0xc3, 0x6a, 0x04, 0x72, 0x23, 0x72, 0x03, 0x51, 0x42,
    0x30, 0xe3, 0xc5, 0xf7, 0xc6, 0x17, 0xc5, 0xf7, 0xbd, 0x95, 0x51, 0x86, 0x38, 0x62, 0x30, 0x41,
    0x28, 0x40, 0x28, 0x20, 0x38, 0xe2, 0x62, 0x68, 0x9c, 0x90, 0xf7, 0x7b, 0xf7, 0x7c, 0xf7, 0x7c,
    0xf7, 0x7c, 0xf7, 0x7c, 0xef, 0x1a, 0xef, 0x3a, 0xf7, 0x7b, 0xf7, 0x7b, 0xf7, 0x7c, 0xf7, 0x7c,
    0xf7, 0x7c, 0xff, 0x7b, 0xff, 0x7b, 0xff, 0x7b, 0xff, 0x7b, 0xff, 0x7b, 0xff, 0x7b, 0xff, 0x9c,
    0xff, 0xff, 0xbd, 0xb7, 0x20, 0x40, 0x59, 0x62, 0x61, 0xa2, 0x59, 0xa2, 0x59, 0x82, 0x59, 0x82,
    0x59, 0x82, 0x59, 0x82, 0x59, 0x82, 0x61, 0xc3, 0x49, 0x21, 0x41, 0x00, 0x41, 0x00, 0x61, 0xa2,
    0x59, 0x82, 0x59, 0x82, 0x59, 0x82, 0x59, 0x82, 0x61, 0xc3, 0x6a, 0x03, 0x59, 0xa3, 0x20, 0x60,
    0xbd, 0xb6, 0xc5, 0xf7, 0xc5, 0xf7, 0xc5, 0xf7, 0x93, 0xcf, 0x40, 0xa3, 0x30, 0x41, 0x28, 0x40,
    0x28, 0x40, 0x51, 0xa6, 0xd6, 0x16, 0xb5, 0x32, 0xf7, 0x7b, 0xf7, 0x7c, 0xf7, 0x7c, 0xf7, 0x7c,
    0xf7, 0x7c, 0xe6, 0xf9, 0xf7, 0x5b, 0xf7, 0x7b, 0xf7, 0x7b, 0xf7, 0x7c, 0xf7, 0x7c, 0xf7, 0x7c,
    0xff, 0x7b, 0xff, 0x7b, 0xff, 0x7b, 0xff, 0x7b, 0xff, 0x7b, 0xff, 0x7b, 0xff, 0x9c, 0xff, 0xff,
    0xa4, 0xf3, 0x28, 0x60, 0x51, 0x62, 0x59, 0x82, 0x59, 0x82, 0x59, 0x82, 0x59, 0xa2, 0x59, 0xa2,
    0x61, 0x82, 0x61, 0x82, 0x61, 0xc3, 0x41, 0x00, 0x41, 0x00, 0x41, 0x00, 0x61, 0xa2, 0x59, 0x82,
    0x59, 0x82, 0x59, 0x82, 0x59, 0x82, 0x59, 0x82, 0x61, 0x82, 0x61, 0xa3, 0x18, 0x40, 0xbd, 0x75,
    0xc5, 0xf7, 0xc6, 0x17, 0xc6, 0x17, 0xc5, 0xb6, 0x59, 0xa6, 0x38, 0x61, 0x30, 0x41, 0x30, 0x41,
    0x51, 0x64, 0xc5, 0x94, 0xb5, 0x73, 0xf7, 0x7b, 0xf7, 0x7c, 0xf7, 0x7c, 0xf7, 0x7c, 0xf7, 0x7c,
    0xe6, 0xf9, 0xf7, 0x7b, 0xf7, 0x7b, 0xf7, 0x7b, 0xf7, 0x7c, 0xf7, 0x7c, 0xf7, 0x7c, 0xff, 0x7b,
    0xff, 0x7b, 0xff, 0x7b, 0xff, 0x7b, 0xff, 0x7b, 0xff, 0x7b, 0xff, 0x9c, 0xff, 0xff, 0x94, 0x50,
    0x28, 0x80, 0x59, 0x62, 0x59, 0x82, 0x61, 0xa2, 0x61, 0xa2, 0x61, 0xa2, 0x69, 0xc2, 0x7a, 0x23,
    0x72, 0x03, 0x61, 0xa2, 0x41, 0x20, 0x41, 0x00, 0x41, 0x00, 0x61, 0xc2, 0x69, 0xc2, 0x59, 0x82,
    0x59, 0x82, 0x59, 0x82, 0x59, 0x82, 0x59, 0x82, 0x59, 0x82, 0x20, 0x60, 0xb5, 0x34, 0xc5, 0xf7,
    0xc6, 0x17, 0xc6, 0x17, 0xc5, 0xf7, 0x8b, 0x8e, 0x48, 0xc3, 0x38, 0x41, 0x30, 0x41, 0x28, 0x60,
    0x62, 0x48, 0xcd, 0xf6, 0xf7, 0x7c, 0xf7, 0x7c, 0xf7, 0x7b, 0xf7, 0x7c, 0xf7, 0x7b, 0xe6, 0xf9,
    0xf7, 0x7b, 0xf7, 0x7b, 0xf7, 0x7b, 0xf7, 0x7c, 0xf7, 0x7b, 0xf7, 0x7c, 0xff, 0x7b, 0xff, 0x7b,
    0xff, 0x7b, 0xff, 0x7b, 0xff, 0x7b, 0xff, 0x7b, 0xff, 0x9c, 0xff, 0xfe, 0x84, 0x0f, 0x28, 0x60,
    0x61, 0x82, 0x61, 0xa2, 0x61, 0xa2, 0x61, 0xc2, 0x8a, 0xa4, 0xab, 0x87, 0xab, 0x86, 0x92, 0xe5,
    0x61, 0xc2, 0x41, 0x20, 0x41, 0x20, 0x41, 0x20, 0x69, 0xe3, 0x72, 0x03, 0x69, 0xe3, 0x59, 0xa2,
    0x59, 0x82, 0x59, 0x82, 0x59, 0x82, 0x51, 0x62, 0x20, 0x60, 0xc6, 0x17, 0xc6, 0x18, 0xc6, 0x17,
    0xc6, 0x17, 0xc6, 0x17, 0xbd, 0x34, 0x48, 0xc3, 0x40, 0x62, 0x38, 0x61, 0x30, 0x61, 0x20, 0x40,
    0x62, 0xc9, 0xb5, 0x53, 0xe6, 0xd9, 0xf7, 0x7b, 0xf7, 0x7c, 0xf7, 0x5b, 0xe7, 0x1a, 0xf7, 0x7b,
    0xf7, 0x7b, 0xf7, 0x7b, 0xf7, 0x7c, 0xf7, 0x7c, 0xf7, 0x7c, 0xff, 0x7b, 0xff, 0x7b, 0xff, 0x7b,
    0xff, 0x7b, 0xff, 0x7b, 0xff, 0x7b, 0xff, 0x7c, 0xff, 0xde, 0x94, 0x71, 0x28, 0x60, 0x61, 0xa2,
    0x61, 0xa2, 0x69, 0xc3, 0x72, 0x23, 0xb3, 0xc7, 0xc3, 0xe7, 0xc4, 0x07, 0xc4, 0x49, 0x69, 0xe2,
    0x41, 0x20, 0x41, 0x20, 0x49, 0x20, 0x7a, 0x44, 0x72, 0x02, 0x72, 0x03, 0x72, 0x03, 0x61, 0xa2,
    0x59, 0x82, 0x59, 0x62, 0x51, 0x62, 0x20, 0x81, 0xf7, 0x7d, 0xe6, 0xfc, 0xce, 0x18, 0xc6, 0x17,
    0xc6, 0x18, 0xc5, 0xf7, 0x51, 0x24, 0x40, 0x62, 0x40, 0x61, 0x38, 0x61, 0x30, 0x41, 0x5a, 0x89,
    0x7b, 0xad, 0xce, 0x57, 0xf7, 0x7c, 0xf7, 0x7c, 0xef, 0x3a, 0xef, 0x3a, 0xf7, 0x7b, 0xf7, 0x7b,
    0xf7, 0x7b, 0xf7, 0x7b, 0xf7, 0x7b, 0xf7, 0x7c, 0xff, 0x7b, 0xff, 0x7b, 0xff, 0x7b, 0xff, 0x7b,
    0xff, 0x7b, 0xff, 0x7b, 0xff, 0x7b, 0xff, 0xbd, 0xad, 0x13, 0x28, 0x80, 0x69, 0xa3, 0x69, 0xe2,
    0xa3, 0xea, 0x9b, 0x46, 0xc4, 0x28, 0xcc, 0x48, 0xdc, 0xc9, 0xed, 0x6c, 0x8a, 0xc5, 0x49, 0x21,
    0x41, 0x00, 0x69, 0xe2, 0x8a, 0xa4, 0x72, 0x02, 0x72, 0x23, 0x72, 0x23, 0x72, 0x23, 0x61, 0xa2,
    0x59, 0x61, 0x49, 0x21, 0x30, 0xe3, 0xff, 0xde, 0xff, 0xff, 0xe7, 0x1c, 0xc6, 0x18, 0xc6, 0x18,
    0xcd, 0xf7, 0x61, 0xe7, 0x40, 0x62, 0x40, 0x62, 0x40, 0x61, 0x30, 0x61, 0xc5, 0x94, 0xf7, 0x7b,
    0xf7, 0x7c, 0xf7, 0x7c, 0xf7, 0x7c, 0xe7, 0x1a, 0xef, 0x5b, 0xf7, 0x7b, 0xf7, 0x7b, 0xf7, 0x7c,
    0xf7, 0x7c, 0xf7, 0x7b, 0xf7, 0x7c, 0xff, 0x7b, 0xff, 0x7b, 0xff, 0x7b, 0xff, 0x7b, 0xff, 0x7b,
    0xff, 0x7b, 0xff, 0x7b, 0xff, 0x9c, 0xc6, 0x17, 0x20, 0x60, 0x71, 0xe3, 0xcd, 0x0f, 0xff, 0x38,
    0xd5, 0x6e, 0xc4, 0x49, 0xdd, 0x0b, 0xf5, 0xcd, 0xfd, 0xee, 0xd5, 0x0c, 0x61, 0xc1, 0x72, 0x03,
    0xcc, 0x8a, 0xd4, 0xcb, 0xb3, 0xe8, 0x7a, 0x23, 0x7a, 0x23, 0x7a, 0x23, 0x72, 0x03, 0x59, 0x82,
    0x38, 0xe1, 0x52, 0x28, 0xff, 0xff, 0xff, 0xff, 0xff, 0xff, 0xde, 0xdb, 0xc6, 0x18, 0xc5, 0xf7,
    0x6a, 0x49, 0x48, 0x82, 0x48, 0x62, 0x40, 0x62, 0x38, 0xc2, 0xd6, 0x57, 0xf7, 0x7c, 0xf7, 0x7c,
    0xf7, 0x7b, 0xf7, 0x7c, 0xe6, 0xd9, 0xf7, 0x5b, 0xf7, 0x7b, 0xf7, 0x7b, 0xf7, 0x7b, 0xf7, 0x7b,
    0xf7, 0x7c, 0xf7, 0x7c, 0xff, 0x7b, 0xff, 0x7b, 0xff, 0x7b, 0xff, 0x7b, 0xff, 0x7b, 0xff, 0x7b,
    0xff, 0x7b, 0xff, 0x9c, 0xe6, 0xfa, 0x28, 0xc2, 0x8a, 0xe6, 0xff, 0x7a, 0xff, 0xfe, 0xf6, 0xf6,
    0xd5, 0x0b, 0xed, 0xed, 0xf6, 0x2f, 0xfe, 0x70, 0xfe, 0x90, 0xe5, 0xef, 0xe5, 0x6d, 0xed, 0x8d,
    0xfe, 0x0f, 0xdc, 0xec, 0x82, 0x63, 0x82, 0x63, 0x7a, 0x43, 0x7a, 0x23, 0x61, 0xa2, 0x28, 0x80,
    0x8c, 0x30, 0xff, 0xff, 0xff, 0xff, 0xff, 0xff, 0xff, 0xdf, 0xce, 0x59, 0xc5, 0xf7, 0x6a, 0x28,
    0x48, 0x82, 0x48, 0x82, 0x72, 0x07, 0x8b, 0x6c, 0xef, 0x3a, 0xf7, 0x7c, 0xf7, 0x7c, 0xf7, 0x7b,
    0xf7, 0x7b, 0xde, 0xb8, 0xf7, 0x7b, 0xf7, 0x7b, 0xf7, 0x7b, 0xf7, 0x7b, 0xf7, 0x7b, 0xf7, 0x7c,
    0xf7, 0x7c, 0xff, 0x7b, 0xff, 0x7b, 0xff, 0x7b, 0xff, 0x7b, 0xff, 0x7b, 0xff, 0x7b, 0xff, 0x7b,
    0xff, 0x7b, 0xf7, 0x7c, 0x51, 0xe6, 0x7a, 0x65, 0xf7, 0x38, 0xff, 0xdc, 0xff, 0x36, 0xfe, 0x91,
    0xfe, 0xf1, 0xff, 0x33, 0xff, 0x53, 0xff, 0x73, 0xff, 0x53, 0xfe, 0xd1, 0xf6, 0x2f, 0xfe, 0x2f,
    0xd4, 0x8a, 0xc4, 0x49, 0xdd, 0x4c, 0xcc, 0xcb, 0x92, 0xa5, 0x59, 0x62, 0x20, 0x81, 0xd6, 0x99,
    0xff, 0xff, 0xff, 0xff, 0xff, 0xff, 0xff, 0xff, 0xe7, 0x5c, 0xbd, 0xb6, 0x59, 0x86, 0x48, 0xa2,
    0x8a, 0xca, 0xdd, 0xb5, 0xa4, 0x6f, 0xf7, 0x7b, 0xf7, 0x7c, 0xf7, 0x7c, 0xf7, 0x7c, 0xef, 0x3a,
    0xde, 0x98, 0xf7, 0x7b, 0xf7, 0x7b, 0xf7, 0x7b, 0xf7, 0x7b, 0xf7, 0x7b, 0xf7, 0x7c, 0xf7, 0x7c,
    0xff, 0x7b, 0xff, 0x7b, 0xff, 0x7b, 0xff, 0x7b, 0xff, 0x7b, 0xff, 0x7b, 0xff, 0x7b, 0xff, 0x7b,
    0xff, 0x7c, 0x8b, 0xcd, 0x61, 0xc2, 0xdd, 0x6e, 0xfe, 0xf4, 0xfe, 0xd2, 0xff, 0x12, 0xff, 0x74,
    0xff, 0x95, 0xff, 0xb5, 0xff, 0xb5, 0xff, 0xb4, 0xff, 0x73, 0xff, 0x12, 0xf6, 0x2f, 0xe5, 0x4c,
    0xed, 0x8c, 0xed, 0x8c, 0xf5, 0xce, 0xbc, 0x4a, 0x40, 0xe1, 0x52, 0x07, 0xff, 0xdf, 0xff, 0xff,
    0xff, 0xff, 0xff, 0xff, 0xff, 0xff, 0xff, 0xde, 0xad, 0x13, 0x40, 0xe3, 0x8a, 0xca, 0xf6, 0x78,
    0xdd, 0xd5, 0xa4, 0xd0, 0xf7, 0x7b, 0xf7, 0x7c, 0xf7, 0x7c, 0xf7, 0x9c, 0xde, 0xb9, 0xd6, 0x98,
    0xf7, 0x7b, 0xf7, 0x7b, 0xf7, 0x7b, 0xf7, 0x7b, 0xf7, 0x7b, 0xf7, 0x7c, 0xf7, 0x7c, 0xff, 0x7b,
    0xff, 0x7b, 0xff, 0x7b, 0xff, 0x7b, 0xff, 0x7b, 0xff, 0x7b, 0xff, 0x5b, 0xff, 0x5b, 0xff, 0x7b,
    0xd6, 0x17, 0x41, 0x42, 0xc4, 0x8a, 0xfe, 0x90, 0xff, 0x11, 0xff, 0x73, 0xff, 0xb5, 0xff, 0xd6,
    0xff, 0xd7, 0xff, 0xd7, 0xff, 0xd6, 0xff, 0xb5, 0xff, 0x73, 0xfe, 0xd1, 0xfe, 0x50, 0xed, 0xcd,
    0xe5, 0x6c, 0xed, 0x8d, 0x8b, 0x06, 0x28, 0xa1, 0xb5, 0x54, 0xff, 0xff, 0xff, 0xff, 0xff, 0xff,
    0xff, 0xff, 0xff, 0xff, 0xff, 0xdf, 0x83, 0x8d, 0x7a, 0x89, 0xf6, 0xb8, 0xff, 0x3a, 0xd5, 0x73,
    0xb5, 0x73, 0xf7, 0x7c, 0xf7, 0x7c, 0xf7, 0x7c, 0xf7, 0x7c, 0xce, 0x16, 0xe6, 0xd9, 0xf7, 0x7b,
    0xf7, 0x7b, 0xf7, 0x7b, 0xf7, 0x7b, 0xf7, 0x7b, 0xf7, 0x7c, 0xf7, 0x7c,
};

const lv_img_dsc_t avatar_asset_eye_right_half = {
    .header.always_zero = 0,
    .header.w = 55,
    .header.h = 58,
    .header.cf = LV_IMG_CF_TRUE_COLOR_CHROMA_KEYED,
    .data_size = sizeof(eye_right_half_map),
    .data = eye_right_half_map,
};

static const uint8_t eye_right_closed_map[] = {
    0xff, 0x9b, 0xff, 0x9b, 0xff, 0x9b, 0xff, 0x9b, 0xff, 0x9b, 0xff, 0x9b, 0xff, 0x9b, 0xff, 0x9b,
    0xff, 0x9b, 0xff, 0x9b, 0xff, 0x9b, 0xff, 0x9b, 0xff, 0x7b, 0xff, 0x7b, 0xff, 0x7b, 0xff, 0x7b,
    0xff, 0x7b, 0xff, 0x7b, 0xff, 0x5a, 0xe6, 0x36, 0xd5, 0x32, 0x9b, 0xcd, 0x9c, 0x70, 0xce, 0x16,
    0xe6, 0xd9, 0xd6, 0x98, 0xde, 0xb8, 0xf7, 0x7b, 0xf7, 0x7b, 0xd6, 0x57, 0xad, 0x12, 0x94, 0x2f,
    0xbd, 0x94, 0xbd, 0xb4, 0xe6, 0xf9, 0xf7, 0x7b, 0xc6, 0x16, 0xbd, 0xb5, 0xbd, 0xb5, 0x9c, 0xb1,
    0xf7, 0x5b, 0xf7, 0x7b, 0xf7, 0x9c, 0xf7, 0x9c, 0xf7, 0x9c, 0xf7, 0x9c, 0xf7, 0x9c, 0xf7, 0x9c,
    0xf7, 0x9c, 0xf7, 0x9c, 0xf7, 0x9c, 0xf7, 0x9c, 0xf7, 0x7c, 0xf7, 0x7c, 0xf7, 0x7c, 0xff, 0x9b,
    0xff, 0x9b, 0xff, 0x9b, 0xff, 0x9b, 0xff, 0x9b, 0xff, 0x9b, 0xff, 0x9b, 0xff, 0x9b, 0xff, 0x9b,
    0xff, 0x9b, 0xff, 0x9b, 0xff, 0x9b, 0xff, 0x9b, 0xff, 0x7b, 0xff, 0x9b, 0xff, 0x7b, 0xff, 0x7b,
    0xff, 0x7b, 0xff, 0x7b, 0xff, 0x3a, 0xe5, 0xf5, 0xd5, 0x32, 0x8b, 0x6b, 0xad, 0x12, 0xce, 0x16,
    0xe6, 0xf9, 0xd6, 0x77, 0xde, 0xd9, 0xf7, 0x7b, 0xe6, 0xfa, 0xbd, 0x74, 0x83, 0xcd, 0xb5, 0x74,
    0xbd, 0x94, 0xc5, 0xf6, 0xef, 0x5b, 0xc6, 0x16, 0xbd, 0xb5, 0xbd, 0xb5, 0x9c, 0x90, 0xef, 0x1a,
    0xf7, 0x7b, 0xf7, 0x9c, 0xf7, 0x9c, 0xf7, 0x9c, 0xf7, 0x9c, 0xf7, 0x9c, 0xf7, 0x9c, 0xf7, 0x9c,
    0xf7, 0x9c, 0xf7, 0x9c, 0xf7, 0x9c, 0xf7, 0x9c, 0xf7, 0x9c, 0xf7, 0x7c, 0xff, 0x9b, 0xff, 0x9b,
    0xff, 0x9b, 0xff, 0x9b, 0xff, 0x9b, 0xff, 0x9b, 0xff, 0x9b, 0xff, 0x9b, 0xff, 0x9b, 0xff, 0x9b,
    0xff, 0x9b, 0xff, 0x9b, 0xff, 0x9b, 0xff, 0x9b, 0xff, 0x9b, 0xff, 0x7b, 0xff, 0x7b, 0xff, 0x7b,
    0xff, 0x7b, 0xff, 0x7b, 0xff, 0x1a, 0xdd, 0x94, 0xd5, 0x12, 0x7b, 0x2b, 0xb5, 0x53, 0xce, 0x16,
    0xe6, 0xd9, 0xd6, 0x57, 0xe6, 0xf9, 0xef, 0x5b, 0xc5, 0xf5, 0xa4, 0xd1, 0x94, 0x70, 0xbd, 0x94,
    0xbd, 0xb4, 0xd6, 0x78, 0xce, 0x16, 0xbd, 0xb4, 0xbd, 0xb5, 0x9c, 0xb0, 0xde, 0xb8, 0xf7, 0x7c,
    0xf7, 0x9c, 0xf7, 0x9c, 0xf7, 0x9c, 0xf7, 0x9c, 0xf7, 0x9c, 0xf7, 0x9c, 0xf7, 0x9c, 0xf7, 0x9c,
    0xf7, 0x9c, 0xf7, 0x7c, 0xf7, 0x7c, 0xf7, 0x7c, 0xf7, 0x7c, 0xff, 0x9b, 0xff, 0x9b, 0xff, 0x9b,
    0xff, 0x9b, 0xff, 0x9b, 0xff, 0x9b, 0xff, 0x9b, 0xff, 0x9b, 0xff, 0x9b, 0xff, 0x9b, 0xff, 0x9b,
    0xff, 0x9b, 0xff, 0x9b, 0xff, 0x9b, 0xff, 0x9b, 0xff, 0x7b, 0xff, 0x9b, 0xff, 0x7b, 0xff, 0x7b,
    0xff, 0x7b, 0xff, 0x7b, 0xf6, 0xf9, 0xd5, 0x73, 0xc4, 0xd1, 0x7b, 0x6b, 0xb5, 0x74, 0xc5, 0xf6,
    0xde, 0xb8, 0xce, 0x57, 0xef, 0x1a, 0xd6, 0x77, 0xb5, 0x74, 0x83, 0xee, 0xb5, 0x74, 0xbd, 0xb4,
    0xbd, 0xd5, 0xc5, 0xf5, 0xbd, 0xb5, 0xbd, 0xb4, 0xa4, 0xf1, 0xce, 0x36, 0xf7, 0x7b, 0xf7, 0x7c,
    0xf7, 0x9c, 0xf7, 0x9c, 0xf7, 0x9c, 0xf7, 0x9c, 0xf7, 0x9c, 0xf7, 0x9c, 0xf7, 0x9c, 0xf7, 0x7c,
    0xf7, 0x7c, 0xf7, 0x7c, 0xf7, 0x7c, 0xf7, 0x7c, 0xff, 0x9b, 0xff, 0x9b, 0xff, 0x9b, 0xff, 0x9b,
    0xff, 0x9b, 0xff, 0x9b, 0xff, 0x9b, 0xff, 0x9b, 0xff, 0x9b, 0xff, 0x9b, 0xff, 0x9b, 0xff, 0x9b,
    0xff, 0x9b, 0xff, 0x9b, 0xff, 0x9b, 0xff, 0x9b, 0xff, 0x9b, 0xff, 0x7b, 0xff, 0x7b, 0xff, 0x7b,
    0xff, 0x7b, 0xff, 0x7b, 0xee, 0x98, 0xd5, 0x33, 0xb4, 0x4f, 0x8b, 0xed, 0xb5, 0x53, 0xbd, 0xd5,
    0xd6, 0x98, 0xd6, 0x57, 0xde, 0xb8, 0xbd, 0xb5, 0xa4, 0xf1, 0x9c, 0x70, 0xbd, 0xb4, 0xbd, 0xb4,
    0xbd, 0xb4, 0xbd, 0xb4, 0xbd, 0xb4, 0xad, 0x33, 0xb5, 0x94, 0xf7, 0x7b, 0xf7, 0x7c, 0xf7, 0x9c,
    0xf7, 0x9c, 0xf7, 0x9c, 0xf7, 0x9c, 0xf7, 0x9c, 0xf7, 0x9c, 0xf7, 0x9c, 0xf7, 0x7c, 0xf7, 0x7c,
    0xf7, 0x7c, 0xf7, 0x7c, 0xf7, 0x7c, 0xff, 0x9b, 0xff, 0x9b, 0xff, 0x9b, 0xff, 0x9b, 0xff, 0x9b,
    0xff, 0x9b, 0xff, 0x9b, 0xff, 0x9b, 0xff, 0x9b, 0xff, 0x9b, 0xff, 0x9b, 0xff, 0x9b, 0xff, 0x9b,
    0xff, 0x9b, 0xff, 0x7b, 0xff, 0x7b, 0xff, 0x7b, 0xff, 0x7b, 0xff, 0x7b, 0xff, 0x7b, 0xff, 0x7b,
    0xff, 0x7b, 0xff, 0x7b, 0xee, 0x36, 0xd5, 0x33, 0xa4, 0x0e, 0x9c, 0x4f, 0xb5, 0x73, 0xbd, 0x94,
    0xc5, 0xf6, 0xce, 0x36, 0xc5, 0xd5, 0xbd, 0xb4, 0x8b, 0xee, 0xb5, 0x74, 0xbd, 0xb4, 0xbd, 0xb4,
    0xbd, 0xb4, 0xbd, 0xb4, 0xbd, 0x94, 0xa5, 0x12, 0xf7, 0x7b, 0xf7, 0x7c, 0xf7, 0x9c, 0xf7, 0x9c,
    0xf7, 0x9c, 0xf7, 0x9c, 0xf7, 0x9c, 0xf7, 0x9c, 0xf7, 0x7c, 0xf7, 0x7c, 0xf7, 0x7c, 0xf7, 0x7c,
    0xf7, 0x7c, 0xf7, 0x7c, 0xff, 0x9b, 0xff, 0x9b, 0xff, 0x9b, 0xff, 0x9b, 0xff, 0x9b, 0xff, 0x9b,
    0xff, 0x9b, 0xff, 0x9b, 0xff, 0x9b, 0xff, 0x9b, 0xff, 0x9b, 0xff, 0x9b, 0xff, 0x7b, 0xff, 0x7b,
    0xff, 0x7b, 0xff, 0x7b, 0xff, 0x7b, 0xff, 0x7b, 0xff, 0x7b, 0xff, 0x7b, 0xff, 0x7b, 0xff, 0x7b,
    0xff, 0x7b, 0xff, 0x5a, 0xe5, 0xf5, 0xdd, 0x53, 0x9b, 0xed, 0xa4, 0xb0, 0xb5, 0x94, 0xbd, 0x94,
    0xbd, 0xb4, 0xbd, 0xd5, 0xbd, 0xb5, 0xac, 0xf2, 0x94, 0x6f, 0xbd, 0x94, 0xbd, 0xb4, 0xbd, 0xb4,
    0xbd, 0xb4, 0xbd, 0xb4, 0x9c, 0xb0, 0xf7, 0x5b, 0xf7, 0x7b, 0xf7, 0x9c, 0xf7, 0x9c, 0xf7, 0x9c,
    0xf7, 0x9c, 0xf7, 0x9c, 0xf7, 0x7c, 0xf7, 0x7c, 0xf7, 0x7c, 0xf7, 0x7c, 0xf7, 0x7c, 0xf7, 0x7c,
    0xf7, 0x7c, 0xff, 0x9b, 0xff, 0x9b, 0xff, 0x9b, 0xff, 0x9b, 0xff, 0x9b, 0xff, 0x9b, 0xff, 0x9b,
    0xff, 0x7b, 0xff, 0x7b, 0xff, 0x7b, 0xff, 0x7b, 0xff, 0x7b, 0xff, 0x7b, 0xff, 0x7b, 0xff, 0x7b,
    0xff, 0x7b, 0xff, 0x7b, 0xff, 0x7b, 0xff, 0x7b, 0xff, 0x7b, 0xff, 0x7b, 0xff, 0x7b, 0xff, 0x7b,
    0xff, 0x7b, 0xff, 0x3a, 0xdd, 0xd5, 0xdd, 0x52, 0x93, 0xac, 0xad, 0x12, 0xb5, 0x94, 0xbd, 0x94,
    0xbd, 0xb4, 0xbd, 0xb5, 0xbd, 0xb4, 0x83, 0xee, 0xb5, 0x53, 0xbd, 0xb4, 0xbd, 0xb4, 0xbd, 0xb4,
    0xbd, 0xb4, 0x94, 0x70, 0xef, 0x3b, 0xf7, 0x7b, 0xf7, 0x7c, 0xf7, 0x7c, 0xf7, 0x9c, 0xf7, 0x9c,
    0xf7, 0x9c, 0xf7, 0x7c, 0xf7, 0x9c, 0xf7, 0x9c, 0xf7, 0x7c, 0xf7, 0x7c, 0xf7, 0x7c, 0xf7, 0x7c,
    0xff, 0x9b, 0xff, 0x9b, 0xff, 0x9b, 0xff, 0x7b, 0xff, 0x7b, 0xff, 0x7b, 0xff, 0x7b, 0xff, 0x7b,
    0xff, 0x7b, 0xff, 0x7b, 0xff, 0x7b, 0xff, 0x7b, 0xff, 0x7b, 0xff, 0x7b, 0xff, 0x7b, 0xff, 0x7b,
    0xff, 0x7b, 0xff, 0x7b, 0xff, 0x7b, 0xff, 0x7b, 0xff, 0x7b, 0xff, 0x7b, 0xff, 0x7b, 0xff, 0x7b,
    0xff, 0x7b, 0xff, 0x3a, 0xe5, 0xb4, 0xd5, 0x32, 0x8b, 0x6b, 0xad, 0x12, 0xbd, 0x94, 0xbd, 0xb4,
    0xbd, 0xb5, 0xbd, 0xb5, 0xad, 0x33, 0x8c, 0x2f, 0xbd, 0xb4, 0xbd, 0xb4, 0xbd, 0xb4, 0xbd, 0xb4,
    0x94, 0x70, 0xe7, 0x1a, 0xf7, 0x7c, 0xf7, 0x7c, 0xf7, 0x7c, 0xf7, 0x9c, 0xf7, 0x9c, 0xf7, 0x9c,
    0xf7, 0x9c, 0xf7, 0x7c, 0xf7, 0x7c, 0xf7, 0x7c, 0xf7, 0x9c, 0xf7, 0x9c, 0xf7, 0x7c, 0xff, 0x7b,
    0xff, 0x9b, 0xff, 0x9b, 0xff, 0x9b, 0xff, 0x9b, 0xff, 0x7b, 0xff, 0x7b, 0xff, 0x7b, 0xff, 0x7b,
    0xff, 0x7b, 0xff, 0x7b, 0xff, 0x7b, 0xff, 0x7b, 0xff, 0x7b, 0xff, 0x7b, 0xff, 0x7b, 0xff, 0x7b,
    0xff, 0x7b, 0xff, 0x7b, 0xff, 0x7b, 0xff, 0x7b, 0xff, 0x7b, 0xff, 0x7b, 0xff, 0x7b, 0xff, 0x7b,
    0xff, 0x7b, 0xff, 0x1a, 0xe5, 0xb4, 0xd5, 0x12, 0x83, 0x4b, 0xad, 0x32, 0xbd, 0x94, 0xbd, 0xb5,
    0xbd, 0xb5, 0xbd, 0xb5, 0x8c, 0x0e, 0xb5, 0x53, 0xbd, 0xb4, 0xbd, 0xb4, 0xbd, 0xb4, 0x8c, 0x4f,
    0xde, 0xd9, 0xf7, 0x7c, 0xf7, 0x7c, 0xf7, 0x7c, 0xf7, 0x9c, 0xf7, 0x9c, 0xf7, 0x9c, 0xf7, 0x9c,
    0xf7, 0x7c, 0xf7, 0x7c, 0xf7, 0x7c, 0xf7, 0x9c, 0xf7, 0x9c, 0xf7, 0x9c, 0xff, 0x7b, 0xff, 0x7b,
    0xff, 0x9b, 0xff, 0x9b, 0xff, 0x9b, 0xff, 0x7b, 0xff, 0x7b, 0xff, 0x7b, 0xff, 0x7b, 0xff, 0x7b,
    0xff, 0x7b, 0xff, 0x7b, 0xff, 0x7b, 0xff, 0x7b, 0xff, 0x7b, 0xff, 0x7b, 0xff, 0x7b, 0xff, 0x7b,
    0xff, 0x7b, 0xff, 0x7b, 0xff, 0x7b, 0xff, 0x7b, 0xff, 0x7b, 0xff, 0x7b, 0xff, 0x7b, 0xff, 0x7b,
    0xff, 0x7b, 0xff, 0x19, 0xdd, 0xb4, 0xcc, 0xf1, 0x7b, 0x2a, 0xb5, 0x53, 0xbd, 0x95, 0xbd, 0xb5,
    0xbd, 0xb5, 0xb5, 0x33, 0x8b, 0xee, 0xbd, 0xb4, 0xbd, 0xb4, 0xbd, 0xb5, 0x94, 0x4f, 0xd6, 0x57,
    0xf7, 0x7c, 0xf7, 0x7c, 0xf7, 0x7c, 0xf7, 0x9c, 0xf7, 0x9c, 0xf7, 0x9c, 0xf7, 0x9c, 0xf7, 0x9c,
    0xf7, 0x9c, 0xf7, 0x9c, 0xf7, 0x9c, 0xf7, 0x9c, 0xf7, 0x9c, 0xff, 0x7b, 0xff, 0x7b, 0xff, 0x7b,
    0xff, 0x9b, 0xff, 0x9b, 0xff, 0x7b, 0xff, 0x7b, 0xf7, 0x5a, 0xf7, 0x3a, 0xf7, 0x3a, 0xf7, 0x3b,
    0xf7, 0x5b, 0xff, 0x7b, 0xff, 0x7b, 0xff, 0x7b, 0xff, 0x7b, 0xff, 0x7b, 0xff, 0x7b, 0xff, 0x7b,
    0xff, 0x7b, 0xff, 0x7b, 0xff, 0x7b, 0xff, 0x7b, 0xff, 0x7b, 0xff, 0x7b, 0xff, 0x7b, 0xff, 0x7b,
    0xff, 0x7b, 0xff, 0x1a, 0xdd, 0x94, 0xc4, 0xd1, 0x83, 0x6c, 0xb5, 0x53, 0xbd, 0xb4, 0xbd, 0xb4,
    0xbd, 0xb4, 0x9c, 0x90, 0xa4, 0xd1, 0xbd, 0xb4, 0xbd, 0xb4, 0x9c, 0x90, 0xc5, 0xf6, 0xf7, 0x7c,
    0xf7, 0x7c, 0xf7, 0x7c, 0xf7, 0x7c, 0xf7, 0x7c, 0xf7, 0x9c, 0xf7, 0x9c, 0xf7, 0x9c, 0xf7, 0x9c,
    0xf7, 0x9c, 0xf7, 0x9c, 0xf7, 0x9c, 0xf7, 0x9c, 0xff, 0x7b, 0xff, 0x7b, 0xff, 0x7b, 0xff, 0x7b,
    0xe6, 0xd9, 0xad, 0x12, 0x9c, 0x90, 0x94, 0x4f, 0x94, 0x2e, 0x8b, 0xee, 0x8c, 0x0e, 0x94, 0x2f,
    0x9c, 0x70, 0xac, 0xf2, 0xc5, 0xd5, 0xe6, 0xb8, 0xf7, 0x3b, 0xff, 0x7b, 0xff, 0x7b, 0xff, 0x7b,
    0xff, 0x7b, 0xff, 0x7b, 0xff, 0x7b, 0xff, 0x7b, 0xff, 0x7b, 0xff, 0x7b, 0xff, 0x7b, 0xff, 0x7b,
    0xff, 0x7b, 0xff, 0x1a, 0xdd, 0x94, 0xcc, 0xd1, 0x83, 0x6b, 0xb5, 0x53, 0xbd, 0x95, 0xbd, 0xb4,
    0xbd, 0x94, 0x83, 0xcd, 0xbd, 0x74, 0xbd, 0xb4, 0xa4, 0xd1, 0xb5, 0x73, 0xf7, 0x7c, 0xf7, 0x7c,
    0xf7, 0x7c, 0xf7, 0x7c, 0xf7, 0x7c, 0xf7, 0x9c, 0xf7, 0x9c, 0xf7, 0x9c, 0xf7, 0x9c, 0xf7, 0x9c,
    0xf7, 0x9c, 0xf7, 0x9c, 0xf7, 0x9c, 0xff, 0x7b, 0xff, 0x7b, 0xff, 0x7b, 0xf7, 0x3a, 0xc5, 0xb4,
    0xc5, 0xb4, 0xcd, 0xf5, 0xce, 0x16, 0xd6, 0x36, 0xd6, 0x36, 0xc5, 0xd5, 0xb5, 0x33, 0xac, 0xf2,
    0x9c, 0x50, 0x83, 0xad, 0x7b, 0x6c, 0x83, 0xad, 0x9c, 0x90, 0xbd, 0x94, 0xee, 0xf9, 0xff, 0x5b,
    0xff, 0x7b, 0xff, 0x7b, 0xff, 0x7b, 0xff, 0x7b, 0xff, 0x7b, 0xff, 0x7b, 0xff, 0x7b, 0xff, 0x5b,
    0xff, 0x5b, 0xf7, 0x1a, 0xdd, 0x94, 0xcc, 0xd1, 0x83, 0x4b, 0xb5, 0x53, 0xbd, 0xb4, 0xbd, 0xb4,
    0xad, 0x33, 0x8c, 0x0e, 0xbd, 0xb4, 0xad, 0x32, 0xa4, 0xf2, 0xf7, 0x7c, 0xf7, 0x7c, 0xf7, 0x7c,
    0xf7, 0x7c, 0xf7, 0x7c, 0xf7, 0x7c, 0xf7, 0x9c, 0xf7, 0x9c, 0xf7, 0x9c, 0xf7, 0x7c, 0xf7, 0x9c,
    0xf7, 0x9c, 0xf7, 0x9c, 0xff, 0x7b, 0xff, 0x7b, 0xff, 0x7b, 0xff, 0x7b, 0xff, 0x7b, 0xff, 0x7b,
    0xff, 0x7b, 0xff, 0x7b, 0xff, 0x7b, 0xff, 0x7b, 0xff, 0x7b, 0xff, 0x7b, 0xff, 0x7b, 0xff, 0x7b,
    0xf7, 0x5b, 0xef, 0x1a, 0xcd, 0xf5, 0xa4, 0xd1, 0x8c, 0x0e, 0x73, 0x0b, 0x8c, 0x0e, 0xb5, 0x33,
    0xe6, 0xd9, 0xff, 0x7b, 0xff, 0x7b, 0xff, 0x5b, 0xff, 0x7b, 0xff, 0x7b, 0xff, 0x5b, 0xff, 0x5b,
    0xff, 0x5b, 0xf7, 0x19, 0xdd, 0xb4, 0xcd, 0x11, 0x83, 0x4b, 0xa4, 0xd1, 0xbd, 0xb5, 0xbd, 0xb5,
    0x8c, 0x2e, 0xa4, 0xf1, 0xb5, 0x73, 0x9c, 0xb0, 0xf7, 0x7b, 0xf7, 0x7c, 0xf7, 0x7c, 0xf7, 0x7c,
    0xf7, 0x7c, 0xf7, 0x7c, 0xf7, 0x9c, 0xf7, 0x9c, 0xf7, 0x9c, 0xf7, 0x7c, 0xf7, 0x7c, 0xf7, 0x7c,
    0xf7, 0x7c, 0xff, 0x7b, 0xff, 0x7b, 0xff, 0x7b, 0xff, 0x7b, 0xff, 0x7b, 0xff, 0x7b, 0xff, 0x7b,
    0xff, 0x7c, 0xff, 0x7b, 0xff, 0x7b, 0xff, 0x7b, 0xff, 0x7b, 0xff, 0x7b, 0xff, 0x7b, 0xff, 0x5b,
    0xf7, 0x5b, 0xff, 0x5b, 0xf7, 0x3a, 0xf7, 0x3a, 0xe6, 0xb8, 0xbd, 0x95, 0x9c, 0x70, 0x73, 0x6c,
    0x94, 0x2f, 0xcd, 0xf6, 0xf7, 0x3a, 0xf7, 0x5b, 0xff, 0x7b, 0xff, 0x7b, 0xff, 0x5a, 0xff, 0x3a,
    0xf7, 0x5a, 0xf7, 0x1a, 0xe5, 0xf5, 0xd5, 0x32, 0x93, 0xac, 0x9c, 0x4f, 0xbd, 0x95, 0xbd, 0x74,
    0x7b, 0xad, 0xb5, 0x53, 0x94, 0x70, 0xf7, 0x7b, 0xf7, 0x7c, 0xf7, 0x7c, 0xf7, 0x9c, 0xf7, 0x7c,
    0xf7, 0x7c, 0xf7, 0x9c, 0xf7, 0x9c, 0xf7, 0x9c, 0xf7, 0x7c, 0xf7, 0x7c, 0xf7, 0x7c, 0xf7, 0x9c,
    0xff, 0x7b, 0xff, 0x7b, 0xff, 0x7b, 0xff, 0x7b, 0xff, 0x7b, 0xff, 0x7b, 0xff, 0x7b, 0xff, 0x7b,
    0xff, 0x7b, 0xff, 0x7b, 0xff, 0x7b, 0xff, 0x7b, 0xff, 0x5b, 0xff, 0x5b, 0xff, 0x5b, 0xf7, 0x3a,
    0xf7, 0x1a, 0xf7, 0x1a, 0xf7, 0x1a, 0xf7, 0x1a, 0xef, 0x1a, 0xee, 0xd9, 0xde, 0x98, 0xcd, 0xf5,
    0xa4, 0xd1, 0x8c, 0x0e, 0xad, 0x12, 0xe6, 0xb9, 0xff, 0x7b, 0xff, 0x5b, 0xf7, 0x3a, 0xf7, 0x3a,
    0xf7, 0x1a, 0xf6, 0xfa, 0xe6, 0x36, 0xd5, 0x32, 0xac, 0x4f, 0x94, 0x0e, 0xb5, 0x53, 0xa4, 0xd1,
    0x94, 0x4f, 0x9c, 0x90, 0xf7, 0x7b, 0xf7, 0x7c, 0xf7, 0x7c, 0xf7, 0x7c, 0xf7, 0x7c, 0xf7, 0x7c,
    0xf7, 0x9c, 0xf7, 0x9c, 0xf7, 0x9c, 0xf7, 0x7c, 0xf7, 0x7c, 0xf7, 0x9c, 0xf7, 0x9c, 0xff, 0x7b,
    0xff, 0x7b, 0xff, 0x7b, 0xff, 0x7b, 0xff, 0x7b, 0xff, 0x7b, 0xff, 0x7b, 0xff, 0x7b, 0xff, 0x7b,
    0xff, 0x7b, 0xff, 0x7b, 0xff, 0x7b, 0xff, 0x7b, 0xff, 0x7b, 0xff, 0x5b, 0xf7, 0x3a, 0xee, 0xf9,
    0xee, 0xf9, 0xe6, 0xd9, 0xf7, 0x1a, 0xf7, 0x1a, 0xee, 0xf9, 0xe6, 0xb8, 0xe6, 0x98, 0xee, 0xf9,
    0xee, 0xfa, 0xc5, 0xb5, 0x94, 0x4f, 0xb5, 0x12, 0xe6, 0xd9, 0xf7, 0x3a, 0xf7, 0x1a, 0xf6, 0xf9,
    0xee, 0xf9, 0xee, 0xf9, 0xe6, 0x57, 0xd5, 0x53, 0xc4, 0xd1, 0x93, 0xed, 0xb5, 0x12, 0x8c, 0x0e,
    0x8c, 0x0e, 0xf7, 0x7b, 0xf7, 0x7c, 0xf7, 0x7c, 0xf7, 0x7c, 0xf7, 0x9c, 0xf7, 0x7c, 0xf7, 0x7c,
    0xf7, 0x7c, 0xf7, 0x7c, 0xf7, 0x7c, 0xf7, 0x7c, 0xf7, 0x7c, 0xf7, 0x7c, 0xff, 0x7b, 0xff, 0x7b,
    0xff, 0x7b, 0xff, 0x7b, 0xff, 0x7b, 0xff, 0x5b, 0xff, 0x5b, 0xff, 0x5b, 0xff, 0x7b, 0xff, 0x7b,
    0xff, 0x7b, 0xff, 0x7b, 0xff, 0x7b, 0xff, 0x7b, 0xff, 0x7b, 0xff, 0x5a, 0xf7, 0x19, 0xf7, 0x19,
    0xee, 0xd9, 0xe6, 0xb8, 0xf7, 0x3a, 0xf7, 0x3a, 0xee, 0xd9, 0xe6, 0x98, 0xde, 0x57, 0xde, 0x98,
    0xee, 0xfa, 0xe6, 0xd9, 0xd6, 0x36, 0xb5, 0x32, 0xbd, 0x53, 0xe6, 0xb8, 0xee, 0xd9, 0xee, 0xd9,
    0xe6, 0xb8, 0xee, 0xd9, 0xe6, 0x77, 0xd5, 0x53, 0xcd, 0x32, 0xa4, 0x2f, 0x94, 0x0e, 0x7b, 0x8c,
    0xef, 0x5b, 0xf7, 0x7c, 0xf7, 0x7c, 0xf7, 0x9c, 0xf7, 0x9c, 0xf7, 0x9c, 0xf7, 0x7c, 0xf7, 0x7c,
    0xf7, 0x9c, 0xf7, 0x7c, 0xf7, 0x7c, 0xf7, 0x9c, 0xf7, 0x9c, 0xff, 0x7b, 0xff, 0x7b, 0xff, 0x7b,
    0xff, 0x7b, 0xff, 0x7b, 0xff, 0x5b, 0xf7, 0x3a, 0xf7, 0x1a, 0xff, 0x5b, 0xff, 0x7b, 0xff, 0x7b,
    0xff, 0x7b, 0xff, 0x7b, 0xff, 0x7b, 0xff, 0x7b, 0xff, 0x7b, 0xff, 0x3a, 0xf6, 0xf9, 0xf7, 0x1a,
    0xee, 0xd8, 0xe6, 0xb8, 0xff, 0x3a, 0xff, 0x3a, 0xee, 0xd9, 0xe6, 0x57, 0xd6, 0x15, 0xd6, 0x16,
    0xde, 0x77, 0xde, 0x77, 0xee, 0xf9, 0xee, 0xf9, 0xcd, 0xb4, 0xcd, 0x94, 0xe6, 0x77, 0xe6, 0x78,
    0xde, 0x57, 0xe6, 0xb9, 0xde, 0x57, 0xd5, 0x53, 0xd5, 0x53, 0xbc, 0xb0, 0x73, 0x0b, 0xef, 0x1a,
    0xf7, 0x7c, 0xf7, 0x7c, 0xf7, 0x7c, 0xf7, 0x7c, 0xf7, 0x7c, 0xf7, 0x7c, 0xf7, 0x7c, 0xf7, 0x7c,
    0xf7, 0x7c, 0xf7, 0x7c, 0xf7, 0x9c, 0xf7, 0x9c, 0xff, 0x7b, 0xff, 0x7b, 0xff, 0x7b, 0xff, 0x7b,
    0xff, 0x7b, 0xff, 0x7b, 0xff, 0x5a, 0xf7, 0x1a, 0xf7, 0x19, 0xff, 0x5b, 0xff, 0x7b, 0xff, 0x7b,
    0xff, 0x7b, 0xff, 0x7b, 0xff, 0x7b, 0xff, 0x7b, 0xff, 0x5b, 0xff, 0x3a, 0xff, 0x3a, 0xff, 0x5a,
    0xf7, 0x19, 0xff, 0x3a, 0xff, 0x5b, 0xff, 0x5a, 0xf6, 0xf9, 0xe6, 0x77, 0xd5, 0xf5, 0xcd, 0xb4,
    0xcd, 0xd5, 0xcd, 0xf5, 0xe6, 0xb8, 0xff, 0x3a, 0xf6, 0xf9, 0xcd, 0x94, 0xd5, 0xd5, 0xde, 0x36,
    0xd6, 0x16, 0xe6, 0x98, 0xdd, 0xf6, 0xd5, 0x53, 0xcd, 0x12, 0x9b, 0xce, 0xde, 0xb9, 0xf7, 0x7c,
    0xf7, 0x7c, 0xf7, 0x7c, 0xf7, 0x9c, 0xf7, 0x9c, 0xf7, 0x7c, 0xf7, 0x7c, 0xf7, 0x7c, 0xf7, 0x9c,
    0xf7, 0x9c, 0xf7, 0x9c, 0xf7, 0x9c, 0xff, 0x7b, 0xff, 0x7b, 0xff, 0x7b, 0xff, 0x7b, 0xff, 0x7b,
    0xff, 0x7b, 0xff, 0x5b, 0xff, 0x3a, 0xf6, 0xf9, 0xee, 0xf9, 0xff, 0x5a, 0xff, 0x7b, 0xff, 0x7b,
    0xff, 0x7b, 0xff, 0x7b, 0xff, 0x7b, 0xff, 0x5b, 0xff, 0x5a, 0xff, 0x5a, 0xff, 0x5a, 0xff, 0x5a,
    0xff, 0x5a, 0xff, 0x5a, 0xff, 0x5a, 0xff, 0x5a, 0xff, 0x3a, 0xf6, 0xd9, 0xe6, 0x77, 0xde, 0x36,
    0xd6, 0x16, 0xcd, 0xf5, 0xee, 0xd8, 0xff, 0x5a, 0xff, 0x3a, 0xe6, 0x36, 0xcd, 0x73, 0xd5, 0xd5,
    0xcd, 0xd5, 0xde, 0x78, 0xcd, 0xd5, 0xc5, 0x12, 0xa4, 0x4f, 0xd6, 0x98, 0xf7, 0x7c, 0xf7, 0x7c,
    0xf7, 0x7c, 0xf7, 0x7c, 0xf7, 0x9c, 0xf7, 0x7c, 0xf7, 0x7c, 0xf7, 0x7c, 0xf7, 0x9c, 0xf7, 0x9c,
    0xf7, 0x9c, 0xf7, 0x9c, 0xff, 0x7b, 0xff, 0x7b, 0xff, 0x7b, 0xff, 0x7b, 0xff, 0x7b, 0xff, 0x7b,
    0xff, 0x7b, 0xff, 0x5b, 0xff, 0x5a, 0xee, 0xf9, 0xf7, 0x3a, 0xff, 0x5b, 0xff, 0x5a, 0xff, 0x5b,
    0xff, 0x7a, 0xff, 0x7a, 0xff, 0x5a, 0xff, 0x5a, 0xff, 0x5a, 0xff, 0x5a, 0xff, 0x5a, 0xff, 0x5a,
    0xff, 0x5a, 0xff, 0x5a, 0xff, 0x5a, 0xff, 0x5a, 0xff, 0x5a, 0xff, 0x3a, 0xff, 0x19, 0xf7, 0x19,
    0xf7, 0x19, 0xff, 0x3a, 0xff, 0x5a, 0xff, 0x5a, 0xff, 0x19, 0xe6, 0x36, 0xd5, 0x94, 0xcd, 0x94,
    0xc5, 0xb5, 0xd6, 0x37, 0xc5, 0x53, 0xa4, 0x70, 0xd6, 0x78, 0xf7, 0x7c, 0xf7, 0x7c, 0xf7, 0x9c,
    0xf7, 0x9c, 0xf7, 0x9c, 0xf7, 0x9c, 0xf7, 0x7c, 0xf7, 0x7c, 0xf7, 0x7c, 0xf7, 0x7c, 0xf7, 0x9c,
    0xf7, 0x7c, 0xff, 0x7b, 0xff, 0x7b, 0xff, 0x7b, 0xff, 0x7b, 0xff, 0x7b, 0xff, 0x7b, 0xff, 0x7b,
    0xff, 0x7b, 0xff, 0x5b, 0xff, 0x5a, 0xff, 0x5a, 0xff, 0x5a, 0xff, 0x5a, 0xff, 0x5a, 0xff, 0x7a,
    0xff, 0x7a, 0xff, 0x5a, 0xff, 0x5a, 0xff, 0x5a, 0xff, 0x5a, 0xff, 0x5a, 0xff, 0x5a, 0xff, 0x5a,
    0xff, 0x5a, 0xff, 0x5a, 0xff, 0x5a, 0xff, 0x5a, 0xff, 0x5a, 0xff, 0x5a, 0xff, 0x5a, 0xff, 0x5a,
    0xff, 0x5a, 0xff, 0x5a, 0xff, 0x5a, 0xff, 0x5a, 0xfe, 0xf9, 0xe6, 0x36, 0xd5, 0xb5, 0xc5, 0x53,
    0xc5, 0x54, 0xc5, 0x74, 0xac, 0xb1, 0xd6, 0x78, 0xf7, 0x7c, 0xf7, 0x7c, 0xf7, 0x7c, 0xf7, 0x9c,
    0xf7, 0x9c, 0xf7, 0x9c, 0xf7, 0x7c, 0xf7, 0x7b, 0xf7, 0x7c, 0xf7, 0x7c, 0xf7, 0x7c, 0xf7, 0x7c,
    0xff, 0x7b, 0xff, 0x7b, 0xff, 0x7b, 0xff, 0x7b, 0xff, 0x7b, 0xff, 0x7b, 0xff, 0x7b, 0xff, 0x7b,
    0xff, 0x5a, 0xff, 0x5a, 0xff, 0x5a, 0xff, 0x5a, 0xff, 0x5a, 0xff, 0x5a, 0xff, 0x7a, 0xff, 0x7a,
    0xff, 0x5a, 0xff, 0x5a, 0xff, 0x5a, 0xff, 0x5a, 0xff, 0x5a, 0xff, 0x5a, 0xff, 0x5a, 0xff, 0x7a,
    0xff, 0x7a, 0xff, 0x7a, 0xff, 0x5a, 0xff, 0x5a, 0xff, 0x5a, 0xff, 0x5a, 0xff, 0x5a, 0xff, 0x5a,
    0xff, 0x5a, 0xff, 0x5a, 0xff, 0x5a, 0xff, 0x5a, 0xfe, 0xf9, 0xe6, 0x36, 0xd5, 0x94, 0xc5, 0x33,
    0xac, 0xb1, 0xac, 0xd2, 0xd6, 0x78, 0xf7, 0x7c, 0xf7, 0x7c, 0xf7, 0x7c, 0xf7, 0x9c, 0xf7, 0x7c,
    0xf7, 0x7c, 0xf7, 0x7c, 0xf7, 0x7b, 0xf7, 0x7c, 0xf7, 0x7c, 0xf7, 0x7c, 0xf7, 0x7c, 0xff, 0x7b,
    0xff, 0x7b, 0xff, 0x7b, 0xff, 0x7b, 0xff, 0x7b, 0xff, 0x7b, 0xff, 0x7b, 0xff, 0x5a, 0xff, 0x5a,
    0xff, 0x5a, 0xff, 0x5a, 0xff, 0x5a, 0xff, 0x5a, 0xff, 0x5a, 0xff, 0x7a, 0xff, 0x5a, 0xff, 0x5a,
    0xff, 0x5a, 0xff, 0x5a, 0xff, 0x7a, 0xff, 0x7a, 0xff, 0x5a, 0xff, 0x5a, 0xff, 0x5a, 0xff, 0x5a,
    0xff, 0x5a, 0xff, 0x5a, 0xff, 0x5a, 0xff, 0x5a, 0xff, 0x5a, 0xff, 0x5a, 0xff, 0x5a, 0xff, 0x5a,
    0xff, 0x5a, 0xff, 0x5a, 0xff, 0x5a, 0xff, 0x5a, 0xfe, 0xf9, 0xe5, 0xf5, 0xcd, 0x33, 0xb4, 0xb1,
    0xb5, 0x33, 0xd6, 0x99, 0xef, 0x7c, 0xef, 0x9c, 0xf7, 0x7c, 0xf7, 0x7c, 0xf7, 0x7c, 0xf7, 0x7c,
    0xf7, 0x7c, 0xf7, 0x7b, 0xf7, 0x7c, 0xf7, 0x7c, 0xf7, 0x7c, 0xf7, 0x7c, 0xf7, 0x5a, 0xff, 0x7b,
    0xff, 0x7b, 0xff, 0x7b, 0xff, 0x7b, 0xff, 0x7a, 0xff, 0x5a, 0xff, 0x5a, 0xff, 0x5a, 0xff, 0x5a,
    0xff, 0x5a, 0xff, 0x5a, 0xff, 0x5a, 0xff, 0x5a, 0xff, 0x7a, 0xff, 0x7a, 0xff, 0x7a, 0xff, 0x5a,
    0xff, 0x5a, 0xff, 0x5a, 0xff, 0x5a, 0xff, 0x5a, 0xff, 0x5a, 0xff, 0x5a, 0xff, 0x5a, 0xff, 0x5a,
    0xff, 0x5a, 0xff, 0x5a, 0xff, 0x5a, 0xff, 0x5a, 0xff, 0x5a, 0xff, 0x5a, 0xff, 0x5a, 0xff, 0x5a,
    0xff, 0x5a, 0xff, 0x5a, 0xff, 0x5a, 0xff, 0x3a, 0xee, 0x77, 0xcd, 0x32, 0xb4, 0xb1, 0xc5, 0x95,
    0xde, 0xba, 0xef, 0x7c, 0xef, 0x7c, 0xef, 0x7c, 0xef, 0x7c, 0xf7, 0x7c, 0xf7, 0x7c, 0xef, 0x7c,
    0xef, 0x7b, 0xf7, 0x7c, 0xf7, 0x7c, 0xf7, 0x7c, 0xf7, 0x7c, 0xee, 0xf9, 0xff, 0x5b, 0xff, 0x5b,
    0xff, 0x5a, 0xff, 0x5a, 0xff, 0x5a, 0xff, 0x5a, 0xff, 0x5a, 0xff, 0x7a, 0xff, 0x5a, 0xff, 0x5a,
    0xff, 0x5a, 0xff, 0x5a, 0xff, 0x5a, 0xff, 0x5a, 0xff, 0x5a, 0xff, 0x5a, 0xff, 0x7a, 0xff, 0x5a,
    0xff, 0x5a, 0xff, 0x5a, 0xff, 0x5a, 0xff, 0x5a, 0xff, 0x5a, 0xff, 0x5a, 0xff, 0x5a, 0xff, 0x5a,
    0xff, 0x5a, 0xff, 0x5a, 0xff, 0x5a, 0xff, 0x5a, 0xff, 0x5a, 0xff, 0x5a, 0xff, 0x5a, 0xff, 0x5a,
    0xff, 0x5a, 0xff, 0x5a, 0xff, 0x3a, 0xf6, 0x97, 0xcd, 0x12, 0xb4, 0x70, 0xcd, 0xd6, 0xde, 0xfa,
    0xef, 0x7c, 0xef, 0x7c, 0xef, 0x7c, 0xef, 0x7c, 0xef, 0x7c, 0xef, 0x7c, 0xef, 0x7c, 0xef, 0x5b,
    0xf7, 0x7c, 0xf7, 0x7c, 0xf7, 0x7c, 0xf7, 0x7c, 0xde, 0x78, 0xf6, 0xf9, 0xff, 0x5a, 0xff, 0x5a,
    0xff, 0x5a, 0xff, 0x5a, 0xff, 0x5a, 0xff, 0x5a, 0xff, 0x5a, 0xff, 0x5a, 0xff, 0x5a, 0xff, 0x5a,
    0xff, 0x5a, 0xff, 0x5a, 0xff, 0x5a, 0xff, 0x5a, 0xff, 0x5a, 0xff, 0x5a, 0xff, 0x5a, 0xff, 0x5a,
    0xff, 0x5a, 0xff, 0x5a, 0xff, 0x5a, 0xff, 0x5a, 0xff, 0x5a, 0xff, 0x5a, 0xff, 0x5a, 0xff, 0x5a,
    0xff, 0x5a, 0xff, 0x5a, 0xff, 0x5a, 0xff, 0x5a, 0xff, 0x5a, 0xff, 0x5a, 0xff, 0x5a, 0xff, 0x5a,
    0xff, 0x5a, 0xff, 0x5a, 0xf6, 0x98, 0xc5, 0x12, 0xac, 0x50, 0xce, 0x17, 0xe7, 0x1b, 0xef, 0x7c,
    0xef, 0x7c, 0xef, 0x7c, 0xef, 0x7c, 0xef, 0x7c, 0xef, 0x7c, 0xef, 0x7c, 0xef, 0x5b, 0xef, 0x7c,
    0xf7, 0x7c, 0xf7, 0x7c, 0xf7, 0x7c, 0xcd, 0xf5, 0xd5, 0xf5, 0xf6, 0xf9, 0xff, 0x39, 0xff, 0x5a,
    0xff, 0x5a, 0xff, 0x5a, 0xff, 0x5a, 0xff, 0x5a, 0xff, 0x5a, 0xff, 0x5a, 0xff, 0x5a, 0xff, 0x5a,
    0xff, 0x5a, 0xff, 0x5a, 0xff, 0x5a, 0xff, 0x5a, 0xff, 0x5a, 0xff, 0x5a, 0xff, 0x5a, 0xff, 0x5a,
    0xff, 0x5a, 0xff, 0x5a, 0xff, 0x5a, 0xff, 0x5a, 0xff, 0x5a, 0xff, 0x5a, 0xff, 0x5a, 0xff, 0x5a,
    0xff, 0x5a, 0xff, 0x7a, 0xff, 0x5a, 0xff, 0x5a, 0xff, 0x5a, 0xff, 0x5a, 0xff, 0x5a, 0xff, 0x5a,
    0xff, 0x5a, 0xf6, 0xb8, 0xc5, 0x12, 0xac, 0x4f, 0xd6, 0x78, 0xe7, 0x3b, 0xef, 0x7c, 0xef, 0x7c,
    0xef, 0x7c, 0xef, 0x7c, 0xef, 0x7c, 0xef, 0x7c, 0xef, 0x5c, 0xef, 0x5b, 0xef, 0x7c, 0xef, 0x7c,
    0xf7, 0x7c, 0xf7, 0x7c, 0xde, 0x57, 0xbd, 0x32, 0xd5, 0xd5, 0xfe, 0xf9, 0xff, 0x3a, 0xff, 0x5a,
    0xff, 0x5a, 0xff, 0x5a, 0xff, 0x5a, 0xff, 0x5a, 0xff, 0x3a, 0xff, 0x5a, 0xff, 0x5a, 0xff, 0x5a,
    0xff, 0x5a, 0xff, 0x5a, 0xff, 0x5a, 0xff, 0x5a, 0xff, 0x5a, 0xff, 0x5a, 0xff, 0x5a, 0xff, 0x5a,
    0xff, 0x5a, 0xff, 0x7a, 0xff, 0x7a, 0xff, 0x7a, 0xff, 0x5a, 0xff, 0x7a, 0xff, 0x5a, 0xff, 0x5a,
    0xff, 0x7a, 0xff, 0x5a, 0xff, 0x7a, 0xff, 0x7a, 0xff, 0x5a, 0xff, 0x7a, 0xff, 0x5a, 0xff, 0x5a,
    0xfe, 0xd9, 0xcd, 0x12, 0xac, 0x50, 0xde, 0x99, 0xe7, 0x3b, 0xef, 0x7c, 0xef, 0x7c, 0xef, 0x7c,
    0xef, 0x7c, 0xef, 0x7c, 0xef, 0x7c, 0xef, 0x5c, 0xef, 0x5c, 0xef, 0x7c, 0xef, 0x7c, 0xef, 0x7c,
    0xf7, 0x7c, 0xff, 0x5a, 0xee, 0x98, 0xde, 0x16, 0xf6, 0xd8, 0xff, 0x39, 0xff, 0x5a, 0xff, 0x5a,
    0xff, 0x5a, 0xff, 0x3a, 0xff, 0x3a, 0xff, 0x5a, 0xff, 0x5a, 0xff, 0x5a, 0xff, 0x5a, 0xff, 0x5a,
    0xff, 0x5a, 0xff, 0x5a, 0xff, 0x5a, 0xff, 0x5a, 0xff, 0x5a, 0xff, 0x5a, 0xff, 0x5a, 0xff, 0x5a,
    0xff, 0x5a, 0xff, 0x5a, 0xff, 0x5a, 0xff, 0x5a, 0xff, 0x5a, 0xff, 0x5a, 0xff, 0x5a, 0xff, 0x7a,
    0xff, 0x5a, 0xff, 0x5a, 0xff, 0x5a, 0xff, 0x7a, 0xff, 0x5a, 0xff, 0x5a, 0xff, 0x5a, 0xfe, 0xf9,
    0xcd, 0x32, 0xa4, 0x70, 0xe6, 0xda, 0xe7, 0x3c, 0xef, 0x7c, 0xe7, 0x7c, 0xe7, 0x7c, 0xe7, 0x7c,
    0xe7, 0x7c, 0xef, 0x7c, 0xe7, 0x5c, 0xe7, 0x5c, 0xef, 0x7c, 0xef, 0x7c, 0xef, 0x7c, 0xef, 0x7c,
    0xff, 0x5a, 0xfe, 0xf9, 0xf6, 0xb8, 0xfe, 0xd8, 0xff, 0x39, 0xff, 0x5a, 0xff, 0x5a, 0xff, 0x5a,
    0xff, 0x5a, 0xff, 0x5a, 0xff, 0x5a, 0xff, 0x5a, 0xff, 0x5a, 0xff, 0x5a, 0xff, 0x5a, 0xff, 0x5a,
    0xff, 0x5a, 0xff, 0x5a, 0xff, 0x5a, 0xff, 0x5a, 0xff, 0x5a, 0xff, 0x5a, 0xff, 0x5a, 0xff, 0x5a,
    0xff, 0x5a, 0xff, 0x7a, 0xff, 0x7a, 0xff, 0x7a, 0xff, 0x5a, 0xff, 0x5a, 0xff, 0x5a, 0xff, 0x5a,
    0xff, 0x7a, 0xff, 0x5a, 0xff, 0x5a, 0xff, 0x5a, 0xff, 0x5a, 0xff, 0x5a, 0xff, 0x19, 0xc5, 0x33,
    0xa4, 0x91, 0xe6, 0xfa, 0xe7, 0x5c, 0xe7, 0x5c, 0xe7, 0x5c, 0xe7, 0x5c, 0xe7, 0x5c, 0xe7, 0x5c,
    0xe7, 0x5c, 0xe7, 0x5c, 0xe7, 0x5c, 0xef, 0x7c, 0xef, 0x7c, 0xef, 0x7c, 0xef, 0x7c, 0xff, 0x3a,
    0xfe, 0xf9, 0xf6, 0xb8, 0xfe, 0xf8, 0xff, 0x39, 0xff, 0x5a, 0xff, 0x5a, 0xff, 0x5a, 0xff, 0x5a,
    0xff, 0x5a, 0xff, 0x5a, 0xff, 0x5a, 0xff, 0x5a, 0xff, 0x5a, 0xff, 0x5a, 0xff, 0x5a, 0xff, 0x5a,
    0xff, 0x5a, 0xff, 0x5a, 0xff, 0x5a, 0xff, 0x5a, 0xff, 0x5a, 0xff, 0x5a, 0xff, 0x5a, 0xff, 0x5a,
    0xff, 0x5a, 0xff, 0x5a, 0xff, 0x5a, 0xff, 0x5a, 0xff, 0x5a, 0xff, 0x5a, 0xff, 0x5a, 0xff, 0x5a,
    0xff, 0x7a, 0xff, 0x5a, 0xff, 0x5a, 0xff, 0x5a, 0xff, 0x5a, 0xff, 0x19, 0xc5, 0x53, 0xac, 0xf2,
    0xe7, 0x1b, 0xe7, 0x5c, 0xe7, 0x5c, 0xe7, 0x5c, 0xe7, 0x5c, 0xe7, 0x5c, 0xe7, 0x5c, 0xe7, 0x5c,
    0xe7, 0x5c, 0xe7, 0x5c, 0xe7, 0x5c, 0xef, 0x5c, 0xef, 0x7c, 0xef, 0x7c, 0xff, 0x3a, 0xfe, 0xd8,
    0xf6, 0xb8, 0xfe, 0xf9, 0xff, 0x39, 0xff, 0x5a, 0xff, 0x5a, 0xff, 0x5a, 0xff, 0x5a, 0xff, 0x5a,
    0xff, 0x5a, 0xff, 0x5a, 0xff, 0x5a, 0xff, 0x5a, 0xff, 0x5a, 0xff, 0x5a, 0xff, 0x5a, 0xff, 0x5a,
    0xff, 0x5a, 0xff, 0x5a, 0xff, 0x5a, 0xff, 0x5a, 0xff, 0x5a, 0xff, 0x5a, 0xff, 0x5a, 0xff, 0x5a,
    0xff, 0x5a, 0xff, 0x5a, 0xff, 0x5a, 0xff, 0x5a, 0xff, 0x5a, 0xff, 0x5a, 0xff, 0x5a, 0xff, 0x5a,
    0xff, 0x5a, 0xff, 0x5a, 0xff, 0x5a, 0xff, 0x5a, 0xff, 0x3a, 0xc5, 0x73, 0xb5, 0x74, 0xef, 0x3b,
    0xe7, 0x5c, 0xe7, 0x5c, 0xe7, 0x5c, 0xe7, 0x5c, 0xe7, 0x5c, 0xe7, 0x5c, 0xe7, 0x5c, 0xe7, 0x5c,
    0xe7, 0x5c, 0xe7, 0x5c, 0xdf, 0x1b, 0xe7, 0x5c, 0xef, 0x7c, 0xff, 0x3a, 0xfe, 0xd8, 0xfe, 0xb8,
    0xff, 0x19, 0xff, 0x5a, 0xff, 0x5a, 0xff, 0x5a, 0xff, 0x5a, 0xff, 0x5a, 0xff, 0x5a, 0xff, 0x5a,
    0xff, 0x5a, 0xff, 0x5a, 0xff, 0x5a, 0xff, 0x5a, 0xff, 0x5a, 0xff, 0x5a, 0xff, 0x5a, 0xff, 0x5a,
    0xff, 0x5a, 0xff, 0x5a, 0xff, 0x5a, 0xff, 0x5a, 0xff, 0x5a, 0xff, 0x5a, 0xff, 0x5a, 0xff, 0x5a,
    0xff, 0x5a, 0xff, 0x5a, 0xff, 0x5a, 0xff, 0x5a, 0xff, 0x5a, 0xff, 0x5a, 0xff, 0x5a, 0xff, 0x5a,
    0xff, 0x5a, 0xff, 0x7a, 0xff, 0x5a, 0xff, 0x3a, 0xc5, 0x73, 0xc5, 0xf6, 0xe7, 0x5b, 0xe7, 0x5c,
    0xe7, 0x5c, 0xe7, 0x5c, 0xe7, 0x5c, 0xe7, 0x5c, 0xe7, 0x5c, 0xe7, 0x5c, 0xe7, 0x5c, 0xe7, 0x5c,
    0xe7, 0x3b, 0xce, 0x99, 0xe7, 0x3b, 0xef, 0x7c, 0xff, 0x39, 0xfe, 0xd8, 0xfe, 0xd8, 0xff, 0x39,
    0xff, 0x5a, 0xff, 0x5a, 0xff, 0x5a, 0xff, 0x5a, 0xff, 0x5a, 0xff, 0x5a, 0xff, 0x5a, 0xff, 0x5a,
    0xff, 0x5a, 0xff, 0x5a, 0xff, 0x5a, 0xff, 0x5a, 0xff, 0x5a, 0xff, 0x5a, 0xff, 0x5a, 0xff, 0x5a,
    0xff, 0x5a, 0xff, 0x5a, 0xff, 0x7a, 0xff, 0x7a, 0xff, 0x5a, 0xff, 0x7a, 0xff, 0x7a, 0xff, 0x5a,
    0xff, 0x5a, 0xff, 0x5a, 0xff, 0x5a, 0xff, 0x5a, 0xff, 0x5a, 0xff, 0x5a, 0xff, 0x5a, 0xff, 0x7a,
    0xff, 0x7a, 0xff, 0x5a, 0xff, 0x3a, 0xbd, 0x74, 0xd6, 0x78, 0xe7, 0x5c, 0xe7, 0x5c, 0xe7, 0x5c,
    0xe7, 0x5c, 0xe7, 0x5c, 0xdf, 0x5c, 0xdf, 0x5c, 0xe7, 0x5c, 0xdf, 0x5c, 0xdf, 0x5c, 0xd6, 0xfa,
    0xce, 0x99, 0xe7, 0x3b, 0xe7, 0x5c, 0xff, 0x3a, 0xfe, 0xf9, 0xff, 0x19, 0xff, 0x3a, 0xff, 0x5a,
    0xff, 0x5a, 0xff, 0x5a, 0xff, 0x5a, 0xff, 0x5a, 0xff, 0x5a, 0xff, 0x5a, 0xff, 0x5a, 0xff, 0x5a,
    0xff, 0x5a, 0xff, 0x5a, 0xff, 0x5a, 0xff, 0x5a, 0xff, 0x5a, 0xff, 0x5a, 0xff, 0x5a, 0xff, 0x5a,
    0xff, 0x5a, 0xff, 0x5a, 0xff, 0x5a, 0xff, 0x5a, 0xff, 0x5a, 0xff, 0x5a, 0xff, 0x5a, 0xff, 0x5a,
    0xff, 0x5a, 0xff, 0x5a, 0xff, 0x5a, 0xff, 0x5a, 0xff, 0x5a, 0xff, 0x7a, 0xff, 0x7a, 0xff, 0x7a,
    0xff, 0x5a, 0xf7, 0x19, 0xbd, 0x94, 0xde, 0xda, 0xe7, 0x5c, 0xe7, 0x5c, 0xe7, 0x5c, 0xe7, 0x5c,
    0xdf, 0x5c, 0xdf, 0x5c, 0xdf, 0x5c, 0xdf, 0x5c, 0xdf, 0x5c, 0xdf, 0x3c, 0xce, 0xb9, 0xce, 0x99,
    0xe7, 0x5c, 0xe7, 0x5c, 0xff, 0x3a, 0xff, 0x19, 0xff, 0x3a, 0xff, 0x5a, 0xff, 0x5a, 0xff, 0x5a,
    0xff, 0x39, 0xff, 0x19, 0xff, 0x19, 0xff, 0x19, 0xff, 0x19, 0xff, 0x19, 0xff, 0x39, 0xff, 0x3a,
    0xff, 0x5a, 0xff, 0x5a, 0xff, 0x5a, 0xff, 0x5a, 0xff, 0x5a, 0xff, 0x5a, 0xff, 0x5a, 0xff, 0x7a,
    0xff, 0x7a, 0xff, 0x5a, 0xff, 0x5a, 0xff, 0x7a, 0xff, 0x5a, 0xff, 0x5a, 0xff, 0x5a, 0xff, 0x5a,
    0xff, 0x7a, 0xff, 0x5a, 0xff, 0x5a, 0xff, 0x5a, 0xff, 0x5a, 0xff, 0x7a, 0xff, 0x7a, 0xff, 0x5a,
    0xee, 0xd9, 0xbd, 0x94, 0xdf, 0x1b, 0xe7, 0x5c, 0xe7, 0x3c, 0xe7, 0x5c, 0xdf, 0x5c, 0xdf, 0x5c,
    0xdf, 0x5c, 0xdf, 0x5c, 0xdf, 0x5c, 0xdf, 0x3c, 0xdf, 0x3b, 0xbe, 0x38, 0xd6, 0xda, 0xe7, 0x5c,
    0xe7, 0x5c, 0xff, 0x5a, 0xff, 0x5a, 0xff, 0x5a, 0xff, 0x5a, 0xff, 0x3a, 0xff, 0x19, 0xf6, 0x97,
    0xe6, 0x36, 0xe5, 0xf5, 0xdd, 0xf5, 0xe5, 0xf5, 0xe6, 0x36, 0xee, 0x97, 0xf6, 0xd8, 0xff, 0x19,
    0xff, 0x3a, 0xff, 0x3a, 0xff, 0x5a, 0xff, 0x5a, 0xff, 0x5a, 0xff, 0x5a, 0xff, 0x5a, 0xff, 0x5a,
    0xff, 0x5a, 0xff, 0x5a, 0xff, 0x5a, 0xff, 0x5a, 0xff, 0x5a, 0xff, 0x5a, 0xff, 0x5a, 0xff, 0x5a,
    0xff, 0x5a, 0xff, 0x5a, 0xff, 0x5a, 0xff, 0x5a, 0xff, 0x5a, 0xff, 0x5a, 0xff, 0x5a, 0xde, 0x97,
    0xbd, 0xd5, 0xe7, 0x3b, 0xe7, 0x5c, 0xdf, 0x3c, 0xdf, 0x5c, 0xdf, 0x5c, 0xdf, 0x5c, 0xdf, 0x5c,
    0xdf, 0x5c, 0xdf, 0x3c, 0xdf, 0x3c, 0xd6, 0xfa, 0xb5, 0xf6, 0xd6, 0xfb, 0xdf, 0x3c, 0xe7, 0x5c,
    0xff, 0x5a, 0xff, 0x5a, 0xff, 0x5a, 0xff, 0x3a, 0xf6, 0xd8, 0xdd, 0xb4, 0xc4, 0xf1, 0xbc, 0x90,
    0xb4, 0x4f, 0xb4, 0x2e, 0xb4, 0x4e, 0xb4, 0x6f, 0xb4, 0x8f, 0xbd, 0x11, 0xcd, 0x73, 0xdd, 0xf5,
    0xe6, 0x76, 0xee, 0xb8, 0xf6, 0xf9, 0xff, 0x39, 0xff, 0x5a, 0xff, 0x5a, 0xff, 0x5a, 0xff, 0x5a,
    0xff, 0x5a, 0xff, 0x5a, 0xff, 0x5a, 0xff, 0x5a, 0xff, 0x5a, 0xff, 0x5a, 0xff, 0x5a, 0xff, 0x5a,
    0xff, 0x3a, 0xf7, 0x19, 0xf7, 0x19, 0xff, 0x5a, 0xff, 0x5a, 0xff, 0x5a, 0xce, 0x16, 0xc6, 0x37,
    0xdf, 0x3c, 0xdf, 0x3c, 0xdf, 0x3c, 0xdf, 0x5c, 0xdf, 0x5c, 0xdf, 0x5c, 0xdf, 0x5c, 0xdf, 0x5c,
    0xdf, 0x3c, 0xdf, 0x3b, 0xc6, 0x79, 0xb5, 0xf7, 0xdf, 0x1b, 0xdf, 0x3c, 0xdf, 0x5c, 0xff, 0x7a,
    0xff, 0x5a, 0xff, 0x5a, 0xfe, 0xd8, 0xd5, 0x73, 0xac, 0x4e, 0xac, 0x0e, 0xbc, 0x4f, 0xcc, 0xf1,
    0xd5, 0x93, 0xdd, 0xf5, 0xe6, 0x15, 0xe6, 0x15, 0xe6, 0x15, 0xde, 0x15, 0xde, 0x15, 0xde, 0x15,
    0xde, 0x15, 0xde, 0x15, 0xe6, 0x56, 0xee, 0xb7, 0xf7, 0x19, 0xff, 0x5a, 0xff, 0x5a, 0xff, 0x5a,
    0xff, 0x5a, 0xff, 0x5a, 0xff, 0x5a, 0xff, 0x3a, 0xf6, 0xf9, 0xee, 0xb8, 0xde, 0x15, 0xbd, 0x32,
    0xbd, 0x52, 0xee, 0xb8, 0xff, 0x5a, 0xff, 0x5a, 0xf7, 0x3a, 0xc5, 0xb5, 0xd6, 0x99, 0xdf, 0x3b,
    0xdf, 0x3c, 0xdf, 0x3c, 0xdf, 0x5c, 0xdf, 0x5c, 0xdf, 0x5c, 0xdf, 0x5c, 0xdf, 0x3c, 0xdf, 0x3b,
    0xd6, 0xfb, 0xad, 0xd6, 0xbe, 0x78, 0xdf, 0x3b, 0xdf, 0x3c, 0xdf, 0x5c, 0xff, 0x7a, 0xff, 0x5a,
    0xff, 0x3a, 0xe6, 0x15, 0xbc, 0x8f, 0xc4, 0xf1, 0xdd, 0xb4, 0xee, 0x56, 0xf6, 0xb8, 0xfe, 0xd8,
    0xfe, 0xf9, 0xff, 0x19, 0xff, 0x19, 0xff, 0x19, 0xff, 0x1a, 0xff, 0x3a, 0xff, 0x19, 0xff, 0x19,
    0xf6, 0xf9, 0xf6, 0xf9, 0xf6, 0xf9, 0xf7, 0x19, 0xff, 0x3a, 0xff, 0x3a, 0xff, 0x19, 0xf6, 0xf9,
    0xee, 0xb8, 0xde, 0x36, 0xc5, 0x33, 0x9c, 0x2e, 0x83, 0x2a, 0x72, 0xc8, 0x9c, 0x2e, 0xe6, 0x77,
    0xff, 0x3a, 0xff, 0x5a, 0xff, 0x5a, 0xf7, 0x19, 0xbd, 0x94, 0xd6, 0xfa, 0xdf, 0x3b, 0xdf, 0x3c,
    0xdf, 0x3c, 0xdf, 0x3c, 0xdf, 0x3c, 0xdf, 0x3c, 0xdf, 0x3c, 0xdf, 0x3c, 0xd7, 0x3b, 0xc6, 0x99,
    0xa5, 0x75, 0xce, 0xda, 0xdf, 0x3b, 0xdf, 0x3b, 0xdf, 0x3c, 0xff, 0x7a, 0xff, 0x5a, 0xff, 0x19,
    0xe6, 0x15, 0xe5, 0xf5, 0xf6, 0x97, 0xf6, 0xd8, 0xf6, 0xd8, 0xf6, 0xd9, 0xf6, 0xb8, 0xee, 0x77,
    0xe6, 0x57, 0xe6, 0x37, 0xde, 0x36, 0xde, 0x37, 0xe6, 0x57, 0xe6, 0x57, 0xe6, 0x57, 0xe6, 0x57,
    0xde, 0x37, 0xde, 0x36, 0xde, 0x16, 0xcd, 0xb5, 0xc5, 0x53, 0xac, 0xb1, 0x93, 0xce, 0x72, 0xea,
    0x5a, 0x07, 0x49, 0x64, 0x41, 0x43, 0x59, 0xe6, 0x9c, 0x2e, 0xe6, 0x77, 0xff, 0x3a, 0xff, 0x5a,
    0xff, 0x5a, 0xff, 0x5a, 0xe6, 0x98, 0xbd, 0xb5, 0xdf, 0x1a, 0xdf, 0x3b, 0xdf, 0x3c, 0xd7, 0x3c,
    0xdf, 0x3c, 0xdf, 0x3c, 0xdf, 0x3c, 0xd7, 0x3c, 0xd7, 0x3c, 0xd7, 0x1b, 0xad, 0xd6, 0xa5, 0x75,
    0xd6, 0xfb, 0xd7, 0x3b, 0xdf, 0x3b, 0xdf, 0x3b, 0xff, 0x7a, 0xff, 0x5a, 0xff, 0x3a, 0xfe, 0xf9,
    0xfe, 0xd9, 0xf6, 0xb8, 0xe6, 0x36, 0xbd, 0x32, 0x9c, 0x0e, 0x7b, 0x2b, 0x6a, 0xa9, 0x62, 0x47,
    0x5a, 0x27, 0x52, 0x06, 0x5a, 0x27, 0x5a, 0x68, 0x62, 0x88, 0x62, 0x88, 0x62, 0x48, 0x5a, 0x27,
    0x5a, 0x07, 0x51, 0xc6, 0x49, 0x85, 0x41, 0x23, 0x30, 0xe2, 0x28, 0xa1, 0x28, 0x81, 0x28, 0x81,
    0x30, 0xc2, 0x51, 0xc6, 0xac, 0x90, 0xee, 0x98, 0xff, 0x19, 0xff, 0x3a, 0xff, 0x5a, 0xff, 0x5a,
    0xf7, 0x3a, 0xce, 0x16, 0xc6, 0x37, 0xdf, 0x1b, 0xdf, 0x3b, 0xd7, 0x3b, 0xd7, 0x3c, 0xd7, 0x3b,
    0xd7, 0x3c, 0xd7, 0x3c, 0xd7, 0x3c, 0xd7, 0x3b, 0xc6, 0x99, 0x9d, 0x34, 0xb5, 0xf7, 0xd7, 0x1b,
    0xd7, 0x3b, 0xd7, 0x3b, 0xdf, 0x3b, 0xff, 0x7a, 0xff, 0x5a, 0xff, 0x5a, 0xff, 0x3a, 0xf6, 0xd8,
    0xc5, 0x32, 0x7b, 0x0a, 0x49, 0xa5, 0x39, 0x02, 0x30, 0xe2, 0x28, 0xc2, 0x28, 0xa1, 0x28, 0xa1,
    0x28, 0xc1, 0x30, 0xe2, 0x52, 0x07, 0xa4, 0xd2, 0xa4, 0x91, 0x41, 0x85, 0x28, 0xc2, 0x28, 0xa2,
    0x28, 0x81, 0x28, 0x81, 0x28, 0x61, 0x28, 0x61, 0x28, 0x61, 0x20, 0x61, 0x20, 0x61, 0x28, 0x81,
    0x41, 0x23, 0x7b, 0x0a, 0xac, 0x90, 0xcd, 0x94, 0xde, 0x36, 0xe6, 0x98, 0xee, 0xb8, 0xe6, 0x98,
    0xb5, 0x74, 0xce, 0x99, 0xdf, 0x3b, 0xd7, 0x3c, 0xd7, 0x3c, 0xd7, 0x3b, 0xd7, 0x3c, 0xd7, 0x3c,
    0xd7, 0x3c, 0xd7, 0x3b, 0xd7, 0x1b, 0xad, 0xf7, 0x94, 0xf3, 0xc6, 0x79, 0xd7, 0x1b, 0xd7, 0x1b,
    0xd7, 0x3b, 0xd7, 0x3b, 0xff, 0x7a, 0xff, 0x5a, 0xff, 0x5a, 0xf6, 0xf9, 0xbd, 0x11, 0x83, 0x2b,
    0x51, 0xa5, 0x38, 0xe2, 0x30, 0xc2, 0x30, 0xc2, 0x28, 0xc2, 0x30, 0xc2, 0x30, 0xc2, 0x30, 0xc2,
    0x30, 0xe2, 0x5a, 0x48, 0xcd, 0xf7, 0xde, 0x79, 0x52, 0x27, 0x28, 0xa1, 0x20, 0x81, 0x20, 0x81,
    0x20, 0x81, 0x20, 0x61, 0x20, 0x61, 0x20, 0x60, 0x20, 0x60, 0x20, 0x61, 0x28, 0x61, 0x28, 0x61,
    0x28, 0xa1, 0x30, 0xe2, 0x41, 0x64, 0x5a, 0x27, 0x72, 0xc9, 0x83, 0x4b, 0x93, 0xee, 0xa5, 0x12,
    0xd6, 0xfa, 0xd7, 0x3b, 0xd7, 0x3c, 0xd7, 0x3b, 0xd7, 0x3b, 0xd7, 0x3b, 0xd7, 0x3b, 0xd7, 0x3b,
    0xd7, 0x1b, 0xc6, 0x99, 0x9d, 0x34, 0x9d, 0x54, 0xce, 0xdb, 0xd7, 0x1b, 0xd7, 0x1b, 0xd7, 0x3b,
    0xd7, 0x3b, 0xff, 0x7a, 0xff, 0x5a, 0xff, 0x3a, 0xde, 0x16, 0xa4, 0x2f, 0x62, 0x67, 0x5a, 0x06,
    0x6a, 0xa8, 0x7b, 0x2b, 0x8b, 0xad, 0x9c, 0x0e, 0x9c, 0x2f, 0x9c, 0x2f, 0x9c, 0x0e, 0x93, 0xcd,
    0x8b, 0xad, 0x93, 0xee, 0x8b, 0xad, 0x62, 0x89, 0x51, 0xc6, 0x41, 0x64, 0x39, 0x03, 0x30, 0xc2,
    0x28, 0x81, 0x28, 0x81, 0x28, 0x60, 0x28, 0x61, 0x20, 0x60, 0x20, 0x60, 0x28, 0x61, 0x28, 0x81,
    0x30, 0xa1, 0x30, 0xe2, 0x51, 0xa5, 0x83, 0x2b, 0xb4, 0xd1, 0xbd, 0x74, 0xb5, 0xb5, 0xd7, 0x1b,
    0xd7, 0x1b, 0xd7, 0x1b, 0xd7, 0x3b, 0xd7, 0x3b, 0xd7, 0x3b, 0xd7, 0x3c, 0xd7, 0x1b, 0xce, 0xdb,
    0xad, 0xd6, 0x8c, 0xd2, 0xad, 0xd6, 0xce, 0xfb, 0xcf, 0x1b, 0xd7, 0x1b, 0xd7, 0x1b, 0xd7, 0x3b,
    0xff, 0x7a, 0xff, 0x5a, 0xf7, 0x19, 0xc5, 0x73, 0x93, 0xcc, 0xac, 0xb0, 0xd5, 0xd5, 0xe6, 0x97,
    0xee, 0xd8, 0xf6, 0xf9, 0xf6, 0xf9, 0xf7, 0x19, 0xf7, 0x19, 0xf6, 0xf9, 0xf6, 0xf9, 0xf6, 0xd9,
    0xee, 0xb8, 0xee, 0x98, 0xe6, 0x77, 0xde, 0x16, 0xd5, 0xb4, 0xbd, 0x12, 0xa4, 0x4f, 0x8b, 0x6c,
    0x72, 0xa9, 0x59, 0xe6, 0x41, 0x24, 0x30, 0xa1, 0x41, 0x23, 0x49, 0x64, 0x41, 0x23, 0x41, 0x23,
    0x51, 0xc5, 0x8b, 0x6b, 0xd5, 0xb4, 0xee, 0x98, 0xbd, 0xb5, 0xc6, 0x78, 0xd7, 0x1b, 0xd7, 0x1b,
    0xd7, 0x1b, 0xd7, 0x1b, 0xd7, 0x1b, 0xd7, 0x3b, 0xd7, 0x1b, 0xd7, 0x1b, 0xbe, 0x79, 0x9d, 0x34,
    0x84, 0xb2, 0xbe, 0x79, 0xce, 0xfb, 0xcf, 0x1b, 0xcf, 0x1b, 0xd7, 0x1b, 0xd7, 0x1b, 0xff, 0x7a,
    0xff, 0x5a, 0xee, 0xd8, 0xd5, 0xd4, 0xe6, 0x77, 0xf7, 0x19, 0xff, 0x3a, 0xff, 0x3a, 0xff, 0x3a,
    0xff, 0x39, 0xff, 0x39, 0xff, 0x39, 0xff, 0x39, 0xff, 0x39, 0xff, 0x19, 0xff, 0x19, 0xff, 0x19,
    0xff, 0x19, 0xff, 0x19, 0xfe, 0xf9, 0xfe, 0xf9, 0xfe, 0xf9, 0xf6, 0xd8, 0xf6, 0xb8, 0xee, 0x57,
    0xdd, 0xf5, 0xb4, 0x91, 0x62, 0x47, 0x93, 0xac, 0xcd, 0x53, 0xc5, 0x32, 0xc5, 0x12, 0xc5, 0x53,
    0xdd, 0xd5, 0xee, 0x77, 0xe6, 0x77, 0xb5, 0x74, 0xd6, 0xda, 0xd7, 0x1b, 0xd7, 0x1b, 0xd7, 0x1b,
    0xcf, 0x1b, 0xcf, 0x1b, 0xd7, 0x3b, 0xcf, 0x1b, 0xc6, 0xda, 0xad, 0xb6, 0x84, 0xb2, 0x95, 0x34,
    0xc6, 0xba, 0xcf, 0x1b, 0xcf, 0x1b, 0xcf, 0x1b, 0xd7, 0x1b, 0xd7, 0x1b, 0xff, 0x5a, 0xff, 0x5a,
    0xff, 0x5a, 0xff, 0x3a, 0xff, 0x3a, 0xff, 0x5a, 0xff, 0x5a, 0xff, 0x5a, 0xff, 0x3a, 0xff, 0x39,
    0xff, 0x39, 0xff, 0x39, 0xff, 0x39, 0xff, 0x19, 0xff, 0x19, 0xff, 0x19, 0xff, 0x19, 0xff, 0x19,
    0xfe, 0xf9, 0xfe, 0xf9, 0xfe, 0xf9, 0xfe, 0xf9, 0xfe, 0xf9, 0xfe, 0xf9, 0xfe, 0xf8, 0xfe, 0xd8,
    0xf6, 0xb8, 0xd5, 0xb4, 0xdd, 0xf5, 0xf6, 0xd8, 0xfe, 0xd9, 0xfe, 0xd9, 0xfe, 0xf9, 0xfe, 0xf9,
    0xf6, 0xd9, 0xcd, 0xb5, 0xbd, 0xd6, 0xd7, 0x1b, 0xd7, 0x1b, 0xd7, 0x1b, 0xcf, 0x1b, 0xcf, 0x1b,
    0xcf, 0x1b, 0xcf, 0x1b, 0xce, 0xfb, 0xb6, 0x38, 0x95, 0x14, 0x7c, 0x71, 0xad, 0xf7, 0xc6, 0xda,
    0xce, 0xfb, 0xcf, 0x1b, 0xcf, 0x1b, 0xcf, 0x1b, 0xd7, 0x1b, 0xff, 0x7a, 0xff, 0x5a, 0xff, 0x5a,
    0xff, 0x5a, 0xff, 0x5a, 0xff, 0x5a, 0xff, 0x5a, 0xff, 0x5a, 0xff, 0x3a, 0xff, 0x39, 0xff, 0x19,
    0xff, 0x19, 0xff, 0x19, 0xff, 0x19, 0xfe, 0xf9, 0xfe, 0xf9, 0xfe, 0xf9, 0xfe, 0xf9, 0xfe, 0xf9,
    0xfe, 0xd8, 0xfe, 0xd8, 0xfe, 0xd8, 0xfe, 0xd8, 0xfe, 0xd8, 0xfe, 0xd8, 0xfe, 0xd8, 0xfe, 0xd8,
    0xfe, 0xd8, 0xfe, 0xd8, 0xfe, 0xd8, 0xfe, 0xd9, 0xfe, 0xd9, 0xfe, 0xd9, 0xfe, 0xd9, 0xee, 0x98,
    0xb5, 0x33, 0xce, 0x78, 0xd7, 0x1b, 0xd7, 0x1b, 0xd7, 0x1b, 0xcf, 0x1b, 0xcf, 0x1b, 0xcf, 0x1b,
    0xcf, 0x1b, 0xc6, 0x99, 0xa5, 0x95, 0x84, 0xb2, 0x8c, 0xd3, 0xb6, 0x59, 0xce, 0xfb, 0xce, 0xfb,
    0xcf, 0x1b, 0xcf, 0x1b, 0xcf, 0x1b, 0xd7, 0x1b, 0xff, 0x7a, 0xff, 0x5a, 0xff, 0x5a, 0xff, 0x5a,
    0xff, 0x5a, 0xff, 0x5a, 0xff, 0x5a, 0xff, 0x5a, 0xff, 0x39, 0xff, 0x39, 0xff, 0x19, 0xff, 0x19,
    0xfe, 0xf9, 0xfe, 0xf9, 0xfe, 0xf8, 0xfe, 0xd8, 0xfe, 0xd8, 0xfe, 0xd8, 0xfe, 0xd8, 0xfe, 0xd8,
    0xfe, 0xd8, 0xfe, 0xd8, 0xfe, 0xd8, 0xfe, 0xb8, 0xfe, 0xb8, 0xfe, 0xb8, 0xfe, 0xb8, 0xfe, 0xb8,
    0xfe, 0xb8, 0xfe, 0xb8, 0xfe, 0xb8, 0xfe, 0xd8, 0xfe, 0xd9, 0xfe, 0xb8, 0xdd, 0xf6, 0xb5, 0x54,
    0xd6, 0xfa, 0xd7, 0x1b, 0xcf, 0x1b, 0xcf, 0x1b, 0xcf, 0x1b, 0xcf, 0x1b, 0xcf, 0x1b, 0xce, 0xfb,
    0xad, 0xd7, 0x94, 0xf4, 0x7c, 0x51, 0x9d, 0x75, 0xc6, 0xba, 0xc6, 0xfb, 0xce, 0xfb, 0xcf, 0x1b,
    0xcf, 0x1b, 0xcf, 0x1b, 0xd7, 0x1b, 0xff, 0x5a, 0xff, 0x5a, 0xff, 0x5a, 0xff, 0x5a, 0xff, 0x5a,
    0xff, 0x5a, 0xff, 0x5a, 0xff, 0x5a, 0xff, 0x39, 0xff, 0x19, 0xff, 0x19, 0xfe, 0xf9, 0xfe, 0xf9,
    0xfe, 0xd8, 0xfe, 0xd8, 0xfe, 0xd8, 0xfe, 0xd8, 0xfe, 0xb8, 0xfe, 0xb8, 0xfe, 0xb8, 0xfe, 0xb8,
    0xfe, 0xb8, 0xfe, 0xb8, 0xfe, 0xb8, 0xfe, 0xb8, 0xfe, 0xb8, 0xfe, 0xb8, 0xfe, 0xb8, 0xfe, 0xb8,
    0xfe, 0xb8, 0xfe, 0xb8, 0xfe, 0xb8, 0xfe, 0xb8, 0xf6, 0x78, 0xbd, 0x33, 0xc6, 0x17, 0xd6, 0xfb,
    0xd7, 0x1b, 0xcf, 0x1b, 0xcf, 0x1b, 0xcf, 0x1b, 0xcf, 0x1b, 0xce, 0xfb, 0xbe, 0x58, 0x9d, 0x54,
    0x84, 0x71, 0x84, 0xb2, 0xa5, 0xd7, 0xc6, 0xda, 0xc6, 0xfb, 0xc6, 0xfb, 0xcf, 0x1b, 0xcf, 0x1b,
    0xcf, 0x1b, 0xd7, 0x1b, 0xff, 0x7a, 0xff, 0x5a, 0xff, 0x5a, 0xff, 0x5a, 0xff, 0x5a, 0xff, 0x5a,
    0xff, 0x5a, 0xff, 0x39, 0xff, 0x19, 0xff, 0x19, 0xfe, 0xf9, 0xfe, 0xf8, 0xfe, 0xd8, 0xfe, 0xd8,
    0xfe, 0xb8, 0xfe, 0xb8, 0xfe, 0xb8, 0xfe, 0xb8, 0xfe, 0xb8, 0xfe, 0xb8, 0xfe, 0xb8, 0xfe, 0x98,
    0xfe, 0x97, 0xfe, 0xb8, 0xfe, 0x98, 0xfe, 0xb8, 0xfe, 0xb8, 0xfe, 0xb8, 0xfe, 0xb8, 0xfe, 0x98,
    0xfe, 0x98, 0xfe, 0x98, 0xfe, 0x98, 0xe6, 0x16, 0xb5, 0x33, 0xce, 0xb9, 0xd6, 0xfb, 0xcf, 0x1b,
    0xcf, 0x1b, 0xcf, 0x1b, 0xce, 0xfb, 0xce, 0xfb, 0xc6, 0x99, 0xa5, 0x95, 0x8c, 0xf3, 0x74, 0x30,
    0x95, 0x34, 0xb6, 0x58, 0xc6, 0xfb, 0xc6, 0xfb, 0xc6, 0xfb, 0xc6, 0xfb, 0xcf, 0x1b, 0xcf, 0x1b,
    0xd7, 0x1b, 0xff, 0x5a, 0xff, 0x5a, 0xff, 0x5a, 0xff, 0x5a, 0xff, 0x5a, 0xff, 0x5a, 0xff, 0x3a,
    0xff, 0x39, 0xff, 0x19, 0xfe, 0xf9, 0xfe, 0xf8, 0xfe, 0xd8, 0xfe, 0xb8, 0xfe, 0xb8, 0xfe, 0x97,
    0xfe, 0xb7, 0xfe, 0xb8, 0xfe, 0x98, 0xfe, 0x97, 0xfe, 0x98, 0xfe, 0x97, 0xfe, 0x77, 0xfe, 0x77,
    0xfe, 0x97, 0xfe, 0x97, 0xfe, 0x98, 0xfe, 0x98, 0xfe, 0x98, 0xfe, 0x97, 0xfe, 0x97, 0xfe, 0x97,
    0xfe, 0x98, 0xf6, 0x77, 0xc5, 0x53, 0xc5, 0xf6, 0xd6, 0xfa, 0xcf, 0x1b, 0xcf, 0x1b, 0xcf, 0x1b,
    0xce, 0xfb, 0xce, 0xfb, 0xc6, 0xba, 0xad, 0xd7, 0x95, 0x14, 0x7c, 0x30, 0x84, 0xb2, 0x9d, 0x95,
    0xbe, 0x99, 0xc6, 0xfb, 0xc6, 0xfb, 0xc6, 0xfb, 0xc6, 0xfb, 0xcf, 0x1b, 0xcf, 0x1b, 0xd7, 0x1b,
    0xff, 0x5a, 0xff, 0x5a, 0xff, 0x5a, 0xff, 0x5a, 0xff, 0x5a, 0xff, 0x5a, 0xff, 0x3a, 0xff, 0x39,
    0xff, 0x19, 0xfe, 0xf9, 0xfe, 0xd8, 0xfe, 0xd8, 0xfe, 0xb8, 0xfe, 0x97, 0xfe, 0x57, 0xfe, 0x97,
    0xfe, 0x97, 0xfe, 0x97, 0xfe, 0x57, 0xfe, 0x97, 0xfe, 0x77, 0xfe, 0x56, 0xfe, 0x77, 0xfe, 0x77,
    0xfe, 0x77, 0xfe, 0x97, 0xfe, 0x97, 0xfe, 0x77, 0xfe, 0x77, 0xfe, 0x57, 0xfe, 0x77, 0xfe, 0x98,
    0xdd, 0xf6, 0xb5, 0x33, 0xce, 0x99, 0xd6, 0xfb, 0xce, 0xfb, 0xcf, 0x1b, 0xce, 0xfb, 0xce, 0xfb,
    0xce, 0xda, 0xb6, 0x17, 0x9d, 0x55, 0x7c, 0x51, 0x74, 0x30, 0x95, 0x14, 0xa5, 0xf7, 0xbe, 0xda,
    0xc6, 0xfb, 0xc6, 0xfb, 0xc6, 0xfb, 0xc6, 0xfb, 0xcf, 0x1b, 0xcf, 0x1b, 0xd7, 0x1b, 0xff, 0x5a,
    0xff, 0x5a, 0xff, 0x5a, 0xff, 0x5a, 0xff, 0x5a, 0xff, 0x5a, 0xff, 0x3a, 0xff, 0x19, 0xff, 0x19,
    0xfe, 0xf9, 0xfe, 0xd8, 0xfe, 0xb8, 0xfe, 0x97, 0xfe, 0x57, 0xfe, 0x77, 0xfe, 0x97, 0xfe, 0x77,
    0xfe, 0x57, 0xfe, 0x57, 0xfe, 0x77, 0xfe, 0x57, 0xfe, 0x36, 0xfe, 0x57, 0xfe, 0x56, 0xfe, 0x77,
    0xfe, 0x77, 0xfe, 0x77, 0xfe, 0x57, 0xfe, 0x57, 0xf6, 0x36, 0xfe, 0x77, 0xf6, 0x57, 0xbd, 0x33,
    0xc5, 0xf6, 0xd6, 0xfa, 0xd6, 0xfb, 0xce, 0xfb, 0xcf, 0x1b, 0xce, 0xfb, 0xce, 0xda, 0xb6, 0x38,
    0x9d, 0x75, 0x84, 0x71, 0x63, 0x8e, 0x8c, 0xd3, 0x95, 0x54, 0xb6, 0x58, 0xbe, 0xda, 0xc6, 0xfb,
    0xc6, 0xfa, 0xc6, 0xfa, 0xc6, 0xfa, 0xcf, 0x1b, 0xcf, 0x1b, 0xd7, 0x3b,
};

const lv_img_dsc_t avatar_asset_eye_right_closed = {
    .header.always_zero = 0,
    .header.w = 55,
    .header.h = 58,
    .header.cf = LV_IMG_CF_TRUE_COLOR_CHROMA_KEYED,
    .data_size = sizeof(eye_right_closed_map),
    .data = eye_right_closed_map,
};

static const uint8_t mouth_closed_map[] = {
    0xfe, 0x97, 0xf6, 0x76, 0xfe, 0xb7, 0xfe, 0xd8, 0xfe, 0xd8, 0xfe, 0xf9, 0xff, 0x19, 0xff, 0x3a,
    0xff, 0x3a, 0xff, 0x5a, 0xff, 0x5b, 0xff, 0x5b, 0xff, 0x7b, 0xff, 0x7b, 0xff, 0x7b, 0xff, 0x7b,
    0xff, 0x7b, 0xff, 0x7b, 0xff, 0x7b, 0xff, 0x7b, 0xff, 0x7b, 0xff, 0x7b, 0xff, 0x5b, 0xff, 0x5a,
    0xff, 0x5a, 0xff, 0x5a, 0xff, 0x5a, 0xff, 0x5b, 0xff, 0x5b, 0xff, 0x7b, 0xff, 0x7b, 0xff, 0x7b,
    0xff, 0x7b, 0xff, 0x9b, 0xff, 0x7b, 0xff, 0x7b, 0xff, 0x7b, 0xff, 0x7b, 0xff, 0x7b, 0xff, 0x7b,
    0xff, 0x5b, 0xff, 0x5a, 0xff, 0x5a, 0xff, 0x3a, 0xff, 0x1a, 0xff, 0x19, 0xfe, 0xf9, 0xfe, 0xd8,
    0xfe, 0xb8, 0xfe, 0x97, 0xfe, 0x77, 0xfe, 0x97, 0xf6, 0x56, 0xfe, 0x76, 0xfe, 0x97, 0xf6, 0x56,
    0xfe, 0xb7, 0xfe, 0xb8, 0xfe, 0xd8, 0xfe, 0xf9, 0xff, 0x19, 0xff, 0x1a, 0xff, 0x3a, 0xff, 0x5a,
    0xff, 0x5b, 0xff, 0x7b, 0xff, 0x7b, 0xff, 0x7b, 0xff, 0x7b, 0xff, 0x7b, 0xff, 0x7b, 0xff, 0x7b,
    0xff, 0x7b, 0xff, 0x7b, 0xff, 0x7b, 0xff, 0x5b, 0xff, 0x5a, 0xff, 0x5a, 0xff, 0x3a, 0xff, 0x3a,
    0xff, 0x5a, 0xff, 0x5a, 0xff, 0x5b, 0xff, 0x7b, 0xff, 0x7b, 0xff, 0x7b, 0xff, 0x7b, 0xff, 0x9b,
    0xff, 0x7b, 0xff, 0x7b, 0xff, 0x7b, 0xff, 0x7b, 0xff, 0x7b, 0xff, 0x7b, 0xff, 0x5b, 0xff, 0x5a,
    0xff, 0x5a, 0xff, 0x3a, 0xff, 0x19, 0xff, 0x19, 0xfe, 0xf9, 0xfe, 0xd8, 0xfe, 0xb8, 0xfe, 0x97,
    0xfe, 0x77, 0xfe, 0x77, 0xfe, 0x56, 0xfe, 0x56, 0xfe, 0x97, 0xf6, 0x56, 0xfe, 0x97, 0xfe, 0xb8,
    0xfe, 0xb8, 0xfe, 0xf9, 0xff, 0x19, 0xff, 0x1a, 0xff, 0x3a, 0xff, 0x5a, 0xff, 0x5a, 0xff, 0x7b,
    0xff, 0x7b, 0xff, 0x7b, 0xff, 0x7b, 0xff, 0x7b, 0xff, 0x7b, 0xff, 0x7b, 0xff, 0x7b, 0xff, 0x7b,
    0xff, 0x7b, 0xff, 0x5b, 0xff, 0x5a, 0xff, 0x3a, 0xff, 0x3a, 0xff, 0x3a, 0xff, 0x3a, 0xff, 0x5a,
    0xff, 0x5b, 0xff, 0x7b, 0xff, 0x7b, 0xff, 0x7b, 0xff, 0x7b, 0xff, 0x7b, 0xff, 0x7b, 0xff, 0x7b,
    0xff, 0x7b, 0xff, 0x7b, 0xff, 0x7b, 0xff, 0x7b, 0xff, 0x5b, 0xff, 0x5a, 0xff, 0x5a, 0xff, 0x3a,
    0xff, 0x19, 0xff, 0x19, 0xfe, 0xf9, 0xfe, 0xd8, 0xfe, 0xb8, 0xfe, 0x97, 0xfe, 0x77, 0xfe, 0x77,
    0xfe, 0x56, 0xf6, 0x56, 0xfe, 0x97, 0xf6, 0x76, 0xfe, 0xb7, 0xfe, 0xb8, 0xfe, 0xb8, 0xfe, 0xf8,
    0xff, 0x19, 0xff, 0x19, 0xff, 0x3a, 0xff, 0x5a, 0xff, 0x5b, 0xff, 0x7b, 0xff, 0x7b, 0xff, 0x7b,
    0xff, 0x7b, 0xff, 0x7b, 0xff, 0x7b, 0xff, 0x7b, 0xff, 0x7b, 0xff, 0x7b, 0xff, 0x7b, 0xff, 0x5b,
    0xff, 0x5a, 0xff, 0x3a, 0xff, 0x3a, 0xff, 0x3a, 0xff, 0x3a, 0xff, 0x5a, 0xff, 0x5b, 0xff, 0x7b,
    0xff, 0x7b, 0xff, 0x7b, 0xff, 0x7b, 0xff, 0x7b, 0xff, 0x7b, 0xff, 0x7b, 0xff, 0x7b, 0xff, 0x7b,
    0xff, 0x7b, 0xff, 0x7b, 0xff, 0x5b, 0xff, 0x5b, 0xff, 0x5a, 0xff, 0x3a, 0xff, 0x19, 0xff, 0x19,
    0xfe, 0xf8, 0xfe, 0xd8, 0xfe, 0xb7, 0xfe, 0x97, 0xfe, 0x97, 0xfe, 0x76, 0xfe, 0x56, 0xf6, 0x56,
    0xfe, 0x97, 0xf6, 0x77, 0xfe, 0xb7, 0xfe, 0xb8, 0xfe, 0xb8, 0xfe, 0xf8, 0xff, 0x19, 0xff, 0x19,
    0xff, 0x3a, 0xff, 0x5a, 0xff, 0x5b, 0xff, 0x7b, 0xff, 0x7b, 0xff, 0x7b, 0xff, 0x7b, 0xff, 0x7b,
    0xff, 0x7b, 0xff, 0x7b, 0xff, 0x7b, 0xff, 0x7b, 0xff, 0x7b, 0xff, 0x5b, 0xff, 0x5a, 0xff, 0x3a,
    0xff, 0x3a, 0xff, 0x3a, 0xff, 0x5a, 0xff, 0x5a, 0xff, 0x5b, 0xff, 0x7b, 0xff, 0x7b, 0xff, 0x9b,
    0xff, 0x9b, 0xff, 0x7b, 0xff, 0x7b, 0xff, 0x7b, 0xff, 0x7b, 0xff, 0x7b, 0xff, 0x7b, 0xff, 0x7b,
    0xff, 0x7b, 0xff, 0x5a, 0xff, 0x5a, 0xff, 0x3a, 0xff, 0x1a, 0xff, 0x19, 0xfe, 0xf9, 0xfe, 0xd8,
    0xfe, 0xb8, 0xfe, 0x97, 0xfe, 0x77, 0xfe, 0x77, 0xfe, 0x76, 0xf6, 0x56, 0xfe, 0x97, 0xf6, 0x77,
    0xfe, 0xb8, 0xfe, 0xb8, 0xfe, 0xb8, 0xfe, 0xf9, 0xff, 0x19, 0xff, 0x1a, 0xff, 0x3a, 0xff, 0x5a,
    0xff, 0x5b, 0xff, 0x5b, 0xff, 0x7b, 0xff, 0x7b, 0xff, 0x7b, 0xff, 0x7b, 0xff, 0x7b, 0xff, 0x7b,
    0xff, 0x7b, 0xff, 0x7b, 0xff, 0x7b, 0xff, 0x7b, 0xff, 0x5b, 0xbd, 0x12, 0xd5, 0xd5, 0xff, 0x3a,
    0xff, 0x5a, 0xff, 0x5b, 0xff, 0x5b, 0xff, 0x7b, 0xff, 0x7b, 0xff, 0x7b, 0xff, 0x9b, 0xff, 0x9b,
    0xff, 0x7b, 0xff, 0x7b, 0xff, 0x7b, 0xff, 0x7b, 0xff, 0x7b, 0xff, 0x7b, 0xff, 0x5b, 0xff, 0x5a,
    0xff, 0x5a, 0xff, 0x3a, 0xff, 0x1a, 0xff, 0x19, 0xfe, 0xf9, 0xfe, 0xd8, 0xfe, 0xb8, 0xfe, 0x97,
    0xfe, 0x77, 0xfe, 0x97, 0xfe, 0x76, 0xf6, 0x56, 0xfe, 0xb7, 0xf6, 0x77, 0xfe, 0xb8, 0xfe, 0xb8,
    0xfe, 0xd8, 0xfe, 0xf9, 0xff, 0x19, 0xff, 0x3a, 0xff, 0x3a, 0xff, 0x5a, 0xff, 0x5b, 0xff, 0x7b,
    0xff, 0x7b, 0xff, 0x7b, 0xff, 0x7b, 0xff, 0x7b, 0xff, 0x7b, 0xff, 0x7b, 0xff, 0x7b, 0xff, 0x7b,
    0xff, 0x7b, 0xff, 0x7b, 0xff, 0x5b, 0x9c, 0x2e, 0xc5, 0x73, 0xff, 0x3a, 0xff, 0x5a, 0xff, 0x5b,
    0xff, 0x7b, 0xff, 0x7b, 0xff, 0x7b, 0xff, 0x9b, 0xff, 0x9b, 0xff, 0x9b, 0xff, 0x7b, 0xff, 0x7b,
    0xff, 0x7b, 0xff, 0x7b, 0xff, 0x7b, 0xff, 0x7b, 0xff, 0x5b, 0xff, 0x5a, 0xff, 0x5a, 0xff, 0x3a,
    0xff, 0x3a, 0xff, 0x19, 0xfe, 0xf9, 0xfe, 0xd8, 0xfe, 0xd8, 0xfe, 0xb7, 0xf6, 0x77, 0xfe, 0x97,
    0xfe, 0x76, 0xfe, 0x76, 0xfe, 0xb7, 0xfe, 0x97, 0xfe, 0xd8, 0xfe, 0xb8, 0xfe, 0xf9, 0xff, 0x19,
    0xff, 0x19, 0xff, 0x3a, 0xff, 0x3a, 0xff, 0x5a, 0xff, 0x5b, 0xff, 0x7b, 0xff, 0x7b, 0xff, 0x7b,
    0xff, 0x7b, 0xff, 0x7b, 0xff, 0x7b, 0xff, 0x9b, 0xff, 0x7b, 0xff, 0x7b, 0xff, 0x7b, 0xff, 0x7b,
    0xff, 0x7b, 0xd5, 0xf6, 0xe6, 0x77, 0xff, 0x5b, 0xff, 0x7b, 0xff, 0x7b, 0xff, 0x7b, 0xff, 0x7b,
    0xff, 0x9b, 0xff, 0x9b, 0xff, 0x7b, 0xff, 0x9b, 0xff, 0x7b, 0xff, 0x7b, 0xff, 0x7b, 0xff, 0x7b,
    0xff, 0x7b, 0xff, 0x7b, 0xff, 0x7b, 0xff, 0x5b, 0xff, 0x5a, 0xff, 0x5a, 0xff, 0x3a, 0xff, 0x19,
    0xfe, 0xf9, 0xfe, 0xf9, 0xfe, 0xd8, 0xfe, 0xb8, 0xfe, 0x97, 0xfe, 0xb7, 0xf6, 0x77, 0xfe, 0x97,
    0xf6, 0x97, 0xfe, 0xd8, 0xfe, 0xd8, 0xfe, 0xd8, 0xfe, 0xf9, 0xff, 0x19, 0xff, 0x1a, 0xff, 0x3a,
    0xff, 0x5a, 0xff, 0x5a, 0xff, 0x5b, 0xff, 0x7b, 0xff, 0x7b, 0xff, 0x7b, 0xff, 0x7b, 0xff, 0x7b,
    0xff, 0x9b, 0xff, 0x9b, 0xff, 0x9b, 0xff, 0x9b, 0xff, 0x7b, 0xff, 0x9b, 0xff, 0x7b, 0xff, 0x7b,
    0xff, 0x7b, 0xff, 0x7b, 0xff, 0x7b, 0xff, 0x7b, 0xff, 0x7b, 0xff, 0x9b, 0xff, 0x9b, 0xff, 0x7b,
    0xff, 0x9b, 0xff, 0x9b, 0xff, 0x7b, 0xff, 0x7b, 0xff, 0x7b, 0xff, 0x7b, 0xff, 0x7b, 0xff, 0x7b,
    0xff, 0x7b, 0xff, 0x5b, 0xff, 0x5a, 0xff, 0x5a, 0xff, 0x3a, 0xff, 0x3a, 0xff, 0x19, 0xfe, 0xf9,
    0xfe, 0xd8, 0xfe, 0xd8, 0xfe, 0xb7, 0xfe, 0xb8, 0xf6, 0x77, 0xfe, 0xb7, 0xfe, 0xb8, 0xfe, 0xd8,
    0xfe, 0xd8, 0xfe, 0xf9, 0xff, 0x19, 0xff, 0x19, 0xff, 0x3a, 0xff, 0x3a, 0xff, 0x5a, 0xff, 0x5b,
    0xff, 0x7b, 0xff, 0x7b, 0xff, 0x7b, 0xff, 0x7b, 0xff, 0x7b, 0xff, 0x7b, 0xff, 0x9b, 0xff, 0x9b,
    0xff, 0x9b, 0xff, 0x9b, 0xff, 0x9b, 0xff, 0x9b, 0xff, 0x9b, 0xff, 0x9b, 0xff, 0x9b, 0xff, 0x7b,
    0xff, 0x7b, 0xff, 0x9b, 0xff, 0x9b, 0xff, 0x9b, 0xff, 0x9b, 0xff, 0x9b, 0xff, 0x9b, 0xff, 0x9b,
    0xff, 0x7b, 0xff, 0x7b, 0xff, 0x7b, 0xff, 0x7b, 0xff, 0x7b, 0xff, 0x7b, 0xff, 0x7b, 0xff, 0x5b,
    0xff, 0x5b, 0xff, 0x5a, 0xff, 0x5a, 0xff, 0x3a, 0xff, 0x19, 0xfe, 0xf9, 0xfe, 0xf9, 0xfe, 0xd8,
    0xfe, 0xd8, 0xfe, 0xd8, 0xfe, 0xb7, 0xfe, 0xb7, 0xfe, 0xd8, 0xfe, 0xf8, 0xfe, 0xf9, 0xfe, 0xf9,
    0xff, 0x19, 0xff, 0x1a, 0xff, 0x3a, 0xff, 0x5a, 0xff, 0x5a, 0xff, 0x5b, 0xff, 0x7b, 0xff, 0x7b,
    0xff, 0x7b, 0xff, 0x7b, 0xff, 0x7b, 0xff, 0x7b, 0xff, 0x9b, 0xff, 0x9b, 0xff, 0x9b, 0xff, 0x9b,
    0xff, 0x9b, 0xff, 0x9b, 0xff, 0x9b, 0xff, 0x9b, 0xff, 0x9b, 0xff, 0x9b, 0xff, 0x9b, 0xff, 0x9b,
    0xff, 0x9b, 0xff, 0x9b, 0xff, 0x9b, 0xff, 0x9b, 0xff, 0x9b, 0xff, 0x9b, 0xff, 0x9b, 0xff, 0x7b,
    0xff, 0x7b, 0xff, 0x7b, 0xff, 0x7b, 0xff, 0x7b, 0xff, 0x7b, 0xff, 0x7b, 0xff, 0x5b, 0xff, 0x5b,
    0xff, 0x5a, 0xff, 0x3a, 0xff, 0x3a, 0xff, 0x19, 0xfe, 0xf9, 0xfe, 0xf9, 0xfe, 0xd9, 0xfe, 0xd8,
    0xfe, 0xb8, 0xfe, 0xb8, 0xfe, 0xf9, 0xfe, 0xf9, 0xfe, 0xf9, 0xff, 0x19, 0xff, 0x19, 0xff, 0x3a,
    0xff, 0x3a, 0xff, 0x5a, 0xff, 0x5b, 0xff, 0x5b, 0xff, 0x7b, 0xff, 0x7b, 0xff, 0x7b, 0xff, 0x7b,
    0xff, 0x7b, 0xff, 0x7b, 0xff, 0x9b, 0xff, 0x9b, 0xff, 0x9b, 0xff, 0x9b, 0xff, 0x9b, 0xff, 0x9b,
    0xff, 0x9b, 0xff, 0x9b, 0xff, 0x9b, 0xff, 0x9b, 0xff, 0x9b, 0xff, 0x9b, 0xff, 0x9b, 0xff, 0x9b,
    0xff, 0x9b, 0xff, 0x9b, 0xff, 0x9b, 0xff, 0x9b, 0xff, 0x9b, 0xff, 0x9b, 0xff, 0x7b, 0xff, 0x7b,
    0xff, 0x7b, 0xff, 0x7b, 0xff, 0x7b, 0xff, 0x7b, 0xff, 0x5b, 0xff, 0x5b, 0xff, 0x5a, 0xff, 0x3a,
    0xff, 0x3a, 0xff, 0x1a, 0xff, 0x19, 0xfe, 0xf9, 0xfe, 0xf9, 0xfe, 0xd9, 0xfe, 0xd8, 0xfe, 0xd8,
    0xfe, 0xf9, 0xfe, 0xf9, 0xff, 0x19, 0xff, 0x1a, 0xff, 0x3a, 0xff, 0x3a, 0xff, 0x5a, 0xff, 0x5a,
    0xff, 0x5b, 0xff, 0x7b, 0xff, 0x7b, 0xff, 0x7b, 0xff, 0x7b, 0xff, 0x7b, 0xff, 0x7b, 0xff, 0x9b,
    0xff, 0x9b, 0xff, 0x9b, 0xff, 0x9b, 0xff, 0x9b, 0xff, 0x9b, 0xff, 0x9b, 0xff, 0x9b, 0xff, 0x9b,
    0xff, 0x9b, 0xff, 0x9b, 0xff, 0x9b, 0xff, 0x9b, 0xff, 0x9b, 0xff, 0x9b, 0xff, 0x9b, 0xff, 0x9b,
    0xff, 0x9b, 0xff, 0x9b, 0xff, 0x9b, 0xff, 0x9b, 0xff, 0x7b, 0xff, 0x7b, 0xff, 0x7b, 0xff, 0x7b,
    0xff, 0x7b, 0xff, 0x7b, 0xff, 0x5b, 0xff, 0x5b, 0xff, 0x5a, 0xff, 0x5a, 0xff, 0x3a, 0xff, 0x3a,
    0xff, 0x1a, 0xff, 0x19, 0xfe, 0xf9, 0xfe, 0xf9, 0xfe, 0xf9, 0xfe, 0xf8, 0xfe, 0xf9, 0xff, 0x19,
    0xff, 0x1a, 0xff, 0x3a, 0xff, 0x3a, 0xff, 0x5a, 0xff, 0x5a, 0xff, 0x5b, 0xff, 0x7b, 0xff, 0x7b,
    0xff, 0x7b, 0xff, 0x7b, 0xff, 0x7b, 0xff, 0x7b, 0xff, 0x7b, 0xff, 0x9b, 0xff, 0x9b, 0xff, 0x9b,
    0xff, 0x9b, 0xff, 0x9b, 0xff, 0x9b, 0xff, 0x9b, 0xff, 0x9b, 0xff, 0x9b, 0xff, 0x9b, 0xff, 0x9b,
    0xff, 0x9b, 0xff, 0x9b, 0xff, 0x9b, 0xff, 0x9b, 0xff, 0x9b, 0xff, 0x9b, 0xff, 0x9b, 0xff, 0x9b,
    0xff, 0x9b, 0xff, 0x9b, 0xff, 0x7b, 0xff, 0x7b, 0xff, 0x7b, 0xff, 0x7b, 0xff, 0x7b, 0xff, 0x7b,
    0xff, 0x7b, 0xff, 0x5b, 0xff, 0x5a, 0xff, 0x5a, 0xff, 0x5a, 0xff, 0x3a, 0xff, 0x3a, 0xff, 0x1a,
    0xff, 0x19, 0xff, 0x19, 0xfe, 0xf9, 0xfe, 0xf9, 0xff, 0x19, 0xff, 0x1a, 0xff, 0x3a, 0xff, 0x3a,
    0xff, 0x5a, 0xff, 0x5a, 0xff, 0x5b, 0xff, 0x7b, 0xff, 0x7b, 0xff, 0x7b, 0xff, 0x7b, 0xff, 0x7b,
    0xff, 0x7b, 0xff, 0x7b, 0xff, 0x7b, 0xff, 0x9b, 0xff, 0x9b, 0xff, 0x9b, 0xff, 0x9b, 0xff, 0x9b,
    0xff, 0x9b, 0xff, 0x9b, 0xff, 0x9b, 0xff, 0x9b, 0xff, 0x9b, 0xff, 0x9b, 0xff, 0x9b, 0xff, 0x9b,
    0xff, 0x9b, 0xff, 0x9b, 0xff, 0x9b, 0xff, 0x9b, 0xff, 0x9b, 0xff, 0x9b, 0xff, 0x9b, 0xff, 0x9b,
    0xff, 0x9b, 0xff, 0x7b, 0xff, 0x7b, 0xff, 0x7b, 0xff, 0x7b, 0xff, 0x7b, 0xff, 0x7b, 0xff, 0x7b,
    0xff, 0x7b, 0xff, 0x5b, 0xff, 0x5a, 0xff, 0x5a, 0xff, 0x3a, 0xff, 0x3a, 0xff, 0x3a, 0xff, 0x19,
    0xff, 0x19, 0xff, 0x19, 0xff, 0x3a, 0xff, 0x3a, 0xff, 0x3a, 0xff, 0x5a, 0xff, 0x5a, 0xff, 0x5a,
    0xff, 0x7b, 0xff, 0x5b, 0xff, 0x7b, 0xff, 0x7b, 0xff, 0x7b, 0xff, 0x7b, 0xff, 0x7b, 0xff, 0x7b,
    0xff, 0x9b, 0xff, 0x9b, 0xff, 0x9b, 0xff, 0x9b, 0xff, 0x9b, 0xff, 0x9b, 0xff, 0x9b, 0xff, 0x9b,
    0xff, 0x9b, 0xff, 0x9b, 0xff, 0x9b, 0xff, 0x9b, 0xff, 0x9b, 0xff, 0x9b, 0xff, 0x9b, 0xff, 0x9b,
    0xff, 0x9b, 0xff, 0x9b, 0xff, 0x9b, 0xff, 0x9b, 0xff, 0x9b, 0xff, 0x9b, 0xff, 0x9b, 0xff, 0x7b,
    0xff, 0x7b, 0xff, 0x7b, 0xff, 0x7b, 0xff, 0x7b, 0xff, 0x7b, 0xff, 0x7b, 0xff, 0x5b, 0xff, 0x5b,
    0xff, 0x5b, 0xff, 0x5a, 0xff, 0x5a, 0xff, 0x3a, 0xff, 0x3a, 0xff, 0x3a, 0xff, 0x1a, 0xff, 0x19,
    0xff, 0x3a, 0xff, 0x3a, 0xff, 0x5a, 0xff, 0x5a, 0xff, 0x5a, 0xff, 0x5b, 0xff, 0x7b, 0xff, 0x7b,
    0xff, 0x7b, 0xff, 0x7b, 0xff, 0x7b, 0xff, 0x7b, 0xff, 0x7b, 0xff, 0x7b, 0xff, 0x9b, 0xff, 0x9b,
    0xff, 0x9b, 0xff, 0x9b, 0xff, 0x9b, 0xff, 0x9b, 0xff, 0x9b, 0xff, 0x9b, 0xff, 0x9b, 0xff, 0x9b,
    0xff, 0x9b, 0xff, 0x9b, 0xff, 0x9b, 0xff, 0x9b, 0xff, 0x9b, 0xff, 0x9b, 0xff, 0x9b, 0xff, 0x9b,
    0xff, 0x9b, 0xff, 0x9b, 0xff, 0x9b, 0xff, 0x9b, 0xff, 0x9b, 0xff, 0x7b, 0xff, 0x7b, 0xff, 0x7b,
    0xff, 0x7b, 0xff, 0x7b, 0xff, 0x7b, 0xff, 0x7b, 0xff, 0x7b, 0xff, 0x5b, 0xff, 0x5b, 0xff, 0x5a,
    0xff, 0x5a, 0xff, 0x5a, 0xff, 0x5a, 0xff, 0x3a, 0xff, 0x3a, 0xff, 0x3a, 0xff, 0x3a, 0xff, 0x5a,
    0xff, 0x5a, 0xff, 0x5b, 0xff, 0x5b, 0xff, 0x7b, 0xff, 0x7b, 0xff, 0x7b, 0xff, 0x7b, 0xff, 0x7b,
    0xff, 0x7b, 0xff, 0x7b, 0xff, 0x7b, 0xff, 0x7b, 0xff, 0x9b, 0xff, 0x9b, 0xff, 0x7b, 0xff, 0x9b,
    0xff, 0x9b, 0xff, 0x9b, 0xff, 0x9b, 0xff, 0x9b, 0xff, 0x9b, 0xff, 0x9b, 0xff, 0x9b, 0xff, 0x9b,
    0xff, 0x9b, 0xff, 0x9b, 0xff, 0x9b, 0xff, 0x9b, 0xff, 0x9b, 0xff, 0x9b, 0xff, 0x9b, 0xff, 0x9b,
    0xff, 0x9b, 0xff, 0x9b, 0xff, 0x9b, 0xff, 0x7b, 0xff, 0x7b, 0xff, 0x7b, 0xff, 0x7b, 0xff, 0x7b,
    0xff, 0x7b, 0xff, 0x7b, 0xff, 0x7b, 0xff, 0x7b, 0xff, 0x5b, 0xff, 0x5b, 0xff, 0x5b, 0xff, 0x5b,
    0xff, 0x5a, 0xff, 0x5a, 0xff, 0x3a, 0xff, 0x3a, 0xff, 0x5a, 0xff, 0x5a, 0xff, 0x5b, 0xff, 0x5b,
    0xff, 0x5b, 0xff, 0x7b, 0xff, 0x7b, 0xff, 0x7b, 0xff, 0x7b, 0xff, 0x7b, 0xff, 0x7b, 0xff, 0x7b,
    0xff, 0x7b, 0xff, 0x9b, 0xff, 0x9b, 0xff, 0x9b, 0xff, 0x9b, 0xff, 0x9b, 0xff, 0x9b, 0xff, 0x9b,
    0xff, 0x9b, 0xff, 0x9b, 0xff, 0x9b, 0xff, 0x9b, 0xff, 0x9b, 0xff, 0x9b, 0xff, 0x9b, 0xff, 0x9b,
    0xff, 0x9b, 0xff, 0x9b, 0xff, 0x9b, 0xff, 0x9b, 0xff, 0x9b, 0xff, 0x9b, 0xff, 0x9b, 0xff, 0x9b,
    0xff, 0x9b, 0xff, 0x9b, 0xff, 0x7b, 0xff, 0x7b, 0xff, 0x7b, 0xff, 0x7b, 0xff, 0x7b, 0xff, 0x7b,
    0xff, 0x7b, 0xff, 0x7b, 0xff, 0x7b, 0xff, 0x5b, 0xff, 0x5b, 0xff, 0x5b, 0xff, 0x5b, 0xff, 0x5a,
    0xff, 0x5a, 0xff, 0x5a, 0xff, 0x5b, 0xff, 0x5b, 0xff, 0x7b, 0xff, 0x7b, 0xff, 0x7b, 0xff, 0x7b,
    0xff, 0x7b, 0xff, 0x7b, 0xff, 0x7b, 0xff, 0x7b, 0xff, 0x7b, 0xff, 0x7b, 0xff, 0x7b, 0xff, 0x7b,
    0xff, 0x7b, 0xff, 0x9b, 0xff, 0x9b, 0xff, 0x9b, 0xff, 0x9b, 0xff, 0x9b, 0xff, 0x7b, 0xff, 0x9b,
    0xff, 0x9b, 0xff, 0x9b, 0xff, 0x9b, 0xff, 0x9b, 0xff, 0x7b, 0xff, 0x9b, 0xff, 0x9b, 0xff, 0x9b,
    0xff, 0x9b, 0xff, 0x7c, 0xff, 0x9b, 0xff, 0x9b, 0xff, 0x9b, 0xff, 0x9b, 0xff, 0x9b, 0xff, 0x7b,
    0xff, 0x7b, 0xff, 0x7b, 0xff, 0x7b, 0xff, 0x7b, 0xff, 0x7b, 0xff, 0x7b, 0xff, 0x7b, 0xff, 0x7b,
    0xff, 0x7b, 0xff, 0x7b, 0xff, 0x5b, 0xff, 0x5b, 0xff, 0x5b, 0xff, 0x5b, 0xff, 0x5a, 0xff, 0x5a,
    0xff, 0x7b, 0xff, 0x7b, 0xff, 0x7b, 0xff, 0x7b, 0xff, 0x7b, 0xff, 0x7b, 0xff, 0x7b, 0xff, 0x7b,
    0xff, 0x7b, 0xff, 0x7b, 0xff, 0x7b, 0xff, 0x9b, 0xff, 0x9b, 0xff, 0x7b, 0xff, 0x7b, 0xff, 0x9b,
    0xff, 0x9b, 0xff, 0x9b, 0xff, 0x9b, 0xff, 0x7b, 0xff, 0x9b, 0xff, 0x9b, 0xff, 0x9b, 0xff, 0x9b,
    0xff, 0x7b, 0xff, 0x7b, 0xff, 0x7b, 0xff, 0x9b, 0xff, 0x9b, 0xff, 0x9b, 0xff, 0x9b, 0xff, 0x9b,
    0xff, 0x9b, 0xff, 0x9b, 0xff, 0x9b, 0xff, 0x9b, 0xff, 0x7b, 0xff, 0x7b, 0xff, 0x7b, 0xff, 0x7b,
    0xff, 0x7b, 0xff, 0x7b, 0xff, 0x7b, 0xff, 0x7b, 0xff, 0x7b, 0xff, 0x7b, 0xff, 0x7b, 0xff, 0x7b,
    0xff, 0x7b, 0xff, 0x7b, 0xff, 0x7b, 0xff, 0x7b, 0xff, 0x5b, 0xff, 0x5a, 0xff, 0x7b, 0xff, 0x7b,
    0xff, 0x7b, 0xff, 0x7b, 0xff, 0x7b, 0xff, 0x7b, 0xff, 0x7b, 0xff, 0x7b, 0xff, 0x7b, 0xff, 0x7b,
    0xff, 0x9b, 0xff, 0x9b, 0xff, 0x9b, 0xff, 0x7b, 0xff, 0x7b, 0xff, 0x7b, 0xff, 0x7b, 0xff, 0x9b,
    0xff, 0x9b, 0xff, 0x7b, 0xff, 0x7b, 0xff, 0x7b, 0xff, 0x9b, 0xff, 0x7b, 0xff, 0x9b, 0xff, 0x9b,
    0xff, 0x9b, 0xff, 0x9b, 0xff, 0x9b, 0xff, 0x9b, 0xff, 0x9b, 0xff, 0x7b, 0xff, 0x7b, 0xff, 0x7b,
    0xff, 0x7b, 0xff, 0x7b, 0xff, 0x7c, 0xff, 0x9c, 0xff, 0x7b, 0xff, 0x7b, 0xff, 0x7b, 0xff, 0x7b,
    0xff, 0x7b, 0xff, 0x7b, 0xff, 0x7b, 0xff, 0x7b, 0xff, 0x7b, 0xff, 0x7b, 0xff, 0x7b, 0xff, 0x7b,
    0xff, 0x7b, 0xff, 0x7b, 0xff, 0x7b, 0xff, 0x5b, 0xff, 0x7b, 0xff, 0x7b, 0xff, 0x7b, 0xff, 0x7b,
    0xff, 0x7b, 0xff, 0x7b, 0xff, 0x7b, 0xff, 0x7b, 0xff, 0x7b, 0xff, 0x7b, 0xff, 0x9b, 0xff, 0x9b,
    0xff, 0x7b, 0xff, 0x7b, 0xf6, 0xfa, 0xc5, 0x33, 0xee, 0xf9, 0xff, 0x7b, 0xff, 0x7b, 0xff, 0x7b,
    0xff, 0x7b, 0xff, 0x7b, 0xff, 0x7b, 0xff, 0x9b, 0xff, 0x9b, 0xff, 0x7b, 0xff, 0x7b, 0xff, 0x9b,
    0xff, 0x7b, 0xff, 0x7b, 0xff, 0x7b, 0xff, 0x7b, 0xff, 0x7b, 0xff, 0x7b, 0xff, 0x7b, 0xff, 0x5b,
    0xcd, 0x74, 0xee, 0xb8, 0xff, 0x7b, 0xff, 0x7b, 0xff, 0x9b, 0xff, 0x7b, 0xff, 0x7b, 0xff, 0x7b,
    0xff, 0x7b, 0xff, 0x7b, 0xff, 0x7b, 0xff, 0x7b, 0xff, 0x7b, 0xff, 0x7b, 0xff, 0x7b, 0xff, 0x7b,
    0xff, 0x7b, 0xff, 0x5b, 0xff, 0x7b, 0xff, 0x7b, 0xff, 0x7b, 0xff, 0x7b, 0xff, 0x7b, 0xff, 0x7b,
    0xff, 0x7b, 0xff, 0x7b, 0xff, 0x7b, 0xff, 0x9b, 0xff, 0x7c, 0xff, 0x9b, 0xff, 0x9b, 0xff, 0x5b,
    0xac, 0x70, 0x59, 0x85, 0xdd, 0xf6, 0xff, 0x5b, 0xff, 0x7b, 0xff, 0x7b, 0xff, 0x7b, 0xff, 0x7b,
    0xff, 0x7b, 0xff, 0x7b, 0xff, 0x9b, 0xff, 0x7b, 0xff, 0x7b, 0xff, 0x7b, 0xff, 0x7b, 0xff, 0x7b,
    0xff, 0x7b, 0xff, 0x7b, 0xff, 0x7b, 0xff, 0x7b, 0xff, 0x7b, 0xff, 0x1a, 0xa3, 0xad, 0x72, 0x68,
    0xff, 0x3a, 0xff, 0x7b, 0xff, 0x7b, 0xff, 0x7b, 0xff, 0x9b, 0xff, 0x7b, 0xff, 0x7b, 0xff, 0x7b,
    0xff, 0x7b, 0xff, 0x7b, 0xff, 0x7b, 0xff, 0x7b, 0xff, 0x7b, 0xff, 0x7b, 0xff, 0x7b, 0xff, 0x7b,
    0xff, 0x7b, 0xff, 0x7b, 0xff, 0x7b, 0xff, 0x7b, 0xff, 0x7b, 0xff, 0x7b, 0xff, 0x7b, 0xff, 0x7b,
    0xff, 0x9b, 0xff, 0x9b, 0xff, 0x9b, 0xff, 0x9b, 0xff, 0x9b, 0xff, 0x7b, 0xf6, 0xb9, 0xc4, 0xf2,
    0x9b, 0xad, 0xac, 0x4f, 0xc5, 0x32, 0xcd, 0xb4, 0xde, 0x36, 0xe6, 0xb8, 0xee, 0xd9, 0xff, 0x7b,
    0xff, 0x9b, 0xff, 0x9b, 0xff, 0x9b, 0xff, 0x9b, 0xff, 0x7b, 0xee, 0xf9, 0xee, 0xb8, 0xde, 0x57,
    0xcd, 0x94, 0xc5, 0x53, 0xc5, 0x12, 0xac, 0x0e, 0xa3, 0xce, 0xdd, 0xd5, 0xff, 0x5b, 0xff, 0x7b,
    0xff, 0x7b, 0xff, 0x9b, 0xff, 0x9b, 0xff, 0x9b, 0xff, 0x7b, 0xff, 0x7b, 0xff, 0x7b, 0xff, 0x7b,
    0xff, 0x7b, 0xff, 0x7b, 0xff, 0x7b, 0xff, 0x7b, 0xff, 0x7b, 0xff, 0x7b, 0xff, 0x7b, 0xff, 0x7b,
    0xff, 0x7b, 0xff, 0x7b, 0xff, 0x7b, 0xff, 0x7b, 0xff, 0x7b, 0xff, 0x9b, 0xff, 0x9b, 0xff, 0x9b,
    0xff, 0x9b, 0xff, 0x9b, 0xff, 0x9b, 0xff, 0x7b, 0xff, 0x7b, 0xff, 0x5b, 0xff, 0x5a, 0xff, 0x5a,
    0xff, 0x1a, 0xf6, 0xd9, 0xee, 0xd9, 0xee, 0xd9, 0xf6, 0xf9, 0xff, 0x7b, 0xff, 0x7b, 0xff, 0x9b,
    0xff, 0x9b, 0xff, 0x9b, 0xff, 0x7b, 0xf6, 0xf9, 0xee, 0xb8, 0xee, 0x98, 0xee, 0x98, 0xf6, 0xf9,
    0xff, 0x1a, 0xff, 0x3a, 0xff, 0x5b, 0xff, 0x7b, 0xff, 0x7b, 0xff, 0x7b, 0xff, 0x9b, 0xff, 0x9b,
    0xff, 0x9b, 0xff, 0x9b, 0xff, 0x9b, 0xff, 0x9b, 0xff, 0x7b, 0xff, 0x7b, 0xff, 0x7b, 0xff, 0x7b,
    0xff, 0x7b, 0xff, 0x7b, 0xff, 0x7b, 0xff, 0x7b, 0xff, 0x7b, 0xff, 0x7b, 0xff, 0x9b, 0xff, 0x9b,
    0xff, 0x9b, 0xff, 0x9b, 0xff, 0x9b, 0xff, 0x9b, 0xff, 0x9b, 0xff, 0x9b, 0xff, 0x9b, 0xff, 0x9b,
    0xff, 0x7b, 0xff, 0x7b, 0xff, 0x7b, 0xff, 0x7b, 0xff, 0x7b, 0xff, 0x7b, 0xff, 0x7b, 0xff, 0x9b,
    0xff, 0x9b, 0xff, 0x7b, 0xff, 0x7b, 0xff, 0x7b, 0xff, 0x7b, 0xff, 0x7b, 0xff, 0x7b, 0xff, 0x9b,
    0xff, 0x7b, 0xff, 0x7b, 0xff, 0x7b, 0xff, 0x7b, 0xff, 0x7b, 0xff, 0x7b, 0xff, 0x7b, 0xff, 0x7b,
    0xff, 0x7b, 0xff, 0x7b, 0xff, 0x7b, 0xff, 0x9b, 0xff, 0x9b, 0xff, 0x9b, 0xff, 0x9b, 0xff, 0x9b,
    0xff, 0x9b, 0xff, 0x9b, 0xff, 0x9b, 0xff, 0x9b, 0xff, 0x9b, 0xff, 0x7b, 0xff, 0x7b, 0xff, 0x7b,
    0xff, 0x7b, 0xff, 0x7b, 0xff, 0x9b, 0xff, 0x9b, 0xff, 0x9b, 0xff, 0x9b, 0xff, 0x9b, 0xff, 0x9b,
    0xff, 0x9b, 0xff, 0x9b, 0xff, 0x9b, 0xff, 0x9b, 0xff, 0x9b, 0xff, 0x9b, 0xff, 0x9b, 0xff, 0x9b,
    0xff, 0x9b, 0xff, 0x9b, 0xff, 0x9b, 0xff, 0x9b, 0xff, 0x9b, 0xff, 0x9b, 0xff, 0x9b, 0xff, 0x9b,
    0xff, 0x9b, 0xff, 0x9b, 0xff, 0x9b, 0xff, 0x7b, 0xff, 0x9b, 0xff, 0x9b, 0xff, 0x7b, 0xff, 0x7b,
    0xff, 0x7b, 0xff, 0x9b, 0xff, 0x9b, 0xff, 0x9b, 0xff, 0x9b, 0xff, 0x9b, 0xff, 0x7b, 0xff, 0x7b,
    0xff, 0x7b, 0xff, 0x9b, 0xff, 0x9b, 0xff, 0x9b, 0xff, 0x9b, 0xff, 0x9b, 0xff, 0x9b, 0xff, 0x9b,
    0xff, 0x9b, 0xff, 0x9b, 0xff, 0x9b, 0xff, 0x9b, 0xff, 0x7b, 0xff, 0x7b, 0xff, 0x7b, 0xff, 0x7b,
    0xff, 0x9b, 0xff, 0x9b, 0xff, 0x9b, 0xff, 0x9b, 0xff, 0x9b, 0xff, 0x9b, 0xff, 0x9b, 0xff, 0x9b,
    0xff, 0x9b, 0xff, 0x9b, 0xff, 0x9b, 0xff, 0x9b, 0xff, 0x9b, 0xff, 0x9b, 0xff, 0x9b, 0xff, 0x9b,
    0xff, 0x9b, 0xff, 0x9b, 0xff, 0x9b, 0xff, 0x9b, 0xff, 0x9b, 0xff, 0x9b, 0xff, 0x9b, 0xff, 0x9b,
    0xff, 0x9b, 0xff, 0x9b, 0xff, 0x9b, 0xff, 0x9b, 0xff, 0x9b, 0xff, 0x9b, 0xff, 0x9b, 0xff, 0x9b,
    0xff, 0x9b, 0xff, 0x9b, 0xff, 0x9b, 0xff, 0x9b, 0xff, 0x9b, 0xff, 0x9b, 0xff, 0x9b, 0xff, 0x9b,
    0xff, 0x9b, 0xff, 0x9b, 0xff, 0x9b, 0xff, 0x9b, 0xff, 0x9b, 0xff, 0x9b, 0xff, 0x9b, 0xff, 0x9b,
    0xff, 0x9b, 0xff, 0x9b, 0xff, 0x9b, 0xff, 0x9b, 0xff, 0x9b, 0xff, 0x9b, 0xff, 0x9b, 0xff, 0x9b,
    0xff, 0x9b, 0xff, 0x9b, 0xff, 0x9b, 0xff, 0x9b, 0xff, 0x9b, 0xff, 0x9b, 0xff, 0x9b, 0xff, 0x9b,
    0xff, 0x9b, 0xff, 0x9b, 0xff, 0x9b, 0xff, 0x9b, 0xff, 0x9b, 0xff, 0x9b, 0xff, 0x9b, 0xff, 0x9b,
    0xff, 0x9b, 0xff, 0x9b, 0xff, 0x9b, 0xff, 0x9b, 0xff, 0x9b, 0xff, 0x9b, 0xff, 0x9b, 0xff, 0x7b,
    0xff, 0x9b, 0xff, 0x9b, 0xff, 0x9b, 0xff, 0x9b, 0xff, 0x9b, 0xff, 0x9b, 0xff, 0x9b, 0xff, 0x9b,
    0xff, 0x9b, 0xff, 0x9b, 0xff, 0x9b, 0xff, 0x9b, 0xff, 0x9b, 0xff, 0x9b, 0xff, 0x9b, 0xff, 0x9b,
    0xff, 0x9b, 0xff, 0x9b, 0xff, 0x9b, 0xff, 0x9b, 0xff, 0x9b, 0xff, 0x9b, 0xff, 0x9b, 0xff, 0x9b,
    0xff, 0x9b, 0xff, 0x9b, 0xff, 0x9b, 0xff, 0x9b, 0xff, 0x9b, 0xff, 0x9b, 0xff, 0x9b, 0xff, 0x7b,
    0xff, 0x9b, 0xff, 0x9b, 0xff, 0x9b, 0xff, 0x9b, 0xff, 0x9b, 0xff, 0x9b, 0xff, 0x9b, 0xff, 0x9b,
    0xff, 0x9b, 0xff, 0x9b, 0xff, 0x9b, 0xff, 0x9b, 0xff, 0x9b, 0xff, 0x9b, 0xff, 0x9b, 0xff, 0x9b,
    0xff, 0x9b, 0xff, 0x9b, 0xff, 0x9b, 0xff, 0x9b, 0xff, 0x9b, 0xff, 0x9b, 0xff, 0x9b, 0xff, 0x9b,
    0xff, 0x9b, 0xff, 0x9b, 0xff, 0x9b, 0xff, 0x9b, 0xff, 0x9b, 0xff, 0x9b, 0xff, 0x9b, 0xff, 0x9b,
    0xff, 0x9b, 0xff, 0x9b, 0xff, 0x9b, 0xff, 0x9b, 0xff, 0x9b, 0xff, 0x9b, 0xff, 0x9b, 0xff, 0x9b,
    0xff, 0x9b, 0xff, 0x9b, 0xff, 0x9b, 0xff, 0x9b, 0xff, 0x9b, 0xff, 0x9b, 0xff, 0x9b, 0xff, 0x9b,
    0xff, 0x9b, 0xff, 0x9b, 0xff, 0x9b, 0xff, 0x9b, 0xff, 0x9b, 0xff, 0x7b, 0xff, 0x9b, 0xff, 0x9b,
    0xff, 0x9b, 0xff, 0x9b, 0xff, 0x9b, 0xff, 0x9b, 0xff, 0x9b, 0xff, 0x9b, 0xff, 0x9b, 0xff, 0x9b,
    0xff, 0x9b, 0xff, 0x9b, 0xff, 0x9b, 0xff, 0x9b, 0xff, 0x9b, 0xff, 0x9b, 0xff, 0x9b, 0xff, 0x9b,
    0xff, 0x9b, 0xff, 0x9b, 0xff, 0x9b, 0xff, 0x7b, 0xff, 0x9b, 0xff, 0x9b, 0xff, 0x9b, 0xff, 0x9b,
    0xff, 0x9b, 0xff, 0x9b, 0xff, 0x9b, 0xff, 0x9b, 0xff, 0x9b, 0xff, 0x9b, 0xff, 0x9b, 0xff, 0x9b,
    0xff, 0x9b, 0xff, 0x9b, 0xff, 0x9b, 0xff, 0x9b, 0xff, 0x9b, 0xff, 0x9b, 0xff, 0x9b, 0xff, 0x9b,
    0xff, 0x9b, 0xff, 0x9b, 0xff, 0x9b, 0xff, 0x9b, 0xff, 0x9b, 0xff, 0x9b, 0xff, 0x9b, 0xff, 0x9b,
    0xff, 0x7b, 0xff, 0x9b, 0xff, 0x9b, 0xff, 0x9b, 0xff, 0x9b, 0xff, 0x9b, 0xff, 0x9b, 0xff, 0x9b,
    0xff, 0x9b, 0xff, 0x9b, 0xff, 0x9b, 0xff, 0x9b, 0xff, 0x9b, 0xff, 0x9b, 0xff, 0x9b, 0xff, 0x9b,
    0xff, 0x9b, 0xff, 0x9b, 0xff, 0x9b, 0xff, 0x9b, 0xff, 0x9b, 0xff, 0x9b, 0xff, 0x9b, 0xff, 0x9b,
    0xff, 0x9b, 0xff, 0x9b, 0xff, 0x9b, 0xff, 0x9b, 0xff, 0x9b, 0xff, 0x9b, 0xff, 0x9b, 0xff, 0x9b,
    0xff, 0x9b, 0xff, 0x9b, 0xff, 0x9b, 0xff, 0x9b, 0xff, 0x9b, 0xff, 0x9b, 0xff, 0x9b, 0xff, 0x9b,
    0xff, 0x9b, 0xff, 0x9b, 0xff, 0x9b, 0xff, 0x9b, 0xff, 0x9b, 0xff, 0x9b, 0xff, 0x9b, 0xff, 0x9b,
    0xff, 0x9b, 0xff, 0x9b, 0xff, 0x9b, 0xff, 0x7b, 0xff, 0x7b, 0xff, 0x7b, 0xff, 0x7b, 0xff, 0x7b,
    0xff, 0x9b, 0xff, 0x9b, 0xff, 0x9b, 0xff, 0x9b, 0xff, 0x9b, 0xff, 0x9b, 0xff, 0x9b, 0xff, 0x9b,
    0xff, 0x9b, 0xff, 0x9b, 0xff, 0x9b, 0xff, 0x9b, 0xff, 0x9b, 0xff, 0x9b, 0xff, 0x9b, 0xff, 0x9b,
    0xff, 0x9b, 0xff, 0x9b, 0xff, 0x9b, 0xff, 0x9b, 0xff, 0x9b, 0xff, 0x9b, 0xff, 0x9b, 0xff, 0x9b,
    0xff, 0x7b, 0xff, 0x9b, 0xff, 0x9b, 0xff, 0x9b, 0xff, 0x9b, 0xff, 0x9b, 0xff, 0x9b, 0xff, 0x9b,
    0xff, 0x9b, 0xff, 0x9b, 0xff, 0x9b, 0xff, 0x9b, 0xff, 0x9b, 0xff, 0x9b, 0xff, 0x9b, 0xff, 0x9b,
    0xff, 0x9b, 0xff, 0x9b, 0xff, 0x9b, 0xff, 0x9b, 0xff, 0x9b, 0xff, 0x9b, 0xff, 0x9b, 0xff, 0x9b,
    0xff, 0x7b, 0xff, 0x7b, 0xff, 0x7b, 0xff, 0x7b,
};

const lv_img_dsc_t avatar_asset_mouth_closed = {
    .header.always_zero = 0,
    .header.w = 54,
    .header.h = 34,
    .header.cf = LV_IMG_CF_TRUE_COLOR_CHROMA_KEYED,
    .data_size = sizeof(mouth_closed_map),
    .data = mouth_closed_map,
};

static const uint8_t mouth_half_map[] = {
    0xfe, 0x97, 0xf6, 0x76, 0xfe, 0xb7, 0xfe, 0xd8, 0xfe, 0xd8, 0xfe, 0xf9, 0xff, 0x19, 0xff, 0x3a,
    0xff, 0x3a, 0xff, 0x5a, 0xff, 0x5b, 0xff, 0x7b, 0xff, 0x7b, 0xff, 0x7b, 0xff, 0x7b, 0xff, 0x7b,
    0xff, 0x7b, 0xff, 0x7b, 0xff, 0x7b, 0xff, 0x7b, 0xff, 0x7b, 0xff, 0x5b, 0xff, 0x5b, 0xff, 0x5b,
    0xff, 0x5b, 0xff, 0x5b, 0xff, 0x7b, 0xff, 0x7b, 0xff, 0x7b, 0xff, 0x7b, 0xff, 0x7b, 0xff, 0x7b,
    0xff, 0x9b, 0xff, 0x9b, 0xff, 0x7b, 0xff, 0x7b, 0xff, 0x7b, 0xff, 0x7b, 0xff, 0x7b, 0xff, 0x7b,
    0xff, 0x5b, 0xff, 0x5a, 0xff, 0x5a, 0xff, 0x3a, 0xff, 0x1a, 0xff, 0x19, 0xfe, 0xf9, 0xfe, 0xd8,
    0xfe, 0xb8, 0xfe, 0x97, 0xfe, 0x77, 0xfe, 0x97, 0xf6, 0x56, 0xfe, 0x76, 0xfe, 0x97, 0xf6, 0x56,
    0xfe, 0xb7, 0xfe, 0xb8, 0xfe, 0xd8, 0xfe, 0xf9, 0xff, 0x19, 0xff, 0x1a, 0xff, 0x3a, 0xff, 0x5a,
    0xff, 0x5b, 0xff, 0x7b, 0xff, 0x7b, 0xff, 0x7b, 0xff, 0x7b, 0xff, 0x7b, 0xff, 0x7b, 0xff, 0x7b,
    0xff, 0x7b, 0xff, 0x7b, 0xff, 0x7b, 0xff, 0x5b, 0xff, 0x5a, 0xff, 0x5a, 0xff, 0x5a, 0xff, 0x5b,
    0xff, 0x7b, 0xff, 0x7b, 0xff, 0x7b, 0xff, 0x7b, 0xff, 0x7c, 0xff, 0x9b, 0xff, 0x7c, 0xff, 0x9c,
    0xff, 0x7b, 0xff, 0x7b, 0xff, 0x7b, 0xff, 0x7b, 0xff, 0x7b, 0xff, 0x7b, 0xff, 0x5b, 0xff, 0x5b,
    0xff, 0x5a, 0xff, 0x3a, 0xff, 0x19, 0xff, 0x19, 0xfe, 0xf9, 0xfe, 0xd8, 0xfe, 0xb8, 0xfe, 0x97,
    0xfe, 0x77, 0xfe, 0x77, 0xf6, 0x56, 0xfe, 0x56, 0xfe, 0x97, 0xf6, 0x56, 0xfe, 0xb7, 0xfe, 0xb8,
    0xfe, 0xb8, 0xfe, 0xf9, 0xff, 0x19, 0xff, 0x1a, 0xff, 0x3a, 0xff, 0x5a, 0xff, 0x5b, 0xff, 0x7b,
    0xff, 0x7b, 0xff, 0x7b, 0xff, 0x7b, 0xff, 0x7b, 0xff, 0x7b, 0xff, 0x7b, 0xff, 0x7b, 0xff, 0x7b,
    0xff, 0x7b, 0xff, 0x5b, 0xff, 0x5b, 0xff, 0x5a, 0xff, 0x5b, 0xff, 0x5b, 0xff, 0x7b, 0xff, 0x7b,
    0xff, 0x7b, 0xff, 0x7c, 0xff, 0x9c, 0xff, 0x9c, 0xff, 0x9c, 0xff, 0x9c, 0xff, 0x9c, 0xff, 0x9b,
    0xff, 0x7b, 0xff, 0x7b, 0xff, 0x7b, 0xff, 0x7b, 0xff, 0x5b, 0xff, 0x5a, 0xff, 0x5a, 0xff, 0x3a,
    0xff, 0x19, 0xff, 0x19, 0xfe, 0xf9, 0xfe, 0xd8, 0xfe, 0xb8, 0xfe, 0x97, 0xfe, 0x77, 0xfe, 0x77,
    0xfe, 0x56, 0xf6, 0x56, 0xfe, 0x97, 0xf6, 0x76, 0xfe, 0xb7, 0xfe, 0xb8, 0xfe, 0xb8, 0xfe, 0xf9,
    0xff, 0x19, 0xff, 0x19, 0xff, 0x3a, 0xff, 0x5a, 0xff, 0x5b, 0xff, 0x7b, 0xff, 0x7b, 0xff, 0x7b,
    0xff, 0x7b, 0xff, 0x7b, 0xff, 0x7b, 0xff, 0x7b, 0xff, 0x7b, 0xff, 0x7b, 0xff, 0x5b, 0xff, 0x5b,
    0xff, 0x5b, 0xff, 0x5b, 0xff, 0x5b, 0xff, 0x7b, 0xff, 0x7b, 0xff, 0x9b, 0xff, 0x9b, 0xff, 0x9c,
    0xff, 0x9c, 0xff, 0x9c, 0xff, 0x9c, 0xff, 0x9c, 0xff, 0x9c, 0xff, 0x9b, 0xff, 0x7b, 0xff, 0x7b,
    0xff, 0x7b, 0xff, 0x7b, 0xff, 0x5b, 0xff, 0x5b, 0xff, 0x5a, 0xff, 0x3a, 0xff, 0x1a, 0xff, 0x19,
    0xfe, 0xf8, 0xfe, 0xd8, 0xfe, 0xb7, 0xfe, 0x97, 0xfe, 0x97, 0xfe, 0x76, 0xfe, 0x56, 0xf6, 0x56,
    0xfe, 0x97, 0xf6, 0x77, 0xfe, 0xb7, 0xfe, 0xb8, 0xfe, 0xb8, 0xfe, 0xf9, 0xff, 0x19, 0xff, 0x1a,
    0xff, 0x3a, 0xff, 0x5a, 0xff, 0x5b, 0xff, 0x7b, 0xff, 0x7b, 0xff, 0x7b, 0xff, 0x7b, 0xff, 0x9c,
    0xff, 0x9c, 0xff, 0x7c, 0xff, 0x7c, 0xff, 0x7b, 0xf7, 0x1a, 0xf6, 0xf9, 0xff, 0x5b, 0xff, 0x5b,
    0xff, 0x7b, 0xff, 0x7b, 0xff, 0x9b, 0xff, 0x9c, 0xff, 0x9c, 0xff, 0x9c, 0xff, 0x9c, 0xff, 0x9c,
    0xff, 0x9c, 0xff, 0x9c, 0xff, 0x9c, 0xff, 0x9c, 0xff, 0x9b, 0xff, 0x7b, 0xff, 0x7b, 0xff, 0x7b,
    0xff, 0x7b, 0xff, 0x5b, 0xff, 0x5a, 0xff, 0x3a, 0xff, 0x1a, 0xff, 0x19, 0xfe, 0xf9, 0xfe, 0xd8,
    0xfe, 0xb8, 0xfe, 0x97, 0xfe, 0x77, 0xfe, 0x77, 0xfe, 0x76, 0xf6, 0x56, 0xfe, 0x97, 0xf6, 0x77,
    0xfe, 0xb8, 0xfe, 0xb8, 0xfe, 0xb8, 0xfe, 0xf9, 0xff, 0x19, 0xff, 0x3a, 0xff, 0x5a, 0xff, 0x5b,
    0xff, 0x7b, 0xff, 0x7b, 0xff, 0x7b, 0xff, 0x7b, 0xff, 0x9b, 0xff, 0x9c, 0xff, 0x9c, 0xff, 0x9c,
    0xff, 0x9b, 0xff, 0x7b, 0xe6, 0x77, 0xc5, 0x94, 0xff, 0x7b, 0xff, 0x5b, 0xff, 0x7b, 0xff, 0x7c,
    0xff, 0x9c, 0xff, 0x9c, 0xff, 0x9c, 0xff, 0x9c, 0xff, 0x9c, 0xff, 0x9c, 0xff, 0x9c, 0xff, 0x9c,
    0xff, 0x9c, 0xff, 0x9c, 0xff, 0x9b, 0xff, 0x9b, 0xff, 0x7b, 0xff, 0x7b, 0xff, 0x7b, 0xff, 0x5b,
    0xff, 0x5a, 0xff, 0x3a, 0xff, 0x3a, 0xff, 0x19, 0xfe, 0xf9, 0xfe, 0xd8, 0xfe, 0xb8, 0xfe, 0x97,
    0xfe, 0x77, 0xfe, 0x97, 0xfe, 0x76, 0xf6, 0x56, 0xfe, 0xb7, 0xf6, 0x77, 0xfe, 0xb8, 0xfe, 0xb8,
    0xfe, 0xd8, 0xfe, 0xf9, 0xff, 0x19, 0xff, 0x3a, 0xff, 0x5a, 0xff, 0x5b, 0xff, 0x7b, 0xff, 0x7b,
    0xff, 0x7b, 0xff, 0x9b, 0xff, 0x9c, 0xff, 0x9c, 0xff, 0x9c, 0xff, 0x9c, 0xff, 0x9c, 0xff, 0x7b,
    0xf7, 0x3a, 0xde, 0x77, 0xff, 0x7b, 0xff, 0x7b, 0xff, 0x7b, 0xff, 0x9c, 0xff, 0x9c, 0xff, 0x9c,
    0xff, 0x9c, 0xff, 0x9c, 0xff, 0x9c, 0xff, 0x9c, 0xff, 0x9c, 0xff, 0x9c, 0xff, 0x9c, 0xff, 0x9c,
    0xff, 0x9c, 0xff, 0x9b, 0xff, 0x7b, 0xff, 0x7b, 0xff, 0x7b, 0xff, 0x5b, 0xff, 0x5a, 0xff, 0x3a,
    0xff, 0x3a, 0xff, 0x19, 0xfe, 0xf9, 0xfe, 0xd8, 0xfe, 0xd8, 0xfe, 0xb7, 0xf6, 0x76, 0xfe, 0x97,
    0xfe, 0x76, 0xfe, 0x76, 0xfe, 0xb7, 0xfe, 0x97, 0xfe, 0xd8, 0xfe, 0xb8, 0xfe, 0xf9, 0xff, 0x19,
    0xff, 0x1a, 0xff, 0x3a, 0xff, 0x5b, 0xff, 0x7b, 0xff, 0x7b, 0xff, 0x7b, 0xff, 0x9b, 0xff, 0x9c,
    0xff, 0x9c, 0xff, 0x9c, 0xff, 0x9c, 0xff, 0x9c, 0xff, 0x9c, 0xff, 0x9c, 0xff, 0x7c, 0xff, 0x7c,
    0xff, 0x9c, 0xff, 0x9c, 0xff, 0x9c, 0xff, 0x9c, 0xff, 0x9c, 0xff, 0x9c, 0xff, 0x9c, 0xff, 0x9c,
    0xff, 0x9c, 0xff, 0x9c, 0xff, 0x9c, 0xff, 0x9c, 0xff, 0x9c, 0xff, 0x9c, 0xff, 0x9b, 0xff, 0x9b,
    0xff, 0x7b, 0xff, 0x7b, 0xff, 0x7b, 0xff, 0x5b, 0xff, 0x5b, 0xff, 0x5a, 0xff, 0x3a, 0xff, 0x1a,
    0xfe, 0xf9, 0xfe, 0xf9, 0xfe, 0xd8, 0xfe, 0xb8, 0xf6, 0x77, 0xfe, 0x97, 0xf6, 0x77, 0xfe, 0x97,
    0xf6, 0x97, 0xfe, 0xd8, 0xfe, 0xd8, 0xfe, 0xd8, 0xfe, 0xf9, 0xff, 0x19, 0xff, 0x3a, 0xff, 0x5a,
    0xff, 0x5b, 0xff, 0x7b, 0xff, 0x7b, 0xff, 0x7b, 0xff, 0x9c, 0xff, 0x9c, 0xff, 0x9c, 0xff, 0x9c,
    0xff, 0x9c, 0xff, 0x9c, 0xff, 0x9c, 0xff, 0x9c, 0xff, 0x9c, 0xff, 0x9c, 0xff, 0x9c, 0xff, 0x9c,
    0xff, 0x9c, 0xff, 0x9c, 0xff, 0x9c, 0xff, 0x9c, 0xff, 0x9c, 0xff, 0x9c, 0xff, 0x9c, 0xff, 0x9c,
    0xff, 0x9c, 0xff, 0x9c, 0xff, 0x9c, 0xff, 0x9c, 0xff, 0x9c, 0xff, 0x9b, 0xff, 0x7b, 0xff, 0x7b,
    0xff, 0x7b, 0xff, 0x5b, 0xff, 0x5b, 0xff, 0x5a, 0xff, 0x3a, 0xff, 0x3a, 0xff, 0x19, 0xfe, 0xf9,
    0xfe, 0xd8, 0xfe, 0xd8, 0xfe, 0xb7, 0xfe, 0xb8, 0xf6, 0x77, 0xfe, 0x97, 0xfe, 0xb8, 0xfe, 0xd8,
    0xfe, 0xd9, 0xfe, 0xf9, 0xff, 0x19, 0xff, 0x3a, 0xff, 0x3a, 0xff, 0x5b, 0xff, 0x7b, 0xff, 0x7b,
    0xff, 0x7b, 0xff, 0x9c, 0xff, 0x9c, 0xff, 0x9c, 0xff, 0x9c, 0xff, 0x9c, 0xff, 0x9c, 0xff, 0x9c,
    0xff, 0x9c, 0xff, 0x9c, 0xff, 0x9c, 0xff, 0x9c, 0xff, 0x9c, 0xff, 0x9c, 0xff, 0x9c, 0xff, 0x9c,
    0xff, 0x9c, 0xff, 0x9c, 0xff, 0x9c, 0xff, 0x9c, 0xff, 0x9c, 0xff, 0x9c, 0xff, 0x9c, 0xff, 0x9c,
    0xff, 0x9c, 0xff, 0x9c, 0xff, 0x9c, 0xff, 0x9b, 0xff, 0x9b, 0xff, 0x7b, 0xff, 0x7b, 0xff, 0x5b,
    0xff, 0x5b, 0xff, 0x5a, 0xff, 0x5a, 0xff, 0x3a, 0xff, 0x19, 0xfe, 0xf9, 0xfe, 0xf9, 0xfe, 0xd8,
    0xfe, 0xd8, 0xfe, 0xd8, 0xfe, 0x97, 0xfe, 0x97, 0xfe, 0xd8, 0xfe, 0xf9, 0xfe, 0xf9, 0xff, 0x19,
    0xff, 0x3a, 0xff, 0x3a, 0xff, 0x5b, 0xff, 0x7b, 0xff, 0x7b, 0xff, 0x7b, 0xff, 0x9c, 0xff, 0x9c,
    0xff, 0x9c, 0xff, 0x9c, 0xff, 0x9c, 0xff, 0x9c, 0xff, 0x9c, 0xff, 0x9c, 0xff, 0x9c, 0xff, 0x9c,
    0xff, 0x9c, 0xff, 0x9c, 0xff, 0x9c, 0xff, 0x9c, 0xff, 0x9c, 0xff, 0x9c, 0xff, 0x9c, 0xff, 0x9c,
    0xff, 0x9c, 0xff, 0x9c, 0xff, 0x9c, 0xff, 0x9c, 0xff, 0x9c, 0xff, 0x9c, 0xff, 0x9c, 0xff, 0x9c,
    0xff, 0x9c, 0xff, 0x9b, 0xff, 0x9b, 0xff, 0x7b, 0xff, 0x7b, 0xff, 0x7b, 0xff, 0x5b, 0xff, 0x5b,
    0xff, 0x5a, 0xff, 0x3a, 0xff, 0x3a, 0xff, 0x19, 0xfe, 0xf9, 0xfe, 0xf9, 0xfe, 0xd8, 0xfe, 0xd8,
    0xfe, 0xb8, 0xfe, 0xb7, 0xfe, 0xf9, 0xfe, 0xf9, 0xff, 0x19, 0xff, 0x1a, 0xff, 0x3a, 0xff, 0x5a,
    0xff, 0x5b, 0xff, 0x7b, 0xff, 0x7b, 0xff, 0x9c, 0xff, 0x9b, 0xff, 0x9c, 0xff, 0x9c, 0xff, 0x9c,
    0xff, 0x9c, 0xff, 0x9c, 0xff, 0x9c, 0xff, 0x9c, 0xff, 0x9c, 0xff, 0x9c, 0xff, 0x9c, 0xff, 0x9c,
    0xff, 0x9c, 0xff, 0x9c, 0xff, 0x9c, 0xff, 0x9c, 0xff, 0x9c, 0xff, 0x9c, 0xff, 0x9c, 0xff, 0x9c,
    0xff, 0x9c, 0xff, 0x9c, 0xff, 0x9c, 0xff, 0x9c, 0xff, 0x9c, 0xff, 0x9c, 0xff, 0x9c, 0xff, 0x9c,
    0xff, 0x9b, 0xff, 0x9b, 0xff, 0x7b, 0xff, 0x7b, 0xff, 0x5b, 0xff, 0x5b, 0xff, 0x5b, 0xff, 0x3a,
    0xff, 0x3a, 0xff, 0x1a, 0xff, 0x19, 0xfe, 0xf9, 0xfe, 0xf9, 0xfe, 0xd9, 0xfe, 0xd8, 0xfe, 0xd8,
    0xfe, 0xf9, 0xff, 0x19, 0xff, 0x1a, 0xff, 0x3a, 0xff, 0x5a, 0xff, 0x5b, 0xff, 0x7b, 0xff, 0x7b,
    0xff, 0x7b, 0xff, 0x9c, 0xff, 0x9c, 0xff, 0x9c, 0xff, 0x9c, 0xff, 0x9c, 0xff, 0x9c, 0xff, 0x9c,
    0xff, 0x9c, 0xff, 0x9c, 0xff, 0x9c, 0xff, 0x9c, 0xff, 0x9c, 0xff, 0x9c, 0xff, 0x9c, 0xff, 0x9c,
    0xff, 0x9c, 0xff, 0x9c, 0xff, 0x9c, 0xff, 0x9c, 0xff, 0x9c, 0xff, 0x9c, 0xff, 0x9c, 0xff, 0x9c,
    0xff, 0x9c, 0xff, 0x9c, 0xff, 0x9c, 0xff, 0x9c, 0xff, 0x9c, 0xff, 0x9c, 0xff, 0x9b, 0xff, 0x9b,
    0xff, 0x7b, 0xff, 0x7b, 0xff, 0x7b, 0xff, 0x5b, 0xff, 0x5b, 0xff, 0x5b, 0xff, 0x3a, 0xff, 0x3a,
    0xff, 0x1a, 0xff, 0x19, 0xfe, 0xf9, 0xfe, 0xf9, 0xfe, 0xf9, 0xfe, 0xd8, 0xff, 0x19, 0xff, 0x19,
    0xff, 0x3a, 0xff, 0x3a, 0xff, 0x5b, 0xff, 0x7b, 0xff, 0x7b, 0xff, 0x9b, 0xff, 0x9c, 0xff, 0x9c,
    0xff, 0x9c, 0xff, 0x9c, 0xff, 0x9c, 0xff, 0x9c, 0xff, 0x9c, 0xff, 0x9c, 0xff, 0x9c, 0xff, 0x9c,
    0xff, 0x9c, 0xff, 0x9c, 0xff, 0x9c, 0xff, 0x9c, 0xff, 0x9c, 0xff, 0x9c, 0xff, 0x9c, 0xff, 0x9c,
    0xff, 0x9c, 0xff, 0x9c, 0xff, 0x9c, 0xff, 0x9c, 0xff, 0x9c, 0xff, 0x9c, 0xff, 0x9c, 0xff, 0x9c,
    0xff, 0x9c, 0xff, 0x9c, 0xff, 0x9c, 0xff, 0x9c, 0xff, 0x9b, 0xff, 0x9b, 0xff, 0x9b, 0xff, 0x7b,
    0xff, 0x7b, 0xff, 0x7b, 0xff, 0x5b, 0xff, 0x5b, 0xff, 0x5a, 0xff, 0x3a, 0xff, 0x3a, 0xff, 0x1a,
    0xff, 0x19, 0xfe, 0xf9, 0xfe, 0xf9, 0xfe, 0xf9, 0xff, 0x19, 0xff, 0x3a, 0xff, 0x3a, 0xff, 0x5a,
    0xff, 0x7b, 0xff, 0x7b, 0xff, 0x7b, 0xff, 0x9c, 0xff, 0x9b, 0xff, 0x9c, 0xff, 0x9c, 0xff, 0x9c,
    0xff, 0x9c, 0xff, 0x9c, 0xff, 0x9c, 0xff, 0x9c, 0xff, 0x9c, 0xff, 0x9c, 0xff, 0x9c, 0xff, 0x9c,
    0xff, 0x9c, 0xff, 0x9c, 0xff, 0x9c, 0xff, 0x9c, 0xff, 0x9c, 0xff, 0x9c, 0xff, 0x9c, 0xff, 0x9c,
    0xff, 0x9c, 0xff, 0x9c, 0xff, 0x9c, 0xff, 0x9c, 0xff, 0x9c, 0xff, 0x9c, 0xff, 0x9c, 0xff, 0x9c,
    0xff, 0x9c, 0xff, 0x9c, 0xff, 0x9b, 0xff, 0x9b, 0xff, 0x9b, 0xff, 0x9b, 0xff, 0x7b, 0xff, 0x7b,
    0xff, 0x7b, 0xff, 0x5b, 0xff, 0x5b, 0xff, 0x5a, 0xff, 0x3a, 0xff, 0x3a, 0xff, 0x3a, 0xff, 0x19,
    0xff, 0x19, 0xfe, 0xf9, 0xff, 0x3a, 0xff, 0x3a, 0xff, 0x5a, 0xff, 0x5b, 0xff, 0x7b, 0xff, 0x7b,
    0xff, 0x9b, 0xff, 0x9c, 0xff, 0x9c, 0xff, 0x9c, 0xff, 0x9c, 0xff, 0x9c, 0xff, 0x9c, 0xff, 0x9c,
    0xff, 0x9c, 0xff, 0x9c, 0xff, 0x9c, 0xff, 0x9c, 0xff, 0x9c, 0xff, 0x9c, 0xff, 0x9c, 0xff, 0x9c,
    0xff, 0x9c, 0xff, 0x9c, 0xff, 0x9c, 0xff, 0x9c, 0xff, 0x9c, 0xff, 0x9c, 0xff, 0x9c, 0xff, 0x9c,
    0xff, 0x9c, 0xff, 0x9c, 0xff, 0x9c, 0xff, 0x9c, 0xff, 0x9c, 0xff, 0x9c, 0xff, 0x9c, 0xff, 0x9c,
    0xff, 0x9c, 0xff, 0x9c, 0xff, 0x9c, 0xff, 0x9b, 0xff, 0x7b, 0xff, 0x7b, 0xff, 0x7b, 0xff, 0x7b,
    0xff, 0x5b, 0xff, 0x5b, 0xff, 0x5a, 0xff, 0x3a, 0xff, 0x3a, 0xff, 0x3a, 0xff, 0x1a, 0xff, 0x19,
    0xff, 0x3a, 0xff, 0x5a, 0xff, 0x5b, 0xff, 0x7b, 0xff, 0x7b, 0xff, 0x9b, 0xff, 0x9b, 0xff, 0x9c,
    0xff, 0x9c, 0xff, 0x9c, 0xff, 0x9c, 0xff, 0x9c, 0xff, 0x9c, 0xff, 0x9c, 0xff, 0x9c, 0xff, 0x9c,
    0xff, 0x9c, 0xff, 0x9c, 0xff, 0x9c, 0xff, 0x9c, 0xff, 0x9c, 0xff, 0x9c, 0xff, 0x9c, 0xff, 0x9c,
    0xff, 0x9c, 0xff, 0x9c, 0xff, 0x9c, 0xff, 0x9c, 0xff, 0x9c, 0xff, 0x9c, 0xff, 0x9c, 0xff, 0x9c,
    0xff, 0x9c, 0xff, 0x9c, 0xff, 0x9c, 0xff, 0x9c, 0xff, 0x9c, 0xff, 0x9c, 0xff, 0x9c, 0xff, 0x9c,
    0xff, 0x9c, 0xff, 0x9b, 0xff, 0x9b, 0xff, 0x7b, 0xff, 0x7b, 0xff, 0x7b, 0xff, 0x7b, 0xff, 0x5b,
    0xff, 0x5b, 0xff, 0x5b, 0xff, 0x5a, 0xff, 0x3a, 0xff, 0x3a, 0xff, 0x3a, 0xff, 0x5a, 0xff, 0x5b,
    0xff, 0x7b, 0xff, 0x7b, 0xff, 0x7b, 0xff, 0x9c, 0xff, 0x9c, 0xff, 0x9c, 0xff, 0x9c, 0xff, 0x9c,
    0xff, 0x9c, 0xff, 0x9c, 0xff, 0x9c, 0xff, 0x9c, 0xff, 0x9c, 0xff, 0x9c, 0xff, 0x9c, 0xff, 0x9c,
    0xff, 0x9c, 0xff, 0x9c, 0xff, 0x9c, 0xff, 0x9c, 0xff, 0x9c, 0xff, 0x9c, 0xff, 0x9c, 0xff, 0x9c,
    0xff, 0x9c, 0xff, 0x9c, 0xff, 0x9c, 0xff, 0x9c, 0xff, 0x9c, 0xff, 0x9c, 0xff, 0x9c, 0xff, 0x9c,
    0xff, 0x9c, 0xff, 0x9c, 0xff, 0x9c, 0xff, 0x9c, 0xff, 0x9c, 0xff, 0x9c, 0xff, 0x9c, 0xff, 0x9b,
    0xff, 0x9b, 0xff, 0x9b, 0xff, 0x7b, 0xff, 0x7b, 0xff, 0x7b, 0xff, 0x7b, 0xff, 0x5b, 0xff, 0x5b,
    0xff, 0x5b, 0xff, 0x5a, 0xff, 0x3a, 0xff, 0x3a, 0xff, 0x5b, 0xff, 0x7b, 0xff, 0x7b, 0xff, 0x7b,
    0xff, 0x7c, 0xff, 0x9c, 0xff, 0x9c, 0xff, 0x9c, 0xff, 0x9c, 0xff, 0x9c, 0xff, 0x9c, 0xff, 0x9c,
    0xff, 0x9c, 0xff, 0x9c, 0xff, 0x9c, 0xff, 0x9c, 0xff, 0x9c, 0xff, 0x9c, 0xff, 0x9c, 0xff, 0x9c,
    0xff, 0x9c, 0xff, 0x9c, 0xff, 0x9c, 0xff, 0x9c, 0xff, 0x9c, 0xff, 0x9c, 0xff, 0x9c, 0xff, 0x9c,
    0xff, 0x9c, 0xff, 0x9c, 0xff, 0x9c, 0xff, 0x9c, 0xff, 0x9c, 0xff, 0x9c, 0xff, 0x9c, 0xff, 0x9c,
    0xff, 0x9c, 0xff, 0x9c, 0xff, 0x9c, 0xff, 0x9c, 0xff, 0x9c, 0xff, 0x9b, 0xff, 0x9b, 0xff, 0x9b,
    0xff, 0x7b, 0xff, 0x7b, 0xff, 0x7b, 0xff, 0x7b, 0xff, 0x7b, 0xff, 0x5b, 0xff, 0x5b, 0xff, 0x5b,
    0xff, 0x5a, 0xff, 0x5a, 0xff, 0x7b, 0xff, 0x7b, 0xff, 0x7b, 0xff, 0x9b, 0xff, 0x9c, 0xff, 0x9c,
    0xff, 0x9c, 0xff, 0x9c, 0xff, 0x9c, 0xff, 0x9c, 0xff, 0x9c, 0xff, 0x9c, 0xff, 0x9c, 0xff, 0x9c,
    0xff, 0x9c, 0xff, 0x9c, 0xff, 0x9c, 0xff, 0x9c, 0xff, 0x9c, 0xff, 0x9c, 0xff, 0x9c, 0xff, 0x9c,
    0xff, 0x9c, 0xff, 0x9c, 0xff, 0x9c, 0xff, 0x9c, 0xff, 0x9c, 0xff, 0x9c, 0xff, 0x9c, 0xff, 0x9c,
    0xff, 0x9c, 0xff, 0x9c, 0xff, 0x9c, 0xff, 0x9c, 0xff, 0x9c, 0xff, 0x9c, 0xff, 0x9c, 0xff, 0x9c,
    0xff, 0x9c, 0xff, 0x9c, 0xff, 0x9c, 0xff, 0x9c, 0xff, 0x9c, 0xff, 0x9b, 0xff, 0x9b, 0xff, 0x9b,
    0xff, 0x7b, 0xff, 0x7b, 0xff, 0x7b, 0xff, 0x7b, 0xff, 0x7b, 0xff, 0x7b, 0xff, 0x5b, 0xff, 0x5b,
    0xff, 0x7b, 0xff, 0x7b, 0xff, 0x7b, 0xff, 0x9b, 0xff, 0x9c, 0xff, 0x9c, 0xff, 0x9c, 0xff, 0x9c,
    0xff, 0x9c, 0xff, 0x9c, 0xff, 0x9c, 0xff, 0x9c, 0xff, 0x9c, 0xff, 0x9c, 0xff, 0x9c, 0xff, 0x9c,
    0xff, 0x9c, 0xff, 0x9c, 0xff, 0x9c, 0xff, 0x7c, 0xff, 0x7c, 0xff, 0x7b, 0xff, 0x7c, 0xff, 0x7c,
    0xff, 0x7c, 0xff, 0x7c, 0xff, 0x7c, 0xff, 0x9c, 0xff, 0x9c, 0xff, 0x9c, 0xff, 0x9c, 0xff, 0x9c,
    0xff, 0x9c, 0xff, 0x9c, 0xff, 0x9c, 0xff, 0x9c, 0xff, 0x9c, 0xff, 0x9c, 0xff, 0x9c, 0xff, 0x9c,
    0xff, 0x9c, 0xff, 0x9c, 0xff, 0x9c, 0xff, 0x9c, 0xff, 0x9b, 0xff, 0x9b, 0xff, 0x9b, 0xff, 0x9b,
    0xff, 0x7b, 0xff, 0x7b, 0xff, 0x7b, 0xff, 0x7b, 0xff, 0x7b, 0xff, 0x5b, 0xff, 0x7b, 0xff, 0x7b,
    0xff, 0x7b, 0xff, 0x9c, 0xff, 0x9c, 0xff, 0x9c, 0xff, 0x9c, 0xff, 0x9c, 0xff, 0x9c, 0xff, 0x9c,
    0xff, 0x9c, 0xff, 0x9c, 0xff, 0x9c, 0xff, 0x9c, 0xff, 0x9c, 0xff, 0x9c, 0xff, 0x5b, 0xe6, 0x77,
    0xd5, 0xd5, 0xd5, 0x94, 0xcd, 0x52, 0xc4, 0xf1, 0xc4, 0xf1, 0xc4, 0xf1, 0xc4, 0xf1, 0xc4, 0xf1,
    0xc5, 0x12, 0xd5, 0xd5, 0xf7, 0x1a, 0xff, 0x9c, 0xff, 0x9c, 0xff, 0x9c, 0xff, 0x9c, 0xff, 0x9c,
    0xff, 0x9c, 0xff, 0x9c, 0xff, 0x9c, 0xff, 0x9c, 0xff, 0x9c, 0xff, 0x9c, 0xff, 0x9c, 0xff, 0x9c,
    0xff, 0x9c, 0xff, 0x9c, 0xff, 0x9b, 0xff, 0x9b, 0xff, 0x9b, 0xff, 0x9b, 0xff, 0x9b, 0xff, 0x7b,
    0xff, 0x7b, 0xff, 0x7b, 0xff, 0x7b, 0xff, 0x7b, 0xff, 0x7b, 0xff, 0x7b, 0xff, 0x9c, 0xff, 0x9c,
    0xff, 0x9c, 0xff, 0x9c, 0xff, 0x9c, 0xff, 0x9c, 0xff, 0x9c, 0xff, 0x9c, 0xff, 0x9c, 0xff, 0x9c,
    0xff, 0x9c, 0xff, 0x9c, 0xff, 0x9c, 0xf7, 0x3a, 0xac, 0x6f, 0xcc, 0x90, 0xe5, 0x12, 0xed, 0x52,
    0xf5, 0x53, 0xf5, 0x53, 0xf5, 0x52, 0xf5, 0x32, 0xf5, 0x53, 0xf5, 0x53, 0xf5, 0x53, 0xdc, 0xf1,
    0xb4, 0x2e, 0xde, 0x57, 0xff, 0x9c, 0xff, 0x9c, 0xff, 0x9c, 0xff, 0x9c, 0xff, 0x9c, 0xff, 0x9c,
    0xff, 0x9c, 0xff, 0x9c, 0xff, 0x9c, 0xff, 0x9c, 0xff, 0x9c, 0xff, 0x9c, 0xff, 0x9c, 0xff, 0x9c,
    0xff, 0x9c, 0xff, 0x9c, 0xff, 0x9c, 0xff, 0x9b, 0xff, 0x9b, 0xff, 0x9b, 0xff, 0x9b, 0xff, 0x9b,
    0xff, 0x7b, 0xff, 0x7b, 0xff, 0x7b, 0xff, 0x9b, 0xff, 0x9c, 0xff, 0x9c, 0xff, 0x9c, 0xff, 0x9c,
    0xff, 0x9c, 0xff, 0x9c, 0xff, 0x9c, 0xff, 0x9c, 0xff, 0x9c, 0xff, 0x9c, 0xff, 0x9c, 0xff, 0x9c,
    0xff, 0x9c, 0xb4, 0xf1, 0xdc, 0xf1, 0xfd, 0x53, 0xfd, 0x33, 0xfd, 0x53, 0xfd, 0x53, 0xfd, 0x53,
    0xfd, 0x53, 0xfd, 0x53, 0xfd, 0x33, 0xfd, 0x33, 0xfd, 0x53, 0xfd, 0x53, 0xf5, 0x53, 0xa3, 0xed,
    0xf7, 0x1a, 0xff, 0x9c, 0xff, 0x9c, 0xff, 0x9c, 0xff, 0x9c, 0xff, 0x9c, 0xff, 0x9c, 0xff, 0x9c,
    0xff, 0x9c, 0xff, 0x9c, 0xff, 0x9c, 0xff, 0x9c, 0xff, 0x9c, 0xff, 0x9c, 0xff, 0x9c, 0xff, 0x9c,
    0xff, 0x9c, 0xff, 0x9c, 0xff, 0x9c, 0xff, 0x9b, 0xff, 0x9b, 0xff, 0x9b, 0xff, 0x7b, 0xff, 0x7b,
    0xff, 0x7b, 0xff, 0x9c, 0xff, 0x9c, 0xff, 0x9c, 0xff, 0x9c, 0xff, 0x9c, 0xff, 0x9c, 0xff, 0x9c,
    0xff, 0x9c, 0xff, 0x9c, 0xff, 0x9c, 0xff, 0x9c, 0xff, 0x9c, 0xff, 0x9c, 0xff, 0x9c, 0xac, 0x6f,
    0xe5, 0x32, 0xfd, 0x33, 0xfd, 0x33, 0xfd, 0x53, 0xfd, 0x53, 0xfd, 0x53, 0xfd, 0x53, 0xfd, 0x53,
    0xfd, 0x53, 0xfd, 0x53, 0xfd, 0x53, 0xfd, 0x53, 0xf5, 0x53, 0xac, 0x0d, 0xee, 0xf9, 0xff, 0x9c,
    0xff, 0x9c, 0xff, 0x9c, 0xff, 0x9c, 0xff, 0x9c, 0xff, 0x9c, 0xff, 0x9c, 0xff, 0x9c, 0xff, 0x9c,
    0xff, 0x9c, 0xff, 0x9c, 0xff, 0x9c, 0xff, 0x9c, 0xff, 0x9c, 0xff, 0x9c, 0xff, 0x9c, 0xff, 0x9c,
    0xff, 0x9c, 0xff, 0x9c, 0xff, 0x9b, 0xff, 0x9b, 0xff, 0x9b, 0xff, 0x9b, 0xff, 0x9c, 0xff, 0x9c,
    0xff, 0x9c, 0xff, 0x9c, 0xff, 0x9c, 0xff, 0x9c, 0xff, 0x9c, 0xff, 0x9c, 0xff, 0x9c, 0xff, 0x9c,
    0xff, 0x9c, 0xff, 0x9c, 0xff, 0x9c, 0xff, 0x9c, 0xff, 0x9c, 0xde, 0x57, 0xbc, 0x4f, 0xed, 0x32,
    0xf5, 0x53, 0xf5, 0x53, 0xfd, 0x53, 0xfd, 0x53, 0xfd, 0x53, 0xfd, 0x53, 0xfd, 0x53, 0xfd, 0x53,
    0xfd, 0x53, 0xf5, 0x53, 0xd4, 0xf1, 0xc5, 0x11, 0xff, 0x7b, 0xff, 0x9c, 0xff, 0x9c, 0xff, 0x9c,
    0xff, 0x9c, 0xff, 0x9c, 0xff, 0x9c, 0xff, 0x9c, 0xff, 0x9c, 0xff, 0x9c, 0xff, 0x9c, 0xff, 0x9c,
    0xff, 0x9c, 0xff, 0x9c, 0xff, 0x9c, 0xff, 0x9c, 0xff, 0x9c, 0xff, 0x9c, 0xff, 0x7c, 0xff, 0x7c,
    0xff, 0x9c, 0xff, 0x9c, 0xff, 0x9b, 0xff, 0x7b, 0xff, 0x9c, 0xff, 0x9c, 0xff, 0x9c, 0xff, 0x9c,
    0xff, 0x9c, 0xff, 0x9c, 0xff, 0x9c, 0xff, 0x9c, 0xff, 0x9c, 0xff, 0x9c, 0xff, 0x9c, 0xff, 0x9c,
    0xff, 0x9c, 0xff, 0x9c, 0xff, 0x9c, 0xff, 0x7c, 0xee, 0x97, 0xe5, 0xf5, 0xf6, 0x36, 0xf5, 0xd5,
    0xf5, 0x94, 0xf5, 0x74, 0xf5, 0x74, 0xf5, 0x74, 0xf5, 0x94, 0xf5, 0xb4, 0xf5, 0xf6, 0xee, 0x16,
    0xe6, 0x16, 0xff, 0x5b, 0xff, 0x9c, 0xff, 0x9c, 0xff, 0x9c, 0xff, 0x9c, 0xff, 0x9c, 0xff, 0x9c,
    0xff, 0x9c, 0xff, 0x9c, 0xff, 0x9c, 0xff, 0x9c, 0xff, 0x9c, 0xff, 0x9c, 0xff, 0x9c, 0xff, 0x9c,
    0xff, 0x9c, 0xff, 0x9c, 0xff, 0x9c, 0xff, 0x9c, 0xff, 0x9c, 0xff, 0x9c, 0xff, 0x9c, 0xff, 0x9c,
    0xff, 0x9c, 0xff, 0x7b, 0xff, 0x9c, 0xff, 0x9c, 0xff, 0x9c, 0xff, 0x9c, 0xff, 0x9c, 0xff, 0x9c,
    0xff, 0x9c, 0xff, 0x9c, 0xff, 0x9c, 0xff, 0x9c, 0xff, 0x9c, 0xff, 0x9c, 0xff, 0x9c, 0xff, 0x9c,
    0xff, 0x9c, 0xff, 0x9c, 0xff, 0x9c, 0xff, 0x9b, 0xff, 0x7b, 0xff, 0x5b, 0xff, 0x3a, 0xff, 0x1a,
    0xfe, 0xf9, 0xfe, 0xf9, 0xff, 0x1a, 0xff, 0x3a, 0xff, 0x5b, 0xff, 0x7b, 0xff, 0x9c, 0xff, 0x9c,
    0xff, 0x9c, 0xff, 0x9c, 0xff, 0x9c, 0xff, 0x9c, 0xff, 0x9c, 0xff, 0x9c, 0xff, 0x9c, 0xff, 0x9c,
    0xff, 0x9c, 0xff, 0x9c, 0xff, 0x9c, 0xff, 0x9c, 0xff, 0x9c, 0xff, 0x9c, 0xff, 0x9c, 0xff, 0x9c,
    0xff, 0x9c, 0xff, 0x9c, 0xff, 0x9c, 0xff, 0x9c, 0xff, 0x9c, 0xff, 0x9c, 0xff, 0x9c, 0xff, 0x9b,
    0xff, 0x9c, 0xff, 0x9c, 0xff, 0x9c, 0xff, 0x9c, 0xff, 0x9c, 0xff, 0x9c, 0xff, 0x9c, 0xff, 0x9c,
    0xff, 0x9c, 0xff, 0x9c, 0xff, 0x9c, 0xff, 0x9c, 0xff, 0x9c, 0xff, 0x9c, 0xff, 0x9c, 0xff, 0x9c,
    0xff, 0x9c, 0xff, 0x9c, 0xff, 0x9c, 0xff, 0x9c, 0xff, 0x9c, 0xff, 0x9c, 0xff, 0x9b, 0xff, 0x9c,
    0xff, 0x9c, 0xff, 0x9c, 0xff, 0x9c, 0xff, 0x9c, 0xff, 0x9c, 0xff, 0x9c, 0xff, 0x9c, 0xff, 0x9c,
    0xff, 0x9c, 0xff, 0x9c, 0xff, 0x9c, 0xff, 0x9c, 0xff, 0x9c, 0xff, 0x9c, 0xff, 0x9c, 0xff, 0x9c,
    0xff, 0x9c, 0xff, 0x9c, 0xff, 0x9c, 0xff, 0x9c, 0xff, 0x9c, 0xff, 0x9c, 0xff, 0x9c, 0xff, 0x9c,
    0xff, 0x9c, 0xff, 0x9c, 0xff, 0x9c, 0xff, 0x9c, 0xff, 0x9c, 0xff, 0x9b, 0xff, 0x9c, 0xff, 0x9c,
    0xff, 0x9c, 0xff, 0x9c, 0xff, 0x9c, 0xff, 0x9c, 0xff, 0x9c, 0xff, 0x9c, 0xff, 0x9c, 0xff, 0x9c,
    0xff, 0x9c, 0xff, 0x9c, 0xff, 0x9c, 0xff, 0x9c, 0xff, 0x9c, 0xff, 0x9c, 0xff, 0x9c, 0xff, 0x9c,
    0xff, 0x9c, 0xff, 0x9c, 0xff, 0x9c, 0xff, 0x9c, 0xff, 0x9c, 0xff, 0x9c, 0xff, 0x9c, 0xff, 0x9c,
    0xff, 0x9c, 0xff, 0x9c, 0xff, 0x9c, 0xff, 0x9c, 0xff, 0x9c, 0xff, 0x9c, 0xff, 0x9c, 0xff, 0x9c,
    0xff, 0x9c, 0xff, 0x9c, 0xff, 0x9c, 0xff, 0x9c, 0xff, 0x9c, 0xff, 0x9c, 0xff, 0x9c, 0xff, 0x9c,
    0xff, 0x9c, 0xff, 0x9c, 0xff, 0x9c, 0xff, 0x9c, 0xff, 0x9c, 0xff, 0x9c, 0xff, 0x9c, 0xff, 0x9c,
    0xff, 0x9c, 0xff, 0x9c, 0xff, 0x9c, 0xff, 0x9c, 0xff, 0x9c, 0xff, 0x9c, 0xff, 0x9c, 0xff, 0x9c,
    0xff, 0x9c, 0xff, 0x9c, 0xff, 0x9c, 0xff, 0x9c, 0xff, 0x9c, 0xff, 0x9c, 0xff, 0x9c, 0xff, 0x9c,
    0xff, 0x9c, 0xff, 0x9c, 0xff, 0x9c, 0xff, 0x9c, 0xff, 0x9c, 0xff, 0x9c, 0xff, 0x9c, 0xff, 0x9c,
    0xff, 0x9c, 0xff, 0x9c, 0xff, 0x9c, 0xff, 0x9c, 0xff, 0x9c, 0xff, 0x9c, 0xff, 0x9c, 0xff, 0x9c,
    0xff, 0x9c, 0xff, 0x9c, 0xff, 0x9c, 0xff, 0x9c, 0xff, 0x9c, 0xff, 0x9c, 0xff, 0x9c, 0xff, 0x9c,
    0xff, 0x9c, 0xff, 0x9c, 0xff, 0x9c, 0xff, 0x9c, 0xff, 0x9c, 0xff, 0x9c, 0xff, 0x9c, 0xff, 0x9c,
    0xff, 0x9c, 0xff, 0x9c, 0xff, 0x9c, 0xff, 0x9c, 0xff, 0x9c, 0xff, 0x9c, 0xff, 0x9c, 0xff, 0x9c,
    0xff, 0x9c, 0xff, 0x9c, 0xff, 0x9c, 0xff, 0x9c, 0xff, 0x9c, 0xff, 0x9c, 0xff, 0x9c, 0xff, 0x9c,
    0xff, 0x9c, 0xff, 0x9c, 0xff, 0x9c, 0xff, 0x9c, 0xff, 0x9c, 0xff, 0x9c, 0xff, 0x9c, 0xff, 0x9c,
    0xff, 0x9c, 0xff, 0x9c, 0xff, 0x9c, 0xff, 0x9c, 0xff, 0x9c, 0xff, 0x9c, 0xff, 0x9c, 0xff, 0x9c,
    0xff, 0x9c, 0xff, 0x9c, 0xff, 0x9c, 0xff, 0x9c, 0xff, 0x9c, 0xff, 0x9c, 0xff, 0x9c, 0xff, 0x9c,
    0xff, 0x9c, 0xff, 0x9c, 0xff, 0x9c, 0xff, 0x9c, 0xff, 0x9c, 0xff, 0x9c, 0xff, 0x9c, 0xff, 0x9c,
    0xff, 0x9c, 0xff, 0x9c, 0xff, 0x9c, 0xff, 0x9c, 0xff, 0x9c, 0xff, 0x9c, 0xff, 0x9c, 0xff, 0x9c,
    0xff, 0x9c, 0xff, 0x9c, 0xff, 0x9c, 0xff, 0x9c, 0xff, 0x9c, 0xff, 0x9c, 0xff, 0x9b, 0xff, 0x9b,
    0xff, 0x7b, 0xff, 0x9c, 0xff, 0x9c, 0xff, 0x9c, 0xff, 0x9c, 0xff, 0x9c, 0xff, 0x9c, 0xff, 0x9c,
    0xff, 0x9c, 0xff, 0x9c, 0xff, 0x9c, 0xff, 0x9c, 0xff, 0x9c, 0xff, 0x9c, 0xff, 0x9c, 0xff, 0x9c,
    0xff, 0x9c, 0xff, 0x9c, 0xff, 0x9c, 0xff, 0x9c, 0xff, 0x9c, 0xff, 0x9c, 0xff, 0x9c, 0xff, 0x9c,
    0xff, 0x9c, 0xff, 0x9c, 0xff, 0x9c, 0xff, 0x9c, 0xff, 0x9c, 0xff, 0x9c, 0xff, 0x9c, 0xff, 0x9c,
    0xff, 0x9c, 0xff, 0x9c, 0xff, 0x9c, 0xff, 0x9c, 0xff, 0x9c, 0xff, 0x9c, 0xff, 0x9c, 0xff, 0x9c,
    0xff, 0x9c, 0xff, 0x9c, 0xff, 0x9c, 0xff, 0x9c, 0xff, 0x9c, 0xff, 0x9c, 0xff, 0x9c, 0xff, 0x9c,
    0xff, 0x9c, 0xff, 0x9c, 0xff, 0x9c, 0xff, 0x9c, 0xff, 0x9c, 0xff, 0x7b, 0xff, 0x7b, 0xff, 0x7b,
    0xff, 0x9c, 0xff, 0x9c, 0xff, 0x9c, 0xff, 0x9c, 0xff, 0x9c, 0xff, 0x9c, 0xff, 0x9c, 0xff, 0x9c,
    0xff, 0x9c, 0xff, 0x9c, 0xff, 0x9c, 0xff, 0x9c, 0xff, 0x9c, 0xff, 0x9c, 0xff, 0x9c, 0xff, 0x9c,
    0xff, 0x9c, 0xff, 0x9c, 0xff, 0x9c, 0xff, 0x9c, 0xff, 0x9c, 0xff, 0x9c, 0xff, 0x9c, 0xff, 0x9c,
    0xff, 0x9c, 0xff, 0x9c, 0xff, 0x9c, 0xff, 0x9c, 0xff, 0x9c, 0xff, 0x9c, 0xff, 0x9c, 0xff, 0x9c,
    0xff, 0x9c, 0xff, 0x9c, 0xff, 0x9c, 0xff, 0x9c, 0xff, 0x9c, 0xff, 0x9c, 0xff, 0x9c, 0xff, 0x9c,
    0xff, 0x9c, 0xff, 0x9c, 0xff, 0x9c, 0xff, 0x9c, 0xff, 0x9c, 0xff, 0x9c, 0xff, 0x9c, 0xff, 0x9c,
    0xff, 0x9c, 0xff, 0x9c, 0xff, 0x7b, 0xff, 0x7b,
};

const lv_img_dsc_t avatar_asset_mouth_half = {
    .header.always_zero = 0,
    .header.w = 54,
    .header.h = 34,
    .header.cf = LV_IMG_CF_TRUE_COLOR_CHROMA_KEYED,
    .data_size = sizeof(mouth_half_map),
    .data = mouth_half_map,
};

static const uint8_t mouth_open_map[] = {
    0xfe, 0x97, 0xf6, 0x76, 0xfe, 0xb7, 0xfe, 0xd8, 0xfe, 0xd8, 0xfe, 0xf9, 0xff, 0x19, 0xff, 0x3a,
    0xff, 0x3a, 0xff, 0x5a, 0xff, 0x5b, 0xff, 0x7b, 0xff, 0x7b, 0xff, 0x7b, 0xff, 0x7b, 0xff, 0x7b,
    0xff, 0x7b, 0xff, 0x7b, 0xff, 0x7b, 0xff, 0x7b, 0xff, 0x7b, 0xff, 0x7b, 0xff, 0x5b, 0xff, 0x5b,
    0xff, 0x5b, 0xff, 0x5b, 0xff, 0x5b, 0xff, 0x7b, 0xff, 0x7b, 0xff, 0x7b, 0xff, 0x7b, 0xff, 0x7b,
    0xff, 0x7b, 0xff, 0x9b, 0xff, 0x7b, 0xff, 0x7b, 0xff, 0x7b, 0xff, 0x7b, 0xff, 0x7b, 0xff, 0x7b,
    0xff, 0x5b, 0xff, 0x5a, 0xff, 0x5a, 0xff, 0x3a, 0xff, 0x1a, 0xff, 0x19, 0xfe, 0xf9, 0xfe, 0xd8,
    0xfe, 0xb8, 0xfe, 0x97, 0xfe, 0x77, 0xfe, 0x97, 0xf6, 0x56, 0xfe, 0x76, 0xfe, 0x97, 0xf6, 0x56,
    0xfe, 0xb7, 0xfe, 0xb8, 0xfe, 0xd8, 0xfe, 0xf9, 0xff, 0x19, 0xff, 0x1a, 0xff, 0x3a, 0xff, 0x5a,
    0xff, 0x5b, 0xff, 0x7b, 0xff, 0x7b, 0xff, 0x7b, 0xff, 0x7b, 0xff, 0x7b, 0xff, 0x7b, 0xff, 0x7b,
    0xff, 0x7b, 0xff, 0x7b, 0xff, 0x7b, 0xff, 0x7b, 0xff, 0x5b, 0xff, 0x5b, 0xff, 0x5a, 0xff, 0x5a,
    0xff, 0x5b, 0xff, 0x5b, 0xff, 0x7b, 0xff, 0x7b, 0xff, 0x7b, 0xff, 0x9b, 0xff, 0x7b, 0xff, 0x9b,
    0xff, 0x9b, 0xff, 0x9b, 0xff, 0x7b, 0xff, 0x7b, 0xff, 0x7b, 0xff, 0x7b, 0xff, 0x5b, 0xff, 0x5b,
    0xff, 0x5a, 0xff, 0x3a, 0xff, 0x19, 0xff, 0x19, 0xfe, 0xf9, 0xfe, 0xd8, 0xfe, 0xb8, 0xfe, 0x97,
    0xfe, 0x77, 0xfe, 0x77, 0xf6, 0x56, 0xfe, 0x56, 0xfe, 0x97, 0xf6, 0x56, 0xfe, 0xb7, 0xfe, 0xb8,
    0xfe, 0xb8, 0xfe, 0xf9, 0xff, 0x19, 0xff, 0x1a, 0xff, 0x3a, 0xff, 0x5a, 0xff, 0x5b, 0xff, 0x7b,
    0xff, 0x7b, 0xff, 0x7b, 0xff, 0x7b, 0xff, 0x7b, 0xff, 0x9b, 0xff, 0x7b, 0xff, 0x9b, 0xff, 0x7b,
    0xff, 0x7b, 0xff, 0x5b, 0xff, 0x5b, 0xff, 0x3a, 0xff, 0x3a, 0xff, 0x3a, 0xff, 0x5b, 0xff, 0x5b,
    0xff, 0x7b, 0xff, 0x7b, 0xff, 0x7b, 0xff, 0x9b, 0xff, 0x9b, 0xff, 0x9b, 0xff, 0x9b, 0xff, 0x9b,
    0xff, 0x7b, 0xff, 0x7b, 0xff, 0x7b, 0xff, 0x7b, 0xff, 0x5b, 0xff, 0x5b, 0xff, 0x5a, 0xff, 0x3a,
    0xff, 0x19, 0xff, 0x19, 0xfe, 0xf9, 0xfe, 0xd8, 0xfe, 0xb8, 0xfe, 0x97, 0xfe, 0x77, 0xfe, 0x77,
    0xfe, 0x56, 0xf6, 0x56, 0xfe, 0x97, 0xf6, 0x76, 0xfe, 0xb7, 0xfe, 0xb8, 0xfe, 0xb8, 0xfe, 0xf9,
    0xff, 0x19, 0xff, 0x19, 0xff, 0x3a, 0xff, 0x5a, 0xff, 0x5b, 0xff, 0x7b, 0xff, 0x7b, 0xff, 0x7b,
    0xff, 0x7b, 0xff, 0x7b, 0xff, 0x9b, 0xff, 0x9c, 0xff, 0x9b, 0xff, 0x7b, 0xff, 0x7b, 0xff, 0x5b,
    0xff, 0x5b, 0xff, 0x1a, 0xff, 0x3a, 0xff, 0x5a, 0xff, 0x5a, 0xff, 0x7b, 0xff, 0x7b, 0xff, 0x7b,
    0xff, 0x9b, 0xff, 0x9c, 0xff, 0x9c, 0xff, 0x9c, 0xff, 0x9c, 0xff, 0x9c, 0xff, 0x9b, 0xff, 0x7b,
    0xff, 0x7b, 0xff, 0x7b, 0xff, 0x7b, 0xff, 0x5b, 0xff, 0x5a, 0xff, 0x3a, 0xff, 0x1a, 0xff, 0x19,
    0xfe, 0xf8, 0xfe, 0xd8, 0xfe, 0xb7, 0xfe, 0x97, 0xfe, 0x97, 0xfe, 0x76, 0xfe, 0x56, 0xf6, 0x56,
    0xfe, 0x97, 0xf6, 0x77, 0xfe, 0xb7, 0xfe, 0xb8, 0xfe, 0xb8, 0xfe, 0xf9, 0xff, 0x19, 0xff, 0x1a,
    0xff, 0x3a, 0xff, 0x5a, 0xff, 0x5b, 0xff, 0x7b, 0xff, 0x7b, 0xff, 0x7b, 0xff, 0x7b, 0xff, 0x9c,
    0xff, 0x9c, 0xff, 0x9c, 0xff, 0x9c, 0xff, 0x7b, 0xff, 0x7b, 0xff, 0x7b, 0xff, 0x5b, 0xee, 0xb8,
    0xf7, 0x19, 0xff, 0x5a, 0xff, 0x7b, 0xff, 0x7b, 0xff, 0x7b, 0xff, 0x9b, 0xff, 0x9c, 0xff, 0x9b,
    0xff, 0x9c, 0xff, 0x9c, 0xff, 0x9c, 0xff, 0x9c, 0xff, 0x9c, 0xff, 0x7b, 0xff, 0x7b, 0xff, 0x7b,
    0xff, 0x7b, 0xff, 0x5b, 0xff, 0x5a, 0xff, 0x3a, 0xff, 0x3a, 0xff, 0x19, 0xfe, 0xf9, 0xfe, 0xd8,
    0xfe, 0xb8, 0xfe, 0x97, 0xfe, 0x77, 0xfe, 0x77, 0xfe, 0x76, 0xf6, 0x56, 0xfe, 0x97, 0xf6, 0x77,
    0xfe, 0xb8, 0xfe, 0xb8, 0xfe, 0xb8, 0xfe, 0xf9, 0xff, 0x19, 0xff, 0x3a, 0xff, 0x3a, 0xff, 0x5b,
    0xff, 0x7b, 0xff, 0x7b, 0xff, 0x7b, 0xff, 0x9b, 0xff, 0x9c, 0xff, 0x9c, 0xff, 0x9c, 0xff, 0x9c,
    0xff, 0x9c, 0xff, 0x9b, 0xff, 0x7b, 0xff, 0x7b, 0xff, 0x5b, 0xb4, 0xf1, 0xe6, 0x77, 0xff, 0x5a,
    0xff, 0x5b, 0xff, 0x7b, 0xff, 0x7b, 0xff, 0x9b, 0xff, 0x9c, 0xff, 0x9c, 0xff, 0x9c, 0xff, 0x9c,
    0xff, 0x9c, 0xff, 0x9c, 0xff, 0x9c, 0xff, 0x7c, 0xff, 0x7b, 0xff, 0x7b, 0xff, 0x7b, 0xff, 0x7b,
    0xff, 0x5a, 0xff, 0x5a, 0xff, 0x3a, 0xff, 0x19, 0xfe, 0xf9, 0xfe, 0xd8, 0xfe, 0xb8, 0xfe, 0x97,
    0xfe, 0x77, 0xfe, 0x97, 0xfe, 0x76, 0xf6, 0x56, 0xfe, 0xb7, 0xf6, 0x77, 0xfe, 0xb8, 0xfe, 0xb8,
    0xfe, 0xd8, 0xfe, 0xf9, 0xff, 0x19, 0xff, 0x3a, 0xff, 0x5a, 0xff, 0x5b, 0xff, 0x7b, 0xff, 0x7b,
    0xff, 0x9b, 0xff, 0x9b, 0xff, 0x9c, 0xff, 0x9c, 0xff, 0x9c, 0xff, 0x9c, 0xff, 0x9c, 0xff, 0x7c,
    0xff, 0x7c, 0xff, 0x7b, 0xff, 0x7b, 0xbd, 0x32, 0xe6, 0x77, 0xff, 0x5b, 0xff, 0x7b, 0xff, 0x7b,
    0xff, 0x7c, 0xff, 0x9c, 0xff, 0x9c, 0xff, 0x9c, 0xff, 0x9c, 0xff, 0x9c, 0xff, 0x9c, 0xff, 0x9c,
    0xff, 0x9c, 0xff, 0x9c, 0xff, 0x7c, 0xff, 0x7b, 0xff, 0x7b, 0xff, 0x7b, 0xff, 0x5b, 0xff, 0x5a,
    0xff, 0x3a, 0xff, 0x1a, 0xfe, 0xf9, 0xfe, 0xd9, 0xfe, 0xd8, 0xfe, 0xb7, 0xf6, 0x76, 0xfe, 0x97,
    0xfe, 0x76, 0xfe, 0x76, 0xfe, 0xb7, 0xfe, 0x97, 0xfe, 0xd8, 0xfe, 0xb8, 0xfe, 0xf9, 0xff, 0x19,
    0xff, 0x1a, 0xff, 0x3a, 0xff, 0x5b, 0xff, 0x7b, 0xff, 0x7b, 0xff, 0x7b, 0xff, 0x9b, 0xff, 0x9c,
    0xff, 0x9c, 0xff, 0x9c, 0xff, 0x9c, 0xff, 0x9c, 0xff, 0x9c, 0xff, 0x9c, 0xff, 0x7c, 0xff, 0x7c,
    0xff, 0x7b, 0xf6, 0xf9, 0xf7, 0x1a, 0xff, 0x7b, 0xff, 0x7b, 0xff, 0x7c, 0xff, 0x9c, 0xff, 0x9c,
    0xff, 0x9c, 0xff, 0x9c, 0xff, 0x9c, 0xff, 0x9c, 0xff, 0x9c, 0xff, 0x9c, 0xff, 0x9c, 0xff, 0x9b,
    0xff, 0x7c, 0xff, 0x7c, 0xff, 0x7b, 0xff, 0x7b, 0xff, 0x5b, 0xff, 0x5a, 0xff, 0x3a, 0xff, 0x3a,
    0xff, 0x19, 0xfe, 0xf9, 0xfe, 0xd8, 0xfe, 0xd8, 0xf6, 0x77, 0xfe, 0xb7, 0xf6, 0x77, 0xfe, 0x97,
    0xf6, 0x97, 0xfe, 0xd8, 0xfe, 0xd8, 0xfe, 0xd8, 0xfe, 0xf9, 0xff, 0x19, 0xff, 0x3a, 0xff, 0x5a,
    0xff, 0x5b, 0xff, 0x7b, 0xff, 0x7b, 0xff, 0x9b, 0xff, 0x9c, 0xff, 0x9c, 0xff, 0x9c, 0xff, 0x9c,
    0xff, 0x9c, 0xff, 0x9c, 0xff, 0x9c, 0xff, 0x9b, 0xff, 0x9c, 0xff, 0x9c, 0xff, 0x9c, 0xff, 0x7b,
    0xff, 0x7b, 0xff, 0x7b, 0xff, 0x7b, 0xff, 0x9c, 0xff, 0x9c, 0xff, 0x9c, 0xff, 0x9b, 0xff, 0x9c,
    0xff, 0x9c, 0xff, 0x9c, 0xff, 0x9c, 0xff, 0x9c, 0xff, 0x9c, 0xff, 0x9c, 0xff, 0x9b, 0xff, 0x7c,
    0xff, 0x7b, 0xff, 0x7b, 0xff, 0x5b, 0xff, 0x5b, 0xff, 0x5a, 0xff, 0x3a, 0xff, 0x1a, 0xfe, 0xf9,
    0xfe, 0xf9, 0xfe, 0xd8, 0xfe, 0xb7, 0xfe, 0xb8, 0xf6, 0x77, 0xfe, 0x97, 0xfe, 0xb8, 0xfe, 0xd8,
    0xfe, 0xd9, 0xfe, 0xf9, 0xff, 0x19, 0xff, 0x3a, 0xff, 0x3a, 0xff, 0x5b, 0xff, 0x7b, 0xff, 0x7b,
    0xff, 0x9b, 0xff, 0x9c, 0xff, 0x9c, 0xff, 0x9c, 0xff, 0x9c, 0xff, 0x9c, 0xff, 0x9c, 0xff, 0x9c,
    0xff, 0x9c, 0xff, 0x9c, 0xff, 0x9c, 0xff, 0x9c, 0xff, 0x9c, 0xff, 0x9c, 0xff, 0x9c, 0xff, 0x9c,
    0xff, 0x9c, 0xff, 0x9c, 0xff, 0x9c, 0xff, 0x9c, 0xff, 0x9c, 0xff, 0x9c, 0xff, 0x9c, 0xff, 0x9c,
    0xff, 0x9c, 0xff, 0x9c, 0xff, 0x9c, 0xff, 0x9c, 0xff, 0x9c, 0xff, 0x7c, 0xff, 0x7b, 0xff, 0x7b,
    0xff, 0x7b, 0xff, 0x5b, 0xff, 0x5b, 0xff, 0x3a, 0xff, 0x3a, 0xff, 0x19, 0xfe, 0xf9, 0xfe, 0xf8,
    0xfe, 0xd8, 0xfe, 0xd8, 0xfe, 0xb7, 0xfe, 0x97, 0xfe, 0xd8, 0xfe, 0xf9, 0xfe, 0xf9, 0xff, 0x19,
    0xff, 0x3a, 0xff, 0x3a, 0xff, 0x5a, 0xff, 0x5b, 0xff, 0x7b, 0xff, 0x7b, 0xff, 0x9c, 0xff, 0x9c,
    0xff, 0x9c, 0xff, 0x9c, 0xff, 0x9c, 0xff, 0x9c, 0xff, 0x9c, 0xff, 0x9c, 0xff, 0x9c, 0xff, 0x9c,
    0xff, 0x9c, 0xff, 0x9c, 0xff, 0x9c, 0xff, 0x9c, 0xff, 0x9c, 0xff, 0x9c, 0xff, 0x9c, 0xff, 0x9c,
    0xff, 0x9c, 0xff, 0x9c, 0xff, 0x9c, 0xff, 0x9c, 0xff, 0x9c, 0xff, 0x9c, 0xff, 0x9c, 0xff, 0x9c,
    0xff, 0x9c, 0xff, 0x9c, 0xff, 0x9c, 0xff, 0x9b, 0xff, 0x9b, 0xff, 0x7b, 0xff, 0x7b, 0xff, 0x5b,
    0xff, 0x5b, 0xff, 0x5a, 0xff, 0x3a, 0xff, 0x3a, 0xff, 0x19, 0xfe, 0xf9, 0xfe, 0xf9, 0xfe, 0xd8,
    0xfe, 0xb8, 0xfe, 0xb8, 0xfe, 0xf9, 0xfe, 0xf9, 0xff, 0x19, 0xff, 0x1a, 0xff, 0x3a, 0xff, 0x5a,
    0xff, 0x5b, 0xff, 0x7b, 0xff, 0x7b, 0xff, 0x7c, 0xff, 0x9c, 0xff, 0x9c, 0xff, 0x9c, 0xff, 0x9c,
    0xff, 0x9c, 0xff, 0x9c, 0xff, 0x9c, 0xff, 0x9c, 0xff, 0x9c, 0xff, 0x9c, 0xff, 0x9c, 0xff, 0x9c,
    0xff, 0x9c, 0xff, 0x9c, 0xff, 0x9c, 0xff, 0x9c, 0xff, 0x9c, 0xff, 0x9c, 0xff, 0x9c, 0xff, 0x9c,
    0xff, 0x9c, 0xff, 0x9c, 0xff, 0x9c, 0xff, 0x9c, 0xff, 0x9c, 0xff, 0x9c, 0xff, 0x9c, 0xff, 0x9c,
    0xff, 0x9c, 0xff, 0x9c, 0xff, 0x9c, 0xff, 0x7b, 0xff, 0x7b, 0xff, 0x7b, 0xff, 0x5b, 0xff, 0x5b,
    0xff, 0x5a, 0xff, 0x3a, 0xff, 0x1a, 0xff, 0x19, 0xfe, 0xf9, 0xfe, 0xf9, 0xfe, 0xd8, 0xfe, 0xd8,
    0xfe, 0xf9, 0xff, 0x19, 0xff, 0x1a, 0xff, 0x3a, 0xff, 0x3a, 0xff, 0x5b, 0xff, 0x7b, 0xff, 0x7b,
    0xff, 0x7b, 0xff, 0x9c, 0xff, 0x9c, 0xff, 0x9c, 0xff, 0x9c, 0xff, 0x9c, 0xff, 0x9c, 0xff, 0x9c,
    0xff, 0x9c, 0xff, 0x9c, 0xff, 0x9c, 0xff, 0x9c, 0xff, 0x9c, 0xff, 0x9c, 0xff, 0x9c, 0xff, 0x9c,
    0xff, 0x9c, 0xff, 0x9c, 0xff, 0x9c, 0xff, 0x9c, 0xff, 0x9c, 0xff, 0x9c, 0xff, 0x9c, 0xff, 0x9c,
    0xff, 0x9c, 0xff, 0x9c, 0xff, 0x9c, 0xff, 0x9c, 0xff, 0x9c, 0xff, 0x9c, 0xff, 0x9c, 0xff, 0x9c,
    0xff, 0x9b, 0xff, 0x9b, 0xff, 0x7b, 0xff, 0x7b, 0xff, 0x7b, 0xff, 0x5b, 0xff, 0x5b, 0xff, 0x3a,
    0xff, 0x3a, 0xff, 0x1a, 0xff, 0x19, 0xfe, 0xf9, 0xfe, 0xf9, 0xfe, 0xf9, 0xff, 0x19, 0xff, 0x19,
    0xff, 0x3a, 0xff, 0x3a, 0xff, 0x5b, 0xff, 0x7b, 0xff, 0x7b, 0xff, 0x7b, 0xff, 0x7c, 0xff, 0x9c,
    0xff, 0x9c, 0xff, 0x9c, 0xff, 0x9c, 0xff, 0x9c, 0xff, 0x9c, 0xff, 0x9c, 0xff, 0x9b, 0xff, 0x9c,
    0xff, 0x9c, 0xff, 0x9c, 0xff, 0x9c, 0xff, 0x9c, 0xff, 0x9c, 0xff, 0x9c, 0xff, 0x9c, 0xff, 0x9c,
    0xff, 0x9c, 0xff, 0x9c, 0xff, 0x9c, 0xff, 0x9c, 0xff, 0x9c, 0xff, 0x9c, 0xff, 0x9c, 0xff, 0x9c,
    0xff, 0x9c, 0xff, 0x9c, 0xff, 0x9c, 0xff, 0x9c, 0xff, 0x9c, 0xff, 0x9c, 0xff, 0x9c, 0xff, 0x9c,
    0xff, 0x7b, 0xff, 0x7b, 0xff, 0x7b, 0xff, 0x7b, 0xff, 0x5b, 0xff, 0x5a, 0xff, 0x3a, 0xff, 0x3a,
    0xff, 0x1a, 0xff, 0x19, 0xff, 0x19, 0xfe, 0xf9, 0xff, 0x19, 0xff, 0x3a, 0xff, 0x3a, 0xff, 0x5a,
    0xff, 0x7b, 0xff, 0x7b, 0xff, 0x7b, 0xff, 0x9b, 0xff, 0x9c, 0xff, 0x9c, 0xff, 0x9c, 0xff, 0x9c,
    0xff, 0x7c, 0xff, 0x7c, 0xff, 0x7c, 0xff, 0x7b, 0xff, 0x7b, 0xff, 0x7b, 0xff, 0x7c, 0xff, 0x9c,
    0xff, 0x9c, 0xff, 0x9c, 0xff, 0x9c, 0xff, 0x9c, 0xff, 0x9c, 0xff, 0x7c, 0xff, 0x9c, 0xff, 0x9c,
    0xff, 0x9c, 0xff, 0x9c, 0xff, 0x9c, 0xff, 0x9c, 0xff, 0x9c, 0xff, 0x9c, 0xff, 0x9c, 0xff, 0x9c,
    0xff, 0x9c, 0xff, 0x9c, 0xff, 0x9c, 0xff, 0x9c, 0xff, 0x9c, 0xff, 0x9b, 0xff, 0x9b, 0xff, 0x7b,
    0xff, 0x7b, 0xff, 0x7b, 0xff, 0x7b, 0xff, 0x5b, 0xff, 0x5a, 0xff, 0x3a, 0xff, 0x3a, 0xff, 0x1a,
    0xff, 0x19, 0xff, 0x19, 0xff, 0x3a, 0xff, 0x3a, 0xff, 0x5a, 0xff, 0x5b, 0xff, 0x7b, 0xff, 0x7b,
    0xff, 0x9b, 0xff, 0x9c, 0xff, 0x9c, 0xff, 0x9c, 0xff, 0x9c, 0xff, 0x9c, 0xff, 0x7b, 0xff, 0x7b,
    0xff, 0x7b, 0xff, 0x7b, 0xff, 0x7b, 0xff, 0x7b, 0xff, 0x7b, 0xff, 0x7b, 0xff, 0x7b, 0xff, 0x7b,
    0xff, 0x9c, 0xff, 0x7c, 0xff, 0x7b, 0xff, 0x7c, 0xff, 0x7c, 0xff, 0x7c, 0xff, 0x7b, 0xff, 0x7b,
    0xff, 0x9c, 0xff, 0x9c, 0xff, 0x9c, 0xff, 0x7c, 0xff, 0x7b, 0xff, 0x9b, 0xff, 0x9c, 0xff, 0x9c,
    0xff, 0x7c, 0xff, 0x9c, 0xff, 0x9c, 0xff, 0x9c, 0xff, 0x9b, 0xff, 0x7b, 0xff, 0x7b, 0xff, 0x7b,
    0xff, 0x7b, 0xff, 0x5b, 0xff, 0x5b, 0xff, 0x5a, 0xff, 0x3a, 0xff, 0x3a, 0xff, 0x3a, 0xff, 0x19,
    0xff, 0x3a, 0xff, 0x5a, 0xff, 0x5b, 0xff, 0x7b, 0xff, 0x7b, 0xff, 0x9b, 0xff, 0x9c, 0xff, 0x9c,
    0xff, 0x7c, 0xff, 0x9c, 0xff, 0x9c, 0xff, 0x7b, 0xff, 0x7b, 0xff, 0x7b, 0xff, 0x7b, 0xff, 0x7b,
    0xff, 0x7b, 0xff, 0x7b, 0xff, 0x7b, 0xff, 0x7b, 0xff, 0x7b, 0xff, 0x7b, 0xff, 0x5b, 0xff, 0x5b,
    0xff, 0x3b, 0xff, 0x5b, 0xff, 0x7b, 0xff, 0x7b, 0xff, 0x7b, 0xff, 0x7b, 0xff, 0x7b, 0xff, 0x7c,
    0xff, 0x7b, 0xff, 0x7c, 0xff, 0x9c, 0xff, 0x9c, 0xff, 0x7c, 0xff, 0x9c, 0xff, 0x9c, 0xff, 0x9c,
    0xff, 0x9c, 0xff, 0x9c, 0xff, 0x9c, 0xff, 0x7c, 0xff, 0x7b, 0xff, 0x7b, 0xff, 0x7b, 0xff, 0x7b,
    0xff, 0x5b, 0xff, 0x5b, 0xff, 0x5b, 0xff, 0x5a, 0xff, 0x3a, 0xff, 0x3a, 0xff, 0x5a, 0xff, 0x5b,
    0xff, 0x7b, 0xff, 0x7b, 0xff, 0x7b, 0xff, 0x9c, 0xff, 0x9c, 0xff, 0x7c, 0xff, 0x7c, 0xff, 0x7c,
    0xff, 0x7b, 0xff, 0x7b, 0xff, 0x7b, 0xff, 0x7b, 0xff, 0x7b, 0xff, 0x7b, 0xff, 0x5b, 0xee, 0xb9,
    0xdd, 0xd5, 0xcd, 0x12, 0xbc, 0x91, 0xbc, 0x4f, 0xb4, 0x0e, 0xb3, 0xce, 0xb3, 0xad, 0xb3, 0xcd,
    0xb3, 0xee, 0xbc, 0x91, 0xcd, 0x53, 0xdd, 0xf6, 0xee, 0x98, 0xff, 0x3b, 0xff, 0x7b, 0xff, 0x7b,
    0xff, 0x7c, 0xff, 0x9c, 0xff, 0x7c, 0xff, 0x9b, 0xff, 0x9c, 0xff, 0x9c, 0xff, 0x9c, 0xff, 0x9b,
    0xff, 0x9b, 0xff, 0x9c, 0xff, 0x9b, 0xff, 0x7b, 0xff, 0x7b, 0xff, 0x7b, 0xff, 0x7b, 0xff, 0x5b,
    0xff, 0x5b, 0xff, 0x5b, 0xff, 0x5a, 0xff, 0x3a, 0xff, 0x5b, 0xff, 0x7b, 0xff, 0x7b, 0xff, 0x7b,
    0xff, 0x7c, 0xff, 0x9c, 0xff, 0x9c, 0xff, 0x7c, 0xff, 0x7c, 0xff, 0x7c, 0xff, 0x7b, 0xff, 0x7b,
    0xff, 0x7b, 0xff, 0x7b, 0xff, 0x5b, 0xde, 0x16, 0x9b, 0x8d, 0x9b, 0x2b, 0xb3, 0x4c, 0xb3, 0x4c,
    0xb3, 0x4c, 0xbb, 0x4c, 0xbb, 0x4c, 0xbb, 0x4c, 0xbb, 0x4c, 0xbb, 0x4c, 0xbb, 0x4c, 0xbb, 0x4c,
    0xbb, 0x4c, 0xb3, 0x4c, 0xab, 0x4c, 0xa3, 0x8c, 0xac, 0x2f, 0xde, 0x16, 0xff, 0x5b, 0xff, 0x7c,
    0xff, 0x7c, 0xff, 0x9b, 0xff, 0x9c, 0xff, 0x9c, 0xff, 0x9c, 0xff, 0x9c, 0xff, 0x9b, 0xff, 0x9b,
    0xff, 0x7c, 0xff, 0x9c, 0xff, 0x7b, 0xff, 0x7b, 0xff, 0x7b, 0xff, 0x7b, 0xff, 0x7b, 0xff, 0x5b,
    0xff, 0x5b, 0xff, 0x5a, 0xff, 0x7b, 0xff, 0x7b, 0xff, 0x7b, 0xff, 0x7c, 0xff, 0x9c, 0xff, 0x9c,
    0xff, 0x9c, 0xff, 0x7c, 0xff, 0x7c, 0xff, 0x7c, 0xff, 0x7b, 0xff, 0x7b, 0xff, 0x7b, 0xff, 0x7b,
    0xd5, 0xd5, 0x61, 0xe6, 0x61, 0x44, 0xab, 0x0b, 0xbb, 0x4c, 0xbb, 0x2c, 0xbb, 0x2c, 0xbb, 0x4c,
    0xbb, 0x4c, 0xbb, 0x4c, 0xbb, 0x4c, 0xbb, 0x2c, 0xbb, 0x2c, 0xbb, 0x2c, 0xbb, 0x4c, 0xbb, 0x2c,
    0xbb, 0x4c, 0xbb, 0x4d, 0x92, 0x8a, 0x51, 0x44, 0xc5, 0x53, 0xff, 0x5b, 0xff, 0x7b, 0xff, 0x7c,
    0xff, 0x9c, 0xff, 0x9c, 0xff, 0x9c, 0xff, 0x9b, 0xff, 0x9c, 0xff, 0x9c, 0xff, 0x9b, 0xff, 0x9c,
    0xff, 0x9c, 0xff, 0x7b, 0xff, 0x7b, 0xff, 0x7b, 0xff, 0x7b, 0xff, 0x7b, 0xff, 0x7b, 0xff, 0x5b,
    0xff, 0x7b, 0xff, 0x7b, 0xff, 0x9b, 0xff, 0x9b, 0xff, 0x9c, 0xff, 0x9c, 0xff, 0x9c, 0xff, 0x7b,
    0xff, 0x7b, 0xff, 0x7b, 0xff, 0x7b, 0xff, 0x7b, 0xff, 0x7b, 0xee, 0xd9, 0x72, 0x27, 0x69, 0x85,
    0x69, 0x64, 0xab, 0x0b, 0xbb, 0x4c, 0xc3, 0x4c, 0xc3, 0x8d, 0xcb, 0xad, 0xcb, 0xce, 0xd3, 0xce,
    0xd3, 0xce, 0xcb, 0xad, 0xcb, 0xad, 0xcb, 0x8d, 0xc3, 0x8d, 0xc3, 0x4c, 0xbb, 0x4c, 0xbb, 0x2c,
    0x92, 0x69, 0x50, 0xe3, 0x61, 0xa6, 0xd5, 0xb5, 0xff, 0x5b, 0xff, 0x7c, 0xff, 0x7c, 0xff, 0x9c,
    0xff, 0x9c, 0xff, 0x9c, 0xff, 0x9c, 0xff, 0x9c, 0xff, 0x9c, 0xff, 0x9c, 0xff, 0x9c, 0xff, 0x9b,
    0xff, 0x9b, 0xff, 0x7b, 0xff, 0x7b, 0xff, 0x7b, 0xff, 0x7b, 0xff, 0x7b, 0xff, 0x7b, 0xff, 0x7b,
    0xff, 0x9b, 0xff, 0x9c, 0xff, 0x9c, 0xff, 0x9c, 0xff, 0x9c, 0xff, 0x7b, 0xff, 0x7b, 0xff, 0x7b,
    0xff, 0x9b, 0xff, 0x7b, 0xff, 0x7b, 0xac, 0x4f, 0x69, 0x85, 0x79, 0xa6, 0x71, 0x65, 0xbb, 0x4c,
    0xdb, 0xef, 0xe4, 0x2f, 0xe4, 0x4f, 0xe4, 0x4f, 0xe4, 0x4f, 0xe4, 0x4f, 0xe4, 0x4f, 0xe4, 0x4f,
    0xe4, 0x4f, 0xe4, 0x4f, 0xe4, 0x4f, 0xe4, 0x4f, 0xdc, 0x0e, 0xd3, 0xce, 0x9a, 0x69, 0x61, 0x04,
    0x79, 0xa6, 0x7a, 0x68, 0xee, 0xb9, 0xff, 0x7b, 0xff, 0x7b, 0xff, 0x9c, 0xff, 0x9c, 0xff, 0x9c,
    0xff, 0x9c, 0xff, 0x9c, 0xff, 0x9c, 0xff, 0x9c, 0xff, 0x9c, 0xff, 0x9c, 0xff, 0x9b, 0xff, 0x9b,
    0xff, 0x9b, 0xff, 0x7b, 0xff, 0x7b, 0xff, 0x7b, 0xff, 0x7b, 0xff, 0x7b, 0xff, 0x9c, 0xff, 0x9c,
    0xff, 0x9c, 0xff, 0x9c, 0xff, 0x9c, 0xff, 0x9b, 0xff, 0x7b, 0xff, 0x7b, 0xff, 0x7b, 0xff, 0x7b,
    0xf6, 0xd9, 0x69, 0xe6, 0x79, 0xa6, 0x81, 0xc6, 0xb3, 0x4c, 0xdc, 0x4f, 0xe4, 0x4f, 0xe4, 0x4f,
    0xe4, 0x4f, 0xe4, 0x4f, 0xe4, 0x4f, 0xe4, 0x4f, 0xe4, 0x4f, 0xec, 0x4f, 0xec, 0x4f, 0xec, 0x4f,
    0xec, 0x4f, 0xec, 0x4f, 0xe4, 0x4f, 0xe4, 0x4f, 0xe4, 0x4f, 0xbb, 0x4c, 0x89, 0xc7, 0x69, 0x85,
    0xa4, 0x0f, 0xff, 0x5b, 0xff, 0x7b, 0xff, 0x9b, 0xff, 0x9c, 0xff, 0x9c, 0xff, 0x9c, 0xff, 0x9c,
    0xff, 0x9c, 0xff, 0x9c, 0xff, 0x9c, 0xff, 0x9c, 0xff, 0x9c, 0xff, 0x9c, 0xff, 0x9c, 0xff, 0x9b,
    0xff, 0x7b, 0xff, 0x7b, 0xff, 0x9b, 0xff, 0x9c, 0xff, 0x9c, 0xff, 0x9c, 0xff, 0x9c, 0xff, 0x9c,
    0xff, 0x9c, 0xff, 0x9c, 0xff, 0x7c, 0xff, 0x7b, 0xff, 0x7c, 0xff, 0x5b, 0xc5, 0x33, 0x61, 0x64,
    0x8a, 0x07, 0xcb, 0xce, 0xe4, 0x4f, 0xe4, 0x4f, 0xe4, 0x4f, 0xe4, 0x4f, 0xe4, 0x4f, 0xe4, 0x4f,
    0xe4, 0x4f, 0xe4, 0x4f, 0xe4, 0x4f, 0xe4, 0x4f, 0xe4, 0x4f, 0xe4, 0x4f, 0xe4, 0x4f, 0xec, 0x4f,
    0xe4, 0x4f, 0xe4, 0x4f, 0xe4, 0x4f, 0xe4, 0x4f, 0xdc, 0x0f, 0x9a, 0xa9, 0x61, 0x85, 0xe6, 0x78,
    0xff, 0x7b, 0xff, 0x7b, 0xff, 0x9c, 0xff, 0x9c, 0xff, 0x9c, 0xff, 0x9c, 0xff, 0x9c, 0xff, 0x9c,
    0xff, 0x9c, 0xff, 0x9c, 0xff, 0x9c, 0xff, 0x9c, 0xff, 0x9c, 0xff, 0x9b, 0xff, 0x7b, 0xff, 0x7b,
    0xff, 0x9b, 0xff, 0x9c, 0xff, 0x9c, 0xff, 0x9c, 0xff, 0x9c, 0xff, 0x9c, 0xff, 0x9c, 0xff, 0x7c,
    0xff, 0x9b, 0xff, 0x7b, 0xff, 0x7b, 0xff, 0x5b, 0x93, 0x6c, 0x82, 0x07, 0xd4, 0x0e, 0xe4, 0x4f,
    0xec, 0x4f, 0xe4, 0x4f, 0xe4, 0x4f, 0xe4, 0x4f, 0xe4, 0x4f, 0xe4, 0x4f, 0xe4, 0x4f, 0xe4, 0x4f,
    0xe4, 0x4f, 0xe4, 0x4f, 0xe4, 0x4f, 0xe4, 0x4f, 0xe4, 0x4f, 0xe4, 0x4f, 0xe4, 0x4f, 0xe4, 0x4f,
    0xe4, 0x4f, 0xe4, 0x4f, 0xe4, 0x4f, 0xdc, 0x4f, 0x92, 0x89, 0xac, 0x70, 0xff, 0x7b, 0xff, 0x7b,
    0xff, 0x9c, 0xff, 0x9c, 0xff, 0x9c, 0xff, 0x9c, 0xff, 0x9c, 0xff, 0x9c, 0xff, 0x9c, 0xff, 0x9c,
    0xff, 0x9c, 0xff, 0x9c, 0xff, 0x9c, 0xff, 0x9b, 0xff, 0x9b, 0xff, 0x7b, 0xff, 0x9c, 0xff, 0x9c,
    0xff, 0x9c, 0xff, 0x9c, 0xff, 0x9c, 0xff, 0x9c, 0xff, 0x9c, 0xff, 0x9c, 0xff, 0x9b, 0xff, 0x7b,
    0xff, 0x7b, 0xf6, 0xfa, 0x82, 0xa9, 0xd3, 0xee, 0xe4, 0x4f, 0xec, 0x4f, 0xec, 0x4f, 0xe4, 0x4f,
    0xe4, 0x4f, 0xe4, 0x4f, 0xe4, 0x4f, 0xe4, 0x4f, 0xe4, 0x4f, 0xe4, 0x4f, 0xe4, 0x4f, 0xe4, 0x4f,
    0xe4, 0x4f, 0xe4, 0x4f, 0xe4, 0x4f, 0xec, 0x4f, 0xe4, 0x4f, 0xe4, 0x4f, 0xe4, 0x4f, 0xe4, 0x6f,
    0xe4, 0x4f, 0xe4, 0x6f, 0xd4, 0x2f, 0x9b, 0x8c, 0xff, 0x5b, 0xff, 0x7b, 0xff, 0x9c, 0xff, 0x9c,
    0xff, 0x9c, 0xff, 0x9c, 0xff, 0x9c, 0xff, 0x9c, 0xff, 0x9c, 0xff, 0x9c, 0xff, 0x9c, 0xff, 0x9c,
    0xff, 0x9c, 0xff, 0x9c, 0xff, 0x9b, 0xff, 0x7b, 0xff, 0x9c, 0xff, 0x9c, 0xff, 0x9c, 0xff, 0x9c,
    0xff, 0x9c, 0xff, 0x9c, 0xff, 0x9c, 0xff, 0x9c, 0xff, 0x9b, 0xff, 0x7b, 0xff, 0x7b, 0xe6, 0x37,
    0xab, 0x6c, 0xe4, 0x4f, 0xe4, 0x4f, 0xec, 0x4f, 0xec, 0x4f, 0xe4, 0x4f, 0xe4, 0x6f, 0xe4, 0x6f,
    0xe4, 0x70, 0xe4, 0x90, 0xe4, 0xb0, 0xec, 0xd1, 0xec, 0xd1, 0xec, 0xf1, 0xec, 0xd1, 0xec, 0xb1,
    0xe4, 0x90, 0xe4, 0x90, 0xe4, 0x6f, 0xe4, 0x6f, 0xe4, 0x6f, 0xe4, 0x6f, 0xe4, 0x4f, 0xec, 0x4f,
    0xe4, 0x6f, 0xb3, 0xcd, 0xf6, 0xfa, 0xff, 0x7b, 0xff, 0x9b, 0xff, 0x9c, 0xff, 0x9c, 0xff, 0x9c,
    0xff, 0x9c, 0xff, 0x9c, 0xff, 0x9c, 0xff, 0x9c, 0xff, 0x9c, 0xff, 0x9c, 0xff, 0x9c, 0xff, 0x9c,
    0xff, 0x9c, 0xff, 0x7c, 0xff, 0x9c, 0xff, 0x9c, 0xff, 0x9c, 0xff, 0x9c, 0xff, 0x9c, 0xff, 0x9c,
    0xff, 0x9c, 0xff, 0x9c, 0xff, 0x7b, 0xff, 0x7b, 0xff, 0x7b, 0xd5, 0xb4, 0xcb, 0xee, 0xec, 0x4f,
    0xe4, 0x4f, 0xe4, 0x4f, 0xe4, 0x6f, 0xe4, 0x90, 0xec, 0xf1, 0xf5, 0x53, 0xf5, 0x94, 0xfd, 0xd5,
    0xfd, 0xf5, 0xfd, 0xf5, 0xfd, 0xf5, 0xfd, 0xf5, 0xfd, 0xf5, 0xfd, 0xf5, 0xfd, 0xd5, 0xfd, 0xb4,
    0xf5, 0x53, 0xec, 0xf1, 0xe4, 0x90, 0xe4, 0x6f, 0xe4, 0x4f, 0xec, 0x4f, 0xe4, 0x6f, 0xbb, 0xcd,
    0xee, 0xb8, 0xff, 0x7b, 0xff, 0x9b, 0xff, 0x9c, 0xff, 0x9c, 0xff, 0x9c, 0xff, 0x9c, 0xff, 0x9c,
    0xff, 0x9c, 0xff, 0x9c, 0xff, 0x9c, 0xff, 0x9c, 0xff, 0x9c, 0xff, 0x9c, 0xff, 0x9c, 0xff, 0x9b,
    0xff, 0x9c, 0xff, 0x9c, 0xff, 0x9c, 0xff, 0x9c, 0xff, 0x9c, 0xff, 0x9c, 0xff, 0x9c, 0xff, 0x9c,
    0xff, 0x9b, 0xff, 0x9b, 0xff, 0x7b, 0xd5, 0x74, 0xcb, 0xee, 0xec, 0x4f, 0xe4, 0x6f, 0xec, 0xd1,
    0xf5, 0x73, 0xfd, 0xd5, 0xfd, 0xf5, 0xfe, 0x15, 0xfe, 0x16, 0xfe, 0x16, 0xfe, 0x16, 0xfe, 0x16,
    0xfe, 0x16, 0xfe, 0x16, 0xfe, 0x16, 0xfe, 0x16, 0xfe, 0x16, 0xfe, 0x16, 0xfe, 0x16, 0xfd, 0xf5,
    0xfd, 0xd5, 0xf5, 0x53, 0xec, 0xb1, 0xe4, 0x6f, 0xe4, 0x4f, 0xbb, 0xee, 0xee, 0xb8, 0xff, 0x7b,
    0xff, 0x9c, 0xff, 0x9c, 0xff, 0x9c, 0xff, 0x9c, 0xff, 0x9c, 0xff, 0x9c, 0xff, 0x9c, 0xff, 0x9c,
    0xff, 0x9c, 0xff, 0x9c, 0xff, 0x9c, 0xff, 0x9c, 0xff, 0x9c, 0xff, 0x9b, 0xff, 0x9c, 0xff, 0x9c,
    0xff, 0x9c, 0xff, 0x9c, 0xff, 0x9c, 0xff, 0x9c, 0xff, 0x9c, 0xff, 0x9c, 0xff, 0x9c, 0xff, 0x9b,
    0xff, 0x7b, 0xd5, 0xb5, 0xcc, 0x0f, 0xec, 0xb1, 0xf5, 0x73, 0xfd, 0xf5, 0xfe, 0x15, 0xfe, 0x16,
    0xfe, 0x16, 0xfe, 0x16, 0xfe, 0x16, 0xfe, 0x16, 0xfe, 0x16, 0xfe, 0x16, 0xfe, 0x16, 0xfe, 0x16,
    0xfe, 0x16, 0xfe, 0x16, 0xfe, 0x16, 0xfe, 0x16, 0xfe, 0x16, 0xfe, 0x16, 0xfe, 0x16, 0xfe, 0x16,
    0xfd, 0xd5, 0xf5, 0x52, 0xe4, 0xb0, 0xb3, 0xcd, 0xf6, 0xd9, 0xff, 0x7b, 0xff, 0x9c, 0xff, 0x9c,
    0xff, 0x9c, 0xff, 0x9b, 0xff, 0x9c, 0xff, 0x9c, 0xff, 0x9c, 0xff, 0x9c, 0xff, 0x9c, 0xff, 0x9c,
    0xff, 0x9c, 0xff, 0x7b, 0xf7, 0x3a, 0xf7, 0x3a, 0xff, 0x9c, 0xff, 0x9c, 0xff, 0x9c, 0xff, 0x9c,
    0xff, 0x9c, 0xff, 0x9c, 0xff, 0x9c, 0xff, 0x9c, 0xff, 0x9b, 0xff, 0x9b, 0xff, 0x7b, 0xde, 0x37,
    0xcc, 0x70, 0xfd, 0xd5, 0xfe, 0x15, 0xfe, 0x16, 0xfe, 0x16, 0xfe, 0x16, 0xfe, 0x16, 0xfe, 0x16,
    0xfe, 0x16, 0xfe, 0x16, 0xfe, 0x16, 0xfe, 0x16, 0xfe, 0x16, 0xfe, 0x16, 0xfe, 0x16, 0xfe, 0x16,
    0xfe, 0x16, 0xfe, 0x16, 0xfe, 0x16, 0xfe, 0x16, 0xfe, 0x16, 0xfe, 0x16, 0xfe, 0x16, 0xfe, 0x15,
    0xf5, 0xb4, 0xac, 0x0e, 0xff, 0x3a, 0xff, 0x7b, 0xff, 0x9c, 0xff, 0x9c, 0xff, 0x9c, 0xff, 0x9c,
    0xff, 0x9c, 0xff, 0x9c, 0xff, 0x9c, 0xff, 0x9c, 0xff, 0x9c, 0xff, 0x9c, 0xff, 0x9c, 0xff, 0x7b,
    0xef, 0x1a, 0xef, 0x1a, 0xff, 0x9c, 0xff, 0x9c, 0xff, 0x9c, 0xff, 0x9c, 0xff, 0x9c, 0xff, 0x9c,
    0xff, 0x9c, 0xff, 0x9c, 0xff, 0x9c, 0xff, 0x9b, 0xff, 0x7b, 0xf6, 0xf9, 0xc4, 0xb1, 0xfe, 0x36,
    0xfe, 0x16, 0xfe, 0x16, 0xfe, 0x16, 0xfe, 0x16, 0xfe, 0x16, 0xfe, 0x16, 0xfe, 0x16, 0xfe, 0x16,
    0xfe, 0x16, 0xfe, 0x16, 0xfe, 0x16, 0xfe, 0x16, 0xfe, 0x16, 0xfe, 0x16, 0xfe, 0x16, 0xfe, 0x16,
    0xfe, 0x16, 0xfe, 0x16, 0xfe, 0x16, 0xfe, 0x16, 0xfe, 0x16, 0xfe, 0x16, 0xf5, 0xd5, 0xbc, 0xf2,
    0xff, 0x7b, 0xff, 0x9b, 0xff, 0x9c, 0xff, 0x9c, 0xff, 0x9c, 0xff, 0x9b, 0xff, 0x9c, 0xff, 0x9c,
    0xff, 0x9c, 0xff, 0x9c, 0xff, 0x9c, 0xff, 0x9c, 0xff, 0x9c, 0xff, 0x9c, 0xff, 0x9c, 0xff, 0x9b,
    0xff, 0x9b, 0xff, 0x9c, 0xff, 0x9c, 0xff, 0x9c, 0xff, 0x9c, 0xff, 0x9c, 0xff, 0x9c, 0xff, 0x9c,
    0xff, 0x9c, 0xff, 0x9b, 0xff, 0x7b, 0xff, 0x5b, 0xc5, 0x32, 0xf6, 0x16, 0xfe, 0x36, 0xfe, 0x16,
    0xfe, 0x16, 0xfe, 0x16, 0xfe, 0x16, 0xfe, 0x16, 0xfe, 0x16, 0xfe, 0x16, 0xfe, 0x16, 0xfe, 0x16,
    0xfe, 0x16, 0xfe, 0x16, 0xfe, 0x16, 0xfe, 0x16, 0xfe, 0x16, 0xfe, 0x16, 0xfe, 0x16, 0xfe, 0x16,
    0xfe, 0x16, 0xfe, 0x16, 0xfe, 0x16, 0xfe, 0x16, 0xd5, 0x53, 0xe6, 0x57, 0xff, 0x7b, 0xff, 0x9b,
    0xff, 0x9c, 0xff, 0x9c, 0xff, 0x9c, 0xff, 0x9b, 0xff, 0x9c, 0xff, 0x9c, 0xff, 0x9c, 0xff, 0x9c,
    0xff, 0x9c, 0xff, 0x9c, 0xff, 0x9c, 0xff, 0x9c, 0xff, 0x9c, 0xff, 0x7c, 0xff, 0x7b, 0xff, 0x9b,
    0xff, 0x9c, 0xff, 0x9c, 0xff, 0x9c, 0xff, 0x9c, 0xff, 0x9c, 0xff, 0x9b, 0xff, 0x9b, 0xff, 0x9b,
    0xff, 0x7c, 0xff, 0x7b, 0xee, 0x98, 0xd5, 0x53, 0xfe, 0x36, 0xfe, 0x16, 0xfe, 0x16, 0xfe, 0x16,
    0xfe, 0x16, 0xfe, 0x16, 0xfe, 0x16, 0xfe, 0x16, 0xfe, 0x16, 0xfe, 0x16, 0xfe, 0x16, 0xfe, 0x16,
    0xfe, 0x16, 0xfe, 0x16, 0xfe, 0x16, 0xfe, 0x16, 0xfe, 0x16, 0xfe, 0x16, 0xfe, 0x16, 0xfe, 0x15,
    0xfe, 0x16, 0xf6, 0x15, 0xcd, 0x53, 0xff, 0x5b, 0xff, 0x7c, 0xff, 0x9c, 0xff, 0x9c, 0xff, 0x9b,
    0xff, 0x9b, 0xff, 0x9c, 0xff, 0x9c, 0xff, 0x9c, 0xff, 0x9c, 0xff, 0x9c, 0xff, 0x9c, 0xff, 0x9c,
    0xff, 0x9c, 0xff, 0x9c, 0xff, 0x7b, 0xff, 0x7b,
};

const lv_img_dsc_t avatar_asset_mouth_open = {
    .header.always_zero = 0,
    .header.w = 54,
    .header.h = 34,
    .header.cf = LV_IMG_CF_TRUE_COLOR_CHROMA_KEYED,
    .data_size = sizeof(mouth_open_map),
    .data = mouth_open_map,
};

static const uint8_t mouth_speak3_map[] = {
    0xfe, 0x97, 0xf6, 0x76, 0xfe, 0xb7, 0xfe, 0xd8, 0xfe, 0xd8, 0xfe, 0xf9, 0xff, 0x19, 0xff, 0x3a,
    0xff, 0x3a, 0xff, 0x5a, 0xff, 0x5b, 0xff, 0x5b, 0xff, 0x7b, 0xff, 0x7b, 0xff, 0x7b, 0xff, 0x7b,
    0xff, 0x7b, 0xff, 0x7b, 0xff, 0x7b, 0xff, 0x7b, 0xff, 0x7b, 0xff, 0x7b, 0xff, 0x5b, 0xff, 0x5a,
    0xff, 0x5a, 0xff, 0x5a, 0xff, 0x5a, 0xff, 0x5b, 0xff, 0x5b, 0xff, 0x7b, 0xff, 0x7b, 0xff, 0x7b,
    0xff, 0x7b, 0xff, 0x9b, 0xff, 0x7b, 0xff, 0x7b, 0xff, 0x7b, 0xff, 0x7b, 0xff, 0x7b, 0xff, 0x7b,
    0xff, 0x5b, 0xff, 0x5a, 0xff, 0x5a, 0xff, 0x3a, 0xff, 0x1a, 0xff, 0x19, 0xfe, 0xf9, 0xfe, 0xd8,
    0xfe, 0xb8, 0xfe, 0x97, 0xfe, 0x77, 0xfe, 0x97, 0xf6, 0x56, 0xfe, 0x76, 0xfe, 0x97, 0xf6, 0x56,
    0xfe, 0xb7, 0xfe, 0xb8, 0xfe, 0xd8, 0xfe, 0xf9, 0xff, 0x19, 0xff, 0x1a, 0xff, 0x3a, 0xff, 0x5a,
    0xff, 0x5b, 0xff, 0x7b, 0xff, 0x7b, 0xff, 0x7b, 0xff, 0x7b, 0xff, 0x7b, 0xff, 0x7b, 0xff, 0x7b,
    0xff, 0x7b, 0xff, 0x7b, 0xff, 0x7b, 0xf6, 0xf9, 0xff, 0x1a, 0xff, 0x5a, 0xff, 0x3a, 0xff, 0x3a,
    0xff, 0x5a, 0xff, 0x5a, 0xff, 0x5b, 0xff, 0x7b, 0xff, 0x7b, 0xff, 0x7b, 0xff, 0x7b, 0xff, 0x9b,
    0xff, 0x7b, 0xff, 0x7b, 0xff, 0x7b, 0xff, 0x7b, 0xff, 0x7b, 0xff, 0x7b, 0xff, 0x5b, 0xff, 0x5a,
    0xff, 0x5a, 0xff, 0x3a, 0xff, 0x19, 0xff, 0x19, 0xfe, 0xf9, 0xfe, 0xd8, 0xfe, 0xb8, 0xfe, 0x97,
    0xfe, 0x77, 0xfe, 0x77, 0xfe, 0x56, 0xfe, 0x56, 0xfe, 0x97, 0xf6, 0x56, 0xfe, 0x97, 0xfe, 0xb8,
    0xfe, 0xb8, 0xfe, 0xf9, 0xff, 0x19, 0xff, 0x1a, 0xff, 0x3a, 0xff, 0x5a, 0xff, 0x5a, 0xff, 0x7b,
    0xff, 0x7b, 0xff, 0x7b, 0xff, 0x7b, 0xff, 0x7b, 0xff, 0x7b, 0xff, 0x7b, 0xff, 0x7b, 0xff, 0x7b,
    0xff, 0x7b, 0xf7, 0x1a, 0xe6, 0x57, 0xff, 0x1a, 0xff, 0x3a, 0xff, 0x3a, 0xff, 0x3a, 0xff, 0x5a,
    0xff, 0x5b, 0xff, 0x7b, 0xff, 0x7b, 0xff, 0x7b, 0xff, 0x7b, 0xff, 0x7b, 0xff, 0x7b, 0xff, 0x7b,
    0xff, 0x7b, 0xff, 0x7b, 0xff, 0x7b, 0xff, 0x7b, 0xff, 0x5b, 0xff, 0x5a, 0xff, 0x5a, 0xff, 0x3a,
    0xff, 0x19, 0xff, 0x19, 0xfe, 0xf9, 0xfe, 0xd8, 0xfe, 0xb8, 0xfe, 0x97, 0xfe, 0x77, 0xfe, 0x77,
    0xfe, 0x56, 0xf6, 0x56, 0xfe, 0x97, 0xf6, 0x76, 0xfe, 0xb7, 0xfe, 0xb8, 0xfe, 0xb8, 0xfe, 0xf8,
    0xff, 0x19, 0xff, 0x19, 0xff, 0x3a, 0xff, 0x5a, 0xff, 0x5b, 0xff, 0x7b, 0xff, 0x7b, 0xff, 0x7b,
    0xff, 0x7b, 0xff, 0x7b, 0xff, 0x7b, 0xff, 0x7b, 0xff, 0x7b, 0xff, 0x7b, 0xff, 0x7b, 0xee, 0xb8,
    0xc5, 0x73, 0xf7, 0x19, 0xff, 0x3a, 0xff, 0x3a, 0xff, 0x3a, 0xff, 0x5a, 0xff, 0x5b, 0xff, 0x7b,
    0xff, 0x7b, 0xff, 0x7b, 0xff, 0x7b, 0xff, 0x7b, 0xff, 0x7b, 0xff, 0x7b, 0xff, 0x7b, 0xff, 0x7b,
    0xff, 0x7b, 0xff, 0x7b, 0xff, 0x5b, 0xff, 0x5b, 0xff, 0x5a, 0xff, 0x3a, 0xff, 0x19, 0xff, 0x19,
    0xfe, 0xf8, 0xfe, 0xd8, 0xfe, 0xb7, 0xfe, 0x97, 0xfe, 0x97, 0xfe, 0x76, 0xfe, 0x56, 0xf6, 0x56,
    0xfe, 0x97, 0xf6, 0x77, 0xfe, 0xb7, 0xfe, 0xb8, 0xfe, 0xb8, 0xfe, 0xf8, 0xff, 0x19, 0xff, 0x19,
    0xff, 0x3a, 0xff, 0x5a, 0xff, 0x5b, 0xff, 0x7b, 0xff, 0x7b, 0xff, 0x7b, 0xff, 0x7b, 0xff, 0x7b,
    0xff, 0x7b, 0xff, 0x7b, 0xff, 0x7b, 0xff, 0x7b, 0xff, 0x7b, 0xde, 0x56, 0xde, 0x36, 0xf7, 0x1a,
    0xff, 0x3a, 0xff, 0x3a, 0xff, 0x5a, 0xff, 0x5a, 0xff, 0x5b, 0xff, 0x7b, 0xff, 0x7b, 0xff, 0x9b,
    0xff, 0x9b, 0xff, 0x7b, 0xff, 0x7b, 0xff, 0x7b, 0xff, 0x7b, 0xff, 0x7b, 0xff, 0x7b, 0xff, 0x7b,
    0xff, 0x7b, 0xff, 0x5a, 0xff, 0x5a, 0xff, 0x3a, 0xff, 0x1a, 0xff, 0x19, 0xfe, 0xf9, 0xfe, 0xd8,
    0xfe, 0xb8, 0xfe, 0x97, 0xfe, 0x77, 0xfe, 0x77, 0xfe, 0x76, 0xf6, 0x56, 0xfe, 0x97, 0xf6, 0x77,
    0xfe, 0xb8, 0xfe, 0xb8, 0xfe, 0xb8, 0xfe, 0xf9, 0xff, 0x19, 0xff, 0x1a, 0xff, 0x3a, 0xff, 0x5a,
    0xff, 0x5b, 0xff, 0x5b, 0xff, 0x7b, 0xff, 0x7b, 0xff, 0x7b, 0xff, 0x7b, 0xff, 0x7b, 0xff, 0x7b,
    0xff, 0x7b, 0xff, 0x7b, 0xff, 0x7b, 0xff, 0x5b, 0xff, 0x3a, 0xde, 0x16, 0xd5, 0xd5, 0xff, 0x3a,
    0xff, 0x5a, 0xff, 0x5b, 0xff, 0x5b, 0xff, 0x7b, 0xff, 0x7b, 0xff, 0x7b, 0xff, 0x9b, 0xff, 0x9b,
    0xff, 0x7b, 0xff, 0x7b, 0xff, 0x7b, 0xff, 0x7b, 0xff, 0x7b, 0xff, 0x7b, 0xff, 0x5b, 0xff, 0x5a,
    0xff, 0x5a, 0xff, 0x3a, 0xff, 0x1a, 0xff, 0x19, 0xfe, 0xf9, 0xfe, 0xd8, 0xfe, 0xb8, 0xfe, 0x97,
    0xfe, 0x77, 0xfe, 0x97, 0xfe, 0x76, 0xf6, 0x56, 0xfe, 0xb7, 0xf6, 0x77, 0xfe, 0xb8, 0xfe, 0xb8,
    0xfe, 0xd8, 0xfe, 0xf9, 0xff, 0x19, 0xff, 0x3a, 0xff, 0x3a, 0xff, 0x5a, 0xff, 0x5b, 0xff, 0x7b,
    0xff, 0x7b, 0xff, 0x7b, 0xff, 0x7b, 0xff, 0x7b, 0xff, 0x7b, 0xff, 0x7b, 0xff, 0x7b, 0xff, 0x7b,
    0xff, 0x7b, 0xff, 0x7b, 0xff, 0x5b, 0x9c, 0x2e, 0xc5, 0x73, 0xff, 0x3a, 0xff, 0x5a, 0xff, 0x5b,
    0xff, 0x7b, 0xff, 0x7b, 0xff, 0x7b, 0xff, 0x9b, 0xff, 0x9b, 0xff, 0x9b, 0xff, 0x7b, 0xff, 0x7b,
    0xff, 0x7b, 0xff, 0x7b, 0xff, 0x7b, 0xff, 0x7b, 0xff, 0x5b, 0xff, 0x5a, 0xff, 0x5a, 0xff, 0x3a,
    0xff, 0x3a, 0xff, 0x19, 0xfe, 0xf9, 0xfe, 0xd8, 0xfe, 0xd8, 0xfe, 0xb7, 0xf6, 0x77, 0xfe, 0x97,
    0xfe, 0x76, 0xfe, 0x76, 0xfe, 0xb7, 0xfe, 0x97, 0xfe, 0xd8, 0xfe, 0xb8, 0xfe, 0xf9, 0xff, 0x19,
    0xff, 0x19, 0xff, 0x3a, 0xff, 0x3a, 0xff, 0x5a, 0xff, 0x5b, 0xff, 0x7b, 0xff, 0x7b, 0xff, 0x7b,
    0xff, 0x7b, 0xff, 0x7b, 0xff, 0x7b, 0xff, 0x9b, 0xff, 0x7b, 0xff, 0x7b, 0xff, 0x7b, 0xff, 0x7b,
    0xff, 0x7b, 0xd5, 0xf6, 0xe6, 0x77, 0xff, 0x5b, 0xff, 0x7b, 0xff, 0x7b, 0xff, 0x7b, 0xff, 0x7b,
    0xff, 0x9b, 0xff, 0x9b, 0xff, 0x7b, 0xff, 0x9b, 0xff, 0x7b, 0xff, 0x7b, 0xff, 0x7b, 0xff, 0x7b,
    0xff, 0x7b, 0xff, 0x7b, 0xff, 0x7b, 0xff, 0x5b, 0xff, 0x5a, 0xff, 0x5a, 0xff, 0x3a, 0xff, 0x19,
    0xfe, 0xf9, 0xfe, 0xf9, 0xfe, 0xd8, 0xfe, 0xb8, 0xfe, 0x97, 0xfe, 0xb7, 0xf6, 0x77, 0xfe, 0x97,
    0xf6, 0x97, 0xfe, 0xd8, 0xfe, 0xd8, 0xfe, 0xd8, 0xfe, 0xf9, 0xff, 0x19, 0xff, 0x1a, 0xff, 0x3a,
    0xff, 0x5a, 0xff, 0x5a, 0xff, 0x5b, 0xff, 0x7b, 0xff, 0x7b, 0xff, 0x7b, 0xff, 0x7b, 0xff, 0x7b,
    0xff, 0x9b, 0xff, 0x9b, 0xff, 0x9b, 0xff, 0x9b, 0xff, 0x7b, 0xff, 0x9b, 0xff, 0x7b, 0xff, 0x7b,
    0xff, 0x7b, 0xff, 0x7b, 0xff, 0x7b, 0xff, 0x7b, 0xff, 0x7b, 0xff, 0x9b, 0xff, 0x9b, 0xff, 0x7b,
    0xff, 0x9b, 0xff, 0x9b, 0xff, 0x7b, 0xff, 0x7b, 0xff, 0x7b, 0xff, 0x7b, 0xff, 0x7b, 0xff, 0x7b,
    0xff, 0x7b, 0xff, 0x5b, 0xff, 0x5a, 0xff, 0x5a, 0xff, 0x3a, 0xff, 0x3a, 0xff, 0x19, 0xfe, 0xf9,
    0xfe, 0xd8, 0xfe, 0xd8, 0xfe, 0xb7, 0xfe, 0xb8, 0xf6, 0x77, 0xfe, 0xb7, 0xfe, 0xb8, 0xfe, 0xd8,
    0xfe, 0xd8, 0xfe, 0xf9, 0xff, 0x19, 0xff, 0x19, 0xff, 0x3a, 0xff, 0x3a, 0xff, 0x5a, 0xff, 0x5b,
    0xff, 0x7b, 0xff, 0x7b, 0xff, 0x7b, 0xff, 0x7b, 0xff, 0x7b, 0xff, 0x7b, 0xff, 0x9b, 0xff, 0x9b,
    0xff, 0x9b, 0xff, 0x9b, 0xff, 0x9b, 0xff, 0x9b, 0xff, 0x9b, 0xff, 0x9b, 0xff, 0x9b, 0xff, 0x7b,
    0xff, 0x7b, 0xff, 0x9b, 0xff, 0x9b, 0xff, 0x9b, 0xff, 0x9b, 0xff, 0x9b, 0xff, 0x9b, 0xff, 0x9b,
    0xff, 0x7b, 0xff, 0x7b, 0xff, 0x7b, 0xff, 0x7b, 0xff, 0x7b, 0xff, 0x7b, 0xff, 0x7b, 0xff, 0x5b,
    0xff, 0x5b, 0xff, 0x5a, 0xff, 0x5a, 0xff, 0x3a, 0xff, 0x19, 0xfe, 0xf9, 0xfe, 0xf9, 0xfe, 0xd8,
    0xfe, 0xd8, 0xfe, 0xd8, 0xfe, 0xb7, 0xfe, 0xb7, 0xfe, 0xd8, 0xfe, 0xf8, 0xfe, 0xf9, 0xfe, 0xf9,
    0xff, 0x19, 0xff, 0x1a, 0xff, 0x3a, 0xff, 0x5a, 0xff, 0x5a, 0xff, 0x5b, 0xff, 0x7b, 0xff, 0x7b,
    0xff, 0x7b, 0xff, 0x7b, 0xff, 0x7b, 0xff, 0x7b, 0xff, 0x9b, 0xff, 0x9b, 0xff, 0x9b, 0xff, 0x9b,
    0xff, 0x9b, 0xff, 0x9b, 0xff, 0x9b, 0xff, 0x9b, 0xff, 0x9b, 0xff, 0x9b, 0xff, 0x9b, 0xff, 0x9b,
    0xff, 0x9b, 0xff, 0x9b, 0xff, 0x9b, 0xff, 0x9b, 0xff, 0x9b, 0xff, 0x9b, 0xff, 0x9b, 0xff, 0x7b,
    0xff, 0x7b, 0xff, 0x7b, 0xff, 0x7b, 0xff, 0x7b, 0xff, 0x7b, 0xff, 0x7b, 0xff, 0x5b, 0xff, 0x5b,
    0xff, 0x5a, 0xff, 0x3a, 0xff, 0x3a, 0xff, 0x19, 0xfe, 0xf9, 0xfe, 0xf9, 0xfe, 0xd9, 0xfe, 0xd8,
    0xfe, 0xb8, 0xfe, 0xb8, 0xfe, 0xf9, 0xfe, 0xf9, 0xfe, 0xf9, 0xff, 0x19, 0xff, 0x19, 0xff, 0x3a,
    0xff, 0x3a, 0xff, 0x5a, 0xff, 0x5b, 0xff, 0x5b, 0xff, 0x7b, 0xff, 0x7b, 0xff, 0x7b, 0xff, 0x7b,
    0xff, 0x7b, 0xff, 0x7b, 0xff, 0x9b, 0xff, 0x9b, 0xff, 0x9b, 0xff, 0x9b, 0xff, 0x9b, 0xff, 0x9b,
    0xff, 0x9b, 0xff, 0x9b, 0xff, 0x9b, 0xff, 0x9b, 0xff, 0x9b, 0xff, 0x9b, 0xff, 0x9b, 0xff, 0x9b,
    0xff, 0x9b, 0xff, 0x9b, 0xff, 0x9b, 0xff, 0x9b, 0xff, 0x9b, 0xff, 0x9b, 0xff, 0x7b, 0xff, 0x7b,
    0xff, 0x7b, 0xff, 0x7b, 0xff, 0x7b, 0xff, 0x7b, 0xff, 0x5b, 0xff, 0x5b, 0xff, 0x5a, 0xff, 0x3a,
    0xff, 0x3a, 0xff, 0x1a, 0xff, 0x19, 0xfe, 0xf9, 0xfe, 0xf9, 0xfe, 0xd9, 0xfe, 0xd8, 0xfe, 0xd8,
    0xfe, 0xf9, 0xfe, 0xf9, 0xff, 0x19, 0xff, 0x1a, 0xff, 0x3a, 0xff, 0x3a, 0xff, 0x5a, 0xff, 0x5a,
    0xff, 0x5b, 0xff, 0x7b, 0xff, 0x7b, 0xff, 0x7b, 0xff, 0x7b, 0xff, 0x7b, 0xff, 0x7b, 0xff, 0x9b,
    0xff, 0x9b, 0xff, 0x9b, 0xff, 0x9b, 0xff, 0x9b, 0xff, 0x9b, 0xff, 0x9b, 0xff, 0x9b, 0xff, 0x9b,
    0xff, 0x9b, 0xff, 0x9b, 0xff, 0x9b, 0xff, 0x9b, 0xff, 0x9b, 0xff, 0x9b, 0xff, 0x9b, 0xff, 0x9b,
    0xff, 0x9b, 0xff, 0x9b, 0xff, 0x9b, 0xff, 0x9b, 0xff, 0x7b, 0xff, 0x7b, 0xff, 0x7b, 0xff, 0x7b,
    0xff, 0x7b, 0xff, 0x7b, 0xff, 0x5b, 0xff, 0x5b, 0xff, 0x5a, 0xff, 0x5a, 0xff, 0x3a, 0xff, 0x3a,
    0xff, 0x1a, 0xff, 0x19, 0xfe, 0xf9, 0xfe, 0xf9, 0xfe, 0xf9, 0xfe, 0xf8, 0xfe, 0xf9, 0xff, 0x19,
    0xff, 0x1a, 0xff, 0x3a, 0xff, 0x3a, 0xff, 0x5a, 0xff, 0x5a, 0xff, 0x5b, 0xff, 0x7b, 0xff, 0x7b,
    0xff, 0x7b, 0xff, 0x7b, 0xff, 0x7b, 0xff, 0x7b, 0xff, 0x7b, 0xff, 0x9b, 0xff, 0x9b, 0xff, 0x9b,
    0xff, 0x9b, 0xff, 0x9b, 0xff, 0x9b, 0xff, 0x9b, 0xff, 0x9b, 0xff, 0x9b, 0xff, 0x9b, 0xff, 0x9b,
    0xff, 0x9b, 0xff, 0x9b, 0xff, 0x9b, 0xff, 0x9b, 0xff, 0x9b, 0xff, 0x9b, 0xff, 0x9b, 0xff, 0x9b,
    0xff, 0x9b, 0xff, 0x9b, 0xff, 0x7b, 0xff, 0x7b, 0xff, 0x7b, 0xff, 0x7b, 0xff, 0x7b, 0xff, 0x7b,
    0xff, 0x7b, 0xff, 0x5b, 0xff, 0x5a, 0xff, 0x5a, 0xff, 0x5a, 0xff, 0x3a, 0xff, 0x3a, 0xff, 0x1a,
    0xff, 0x19, 0xff, 0x19, 0xfe, 0xf9, 0xfe, 0xf9, 0xff, 0x19, 0xff, 0x1a, 0xff, 0x3a, 0xff, 0x3a,
    0xff, 0x5a, 0xff, 0x5a, 0xff, 0x5b, 0xff, 0x7b, 0xff, 0x7b, 0xff, 0x7b, 0xff, 0x7b, 0xff, 0x7b,
    0xff, 0x7b, 0xff, 0x7b, 0xff, 0x7b, 0xff, 0x9b, 0xff, 0x9b, 0xff, 0x9b, 0xff, 0x9b, 0xff, 0x9b,
    0xff, 0x9b, 0xff, 0x9b, 0xff, 0x9b, 0xff, 0x9b, 0xff, 0x9b, 0xff, 0x9b, 0xff, 0x9b, 0xff, 0x9b,
    0xff, 0x9b, 0xff, 0x9b, 0xff, 0x9b, 0xff, 0x9b, 0xff, 0x9b, 0xff, 0x9b, 0xff, 0x9b, 0xff, 0x9b,
    0xff, 0x9b, 0xff, 0x7b, 0xff, 0x7b, 0xff, 0x7b, 0xff, 0x7b, 0xff, 0x7b, 0xff, 0x7b, 0xff, 0x7b,
    0xff, 0x7b, 0xff, 0x5b, 0xff, 0x5a, 0xff, 0x5a, 0xff, 0x3a, 0xff, 0x3a, 0xff, 0x3a, 0xff, 0x19,
    0xff, 0x19, 0xff, 0x19, 0xff, 0x3a, 0xff, 0x3a, 0xff, 0x3a, 0xff, 0x5a, 0xff, 0x5a, 0xff, 0x5a,
    0xff, 0x7b, 0xff, 0x5b, 0xff, 0x7b, 0xff, 0x7b, 0xff, 0x7b, 0xff, 0x7b, 0xff, 0x7b, 0xff, 0x7b,
    0xff, 0x9b, 0xff, 0x9b, 0xff, 0x9b, 0xff, 0x9b, 0xff, 0x9b, 0xff, 0x9b, 0xff, 0x9b, 0xff, 0x9b,
    0xff, 0x9b, 0xff, 0x9b, 0xff, 0x9b, 0xff, 0x9b, 0xff, 0x9b, 0xff, 0x9b, 0xff, 0x9b, 0xff, 0x9b,
    0xff, 0x9b, 0xff, 0x9b, 0xff, 0x9b, 0xff, 0x9b, 0xff, 0x9b, 0xff, 0x9b, 0xff, 0x9b, 0xff, 0x7b,
    0xff, 0x7b, 0xff, 0x7b, 0xff, 0x7b, 0xff, 0x7b, 0xff, 0x7b, 0xff, 0x7b, 0xff, 0x5b, 0xff, 0x5b,
    0xff, 0x5b, 0xff, 0x5a, 0xff, 0x5a, 0xff, 0x3a, 0xff, 0x3a, 0xff, 0x3a, 0xff, 0x1a, 0xff, 0x19,
    0xff, 0x3a, 0xff, 0x3a, 0xff, 0x5a, 0xff, 0x5a, 0xff, 0x5a, 0xff, 0x5b, 0xff, 0x7b, 0xff, 0x7b,
    0xff, 0x7b, 0xff, 0x7b, 0xff, 0x7b, 0xff, 0x7b, 0xff, 0x7b, 0xff, 0x7b, 0xff, 0x9c, 0xff, 0x7b,
    0xff, 0x3a, 0xf7, 0x3a, 0xf7, 0x1a, 0xf7, 0x1a, 0xf6, 0xf9, 0xf6, 0xf9, 0xf6, 0xd9, 0xf6, 0xd9,
    0xf6, 0xf9, 0xf6, 0xf9, 0xf7, 0x1a, 0xf7, 0x3a, 0xff, 0x5b, 0xff, 0x7b, 0xff, 0x9c, 0xff, 0x9b,
    0xff, 0x9b, 0xff, 0x9b, 0xff, 0x9b, 0xff, 0x9b, 0xff, 0x9b, 0xff, 0x7b, 0xff, 0x7b, 0xff, 0x7b,
    0xff, 0x7b, 0xff, 0x7b, 0xff, 0x7b, 0xff, 0x7b, 0xff, 0x7b, 0xff, 0x5b, 0xff, 0x5b, 0xff, 0x5a,
    0xff, 0x5a, 0xff, 0x5a, 0xff, 0x5a, 0xff, 0x3a, 0xff, 0x3a, 0xff, 0x3a, 0xff, 0x3a, 0xff, 0x5a,
    0xff, 0x5a, 0xff, 0x5b, 0xff, 0x5b, 0xff, 0x7b, 0xff, 0x7b, 0xff, 0x7b, 0xff, 0x7b, 0xff, 0x7b,
    0xff, 0x7b, 0xff, 0x7b, 0xff, 0x7b, 0xff, 0x5b, 0xdd, 0xf6, 0xd5, 0x53, 0xc4, 0xb1, 0xbc, 0x50,
    0xb4, 0x0e, 0xb3, 0xce, 0xb3, 0x8d, 0xab, 0x6c, 0xab, 0x4c, 0xab, 0x4c, 0xab, 0x4c, 0xb3, 0x8d,
    0xb4, 0x0f, 0xc4, 0x91, 0xcc, 0xf2, 0xd5, 0x74, 0xe6, 0x57, 0xff, 0x5b, 0xff, 0x5b, 0xff, 0x7b,
    0xff, 0x9b, 0xff, 0x9b, 0xff, 0x9b, 0xff, 0x7b, 0xff, 0x7b, 0xff, 0x7b, 0xff, 0x7b, 0xff, 0x7b,
    0xff, 0x7b, 0xff, 0x7b, 0xff, 0x7b, 0xff, 0x7b, 0xff, 0x5b, 0xff, 0x5b, 0xff, 0x5b, 0xff, 0x5b,
    0xff, 0x5a, 0xff, 0x5a, 0xff, 0x3a, 0xff, 0x3a, 0xff, 0x5a, 0xff, 0x5a, 0xff, 0x5b, 0xff, 0x5b,
    0xff, 0x5b, 0xff, 0x7b, 0xff, 0x7b, 0xff, 0x7b, 0xff, 0x7b, 0xff, 0x7b, 0xff, 0x7b, 0xff, 0x5b,
    0xc5, 0x74, 0x93, 0x4c, 0x92, 0xeb, 0xab, 0x2c, 0xb3, 0x4c, 0xbb, 0x4c, 0xbb, 0x4d, 0xbb, 0x6c,
    0xbb, 0x6c, 0xbb, 0x6d, 0xbb, 0x6d, 0xbb, 0x4d, 0xbb, 0x4d, 0xbb, 0x4d, 0xbb, 0x4d, 0xbb, 0x4d,
    0xb3, 0x4c, 0xab, 0x2c, 0xa3, 0x2c, 0xa3, 0x4c, 0xab, 0xee, 0xcd, 0x74, 0xff, 0x5b, 0xff, 0x9b,
    0xff, 0x9b, 0xff, 0x9b, 0xff, 0x7b, 0xff, 0x7b, 0xff, 0x7b, 0xff, 0x7b, 0xff, 0x7b, 0xff, 0x7b,
    0xff, 0x7b, 0xff, 0x7b, 0xff, 0x7b, 0xff, 0x5b, 0xff, 0x5b, 0xff, 0x5b, 0xff, 0x5b, 0xff, 0x5a,
    0xff, 0x5a, 0xff, 0x5a, 0xff, 0x5b, 0xff, 0x5b, 0xff, 0x7b, 0xff, 0x7b, 0xff, 0x7b, 0xff, 0x7b,
    0xff, 0x7b, 0xff, 0x7b, 0xff, 0x7b, 0xff, 0x7b, 0xff, 0x7b, 0xbd, 0x13, 0x59, 0xc6, 0x61, 0x64,
    0x9a, 0xca, 0xbb, 0x4c, 0xbb, 0x2c, 0xbb, 0x2c, 0xbb, 0x2c, 0xbb, 0x2c, 0xbb, 0x4c, 0xbb, 0x4c,
    0xbb, 0x2c, 0xbb, 0x2c, 0xbb, 0x2c, 0xbb, 0x2c, 0xbb, 0x2c, 0xbb, 0x2c, 0xbb, 0x2c, 0xbb, 0x2c,
    0xbb, 0x2c, 0xb3, 0x2c, 0x92, 0xaa, 0x51, 0x65, 0xa4, 0x4f, 0xff, 0x5b, 0xff, 0x9b, 0xff, 0x7b,
    0xff, 0x7b, 0xff, 0x7b, 0xff, 0x7b, 0xff, 0x7b, 0xff, 0x7b, 0xff, 0x7b, 0xff, 0x7b, 0xff, 0x7b,
    0xff, 0x7b, 0xff, 0x7b, 0xff, 0x5b, 0xff, 0x5b, 0xff, 0x5b, 0xff, 0x5b, 0xff, 0x5a, 0xff, 0x5a,
    0xff, 0x7b, 0xff, 0x7b, 0xff, 0x7b, 0xff, 0x7b, 0xff, 0x7b, 0xff, 0x7b, 0xff, 0x7b, 0xff, 0x7b,
    0xff, 0x7b, 0xff, 0x9c, 0xcd, 0x95, 0x6a, 0x07, 0x61, 0x65, 0x61, 0x64, 0xa2, 0xca, 0xbb, 0x4c,
    0xbb, 0x2c, 0xbb, 0x4c, 0xc3, 0x6d, 0xc3, 0x8d, 0xcb, 0xad, 0xcb, 0xad, 0xcb, 0xad, 0xcb, 0x8d,
    0xcb, 0x8d, 0xcb, 0x8d, 0xc3, 0x6d, 0xc3, 0x6c, 0xc3, 0x4c, 0xbb, 0x2c, 0xbb, 0x4c, 0xbb, 0x2c,
    0x92, 0x6a, 0x51, 0x04, 0x59, 0x65, 0xbc, 0xd2, 0xff, 0x5b, 0xff, 0x7b, 0xff, 0x7b, 0xff, 0x7b,
    0xff, 0x7b, 0xff, 0x7b, 0xff, 0x7b, 0xff, 0x7b, 0xff, 0x7b, 0xff, 0x7b, 0xff, 0x7b, 0xff, 0x7b,
    0xff, 0x7b, 0xff, 0x7b, 0xff, 0x7b, 0xff, 0x7b, 0xff, 0x5b, 0xff, 0x5a, 0xff, 0x7b, 0xff, 0x7b,
    0xff, 0x7b, 0xff, 0x7b, 0xff, 0x7b, 0xff, 0x7b, 0xff, 0x7b, 0xff, 0x7b, 0xff, 0x7b, 0xf6, 0xf9,
    0x93, 0x6c, 0x69, 0x65, 0x79, 0xa6, 0x61, 0x44, 0xa2, 0xaa, 0xcb, 0x8d, 0xd3, 0xce, 0xd3, 0xee,
    0xdc, 0x0e, 0xdc, 0x2f, 0xdc, 0x2f, 0xdc, 0x2f, 0xdc, 0x2f, 0xdc, 0x2f, 0xdc, 0x2e, 0xdc, 0x2e,
    0xdc, 0x0e, 0xdc, 0x0e, 0xd3, 0xee, 0xd3, 0xcd, 0xcb, 0xcd, 0xc3, 0x6d, 0x92, 0x48, 0x58, 0xe3,
    0x61, 0x24, 0x7a, 0x48, 0xc5, 0x53, 0xff, 0x9c, 0xff, 0x7b, 0xff, 0x7b, 0xff, 0x7b, 0xff, 0x7b,
    0xff, 0x7b, 0xff, 0x7b, 0xff, 0x7b, 0xff, 0x7b, 0xff, 0x7b, 0xff, 0x7b, 0xff, 0x7b, 0xff, 0x7b,
    0xff, 0x7b, 0xff, 0x7b, 0xff, 0x7b, 0xff, 0x5b, 0xff, 0x7b, 0xff, 0x7b, 0xff, 0x7b, 0xff, 0x7b,
    0xff, 0x7b, 0xff, 0x7b, 0xff, 0x7b, 0xff, 0x7b, 0xff, 0x9c, 0xc5, 0x74, 0x72, 0x28, 0x79, 0xa6,
    0x71, 0x85, 0x8a, 0x07, 0xbb, 0x6c, 0xdc, 0x2f, 0xe4, 0x4f, 0xec, 0x4f, 0xec, 0x4f, 0xec, 0x4f,
    0xec, 0x4f, 0xec, 0x4f, 0xec, 0x6f, 0xec, 0x6f, 0xec, 0x6f, 0xec, 0x6f, 0xec, 0x6f, 0xec, 0x6f,
    0xec, 0x6f, 0xe4, 0x4f, 0xe4, 0x4f, 0xdc, 0x0e, 0xbb, 0x2b, 0x8a, 0x07, 0x81, 0xa6, 0x69, 0x65,
    0x8a, 0xeb, 0xe6, 0x98, 0xff, 0x7b, 0xff, 0x7b, 0xff, 0x9b, 0xff, 0x7b, 0xff, 0x7b, 0xff, 0x7b,
    0xff, 0x7b, 0xff, 0x7b, 0xff, 0x7b, 0xff, 0x7b, 0xff, 0x7b, 0xff, 0x7b, 0xff, 0x7b, 0xff, 0x7b,
    0xff, 0x7b, 0xff, 0x5b, 0xff, 0x7b, 0xff, 0x7b, 0xff, 0x7b, 0xff, 0x7b, 0xff, 0x7b, 0xff, 0x7b,
    0xff, 0x7b, 0xff, 0x7b, 0xff, 0x5b, 0x8b, 0x4c, 0x61, 0x44, 0x81, 0xe7, 0x92, 0x48, 0xc3, 0xad,
    0xe4, 0x6f, 0xe4, 0x6f, 0xe4, 0x4f, 0xe4, 0x4f, 0xe4, 0x4f, 0xe4, 0x4f, 0xe4, 0x4f, 0xe4, 0x4f,
    0xe4, 0x4f, 0xe4, 0x4f, 0xec, 0x4f, 0xec, 0x4f, 0xe4, 0x4f, 0xe4, 0x4f, 0xe4, 0x4f, 0xec, 0x4f,
    0xe4, 0x4f, 0xec, 0x6f, 0xec, 0x70, 0xd3, 0xee, 0xaa, 0xca, 0x81, 0xc6, 0x71, 0xe6, 0xa4, 0x0f,
    0xff, 0x5b, 0xff, 0x7b, 0xff, 0x7b, 0xff, 0x7b, 0xff, 0x9b, 0xff, 0x7b, 0xff, 0x7b, 0xff, 0x7b,
    0xff, 0x7b, 0xff, 0x7b, 0xff, 0x7b, 0xff, 0x7b, 0xff, 0x7b, 0xff, 0x7b, 0xff, 0x7b, 0xff, 0x7b,
    0xff, 0x7b, 0xff, 0x7b, 0xff, 0x7b, 0xff, 0x7b, 0xff, 0x7b, 0xff, 0x7b, 0xff, 0x7b, 0xff, 0x7b,
    0xe6, 0x57, 0x7a, 0x68, 0x69, 0x64, 0xa2, 0xca, 0xdc, 0x0f, 0xe4, 0x4f, 0xe4, 0x4f, 0xe4, 0x4f,
    0xe4, 0x4f, 0xe4, 0x4f, 0xe4, 0x4f, 0xe4, 0x4f, 0xe4, 0x4f, 0xe4, 0x4f, 0xe4, 0x4f, 0xe4, 0x4f,
    0xe4, 0x4f, 0xe4, 0x4f, 0xe4, 0x4f, 0xe4, 0x4f, 0xe4, 0x4f, 0xec, 0x4f, 0xe4, 0x4f, 0xe4, 0x4f,
    0xe4, 0x4f, 0xe4, 0x4f, 0xe4, 0x70, 0xcb, 0xad, 0x79, 0xc6, 0x72, 0x48, 0xee, 0x99, 0xff, 0x7b,
    0xff, 0x7b, 0xff, 0x9b, 0xff, 0x9b, 0xff, 0x9b, 0xff, 0x7b, 0xff, 0x7b, 0xff, 0x7b, 0xff, 0x7b,
    0xff, 0x7b, 0xff, 0x7b, 0xff, 0x7b, 0xff, 0x7b, 0xff, 0x7b, 0xff, 0x7b, 0xff, 0x7b, 0xff, 0x7b,
    0xff, 0x7b, 0xff, 0x7b, 0xff, 0x7b, 0xff, 0x7b, 0xff, 0x7b, 0xff, 0x9b, 0xc5, 0x53, 0x71, 0xc6,
    0xa2, 0xca, 0xe4, 0x4f, 0xe4, 0x4f, 0xec, 0x4f, 0xe4, 0x4f, 0xe4, 0x4f, 0xe4, 0x4f, 0xe4, 0x4f,
    0xe4, 0x4f, 0xe4, 0x4f, 0xe4, 0x4f, 0xe4, 0x4f, 0xe4, 0x4f, 0xe4, 0x4f, 0xe4, 0x4f, 0xe4, 0x4f,
    0xe4, 0x4f, 0xe4, 0x4f, 0xe4, 0x4f, 0xe4, 0x4f, 0xe4, 0x4f, 0xe4, 0x4f, 0xe4, 0x4f, 0xe4, 0x4f,
    0xe4, 0x4f, 0xec, 0x90, 0xbb, 0x6c, 0x8a, 0x68, 0xbc, 0xd1, 0xff, 0x7b, 0xff, 0x9b, 0xff, 0x9b,
    0xff, 0x9b, 0xff, 0x9b, 0xff, 0x9b, 0xff, 0x9b, 0xff, 0x7b, 0xff, 0x7b, 0xff, 0x7b, 0xff, 0x7b,
    0xff, 0x7b, 0xff, 0x7b, 0xff, 0x7b, 0xff, 0x7b, 0xff, 0x7b, 0xff, 0x7b, 0xff, 0x9b, 0xff, 0x9b,
    0xff, 0x9b, 0xff, 0x9b, 0xff, 0x9b, 0xff, 0x5b, 0x9b, 0xcd, 0x9a, 0xa9, 0xdc, 0x2f, 0xec, 0x6f,
    0xec, 0x4f, 0xec, 0x4f, 0xe4, 0x4f, 0xe4, 0x4f, 0xe4, 0x6f, 0xe4, 0x4f, 0xe4, 0x4f, 0xe4, 0x4f,
    0xe4, 0x4f, 0xe4, 0x4f, 0xe4, 0x4f, 0xe4, 0x4f, 0xe4, 0x4f, 0xe4, 0x4f, 0xe4, 0x4f, 0xec, 0x4f,
    0xec, 0x6f, 0xec, 0x6f, 0xec, 0x4f, 0xe4, 0x4f, 0xe4, 0x4f, 0xe4, 0x6f, 0xe4, 0x4f, 0xec, 0x6f,
    0xe4, 0x6f, 0xbb, 0x8c, 0xa3, 0xce, 0xff, 0x9b, 0xff, 0x9b, 0xff, 0x9b, 0xff, 0x9b, 0xff, 0x9b,
    0xff, 0x9b, 0xff, 0x9b, 0xff, 0x9b, 0xff, 0x9b, 0xff, 0x9b, 0xff, 0x7b, 0xff, 0x7b, 0xff, 0x7b,
    0xff, 0x7b, 0xff, 0x7b, 0xff, 0x9b, 0xff, 0x9b, 0xff, 0x9b, 0xff, 0x9b, 0xff, 0x9b, 0xff, 0x9b,
    0xff, 0x9b, 0xee, 0xb9, 0xa3, 0xad, 0xbb, 0x6c, 0xf4, 0x90, 0xe4, 0x2f, 0xec, 0x4f, 0xec, 0x4f,
    0xe4, 0x4f, 0xe4, 0x4f, 0xe4, 0x4f, 0xe4, 0x4f, 0xe4, 0x4f, 0xe4, 0x4f, 0xe4, 0x6f, 0xe4, 0x6f,
    0xe4, 0x70, 0xe4, 0x90, 0xe4, 0x90, 0xec, 0x90, 0xe4, 0x6f, 0xe4, 0x6f, 0xe4, 0x4f, 0xe4, 0x4f,
    0xe4, 0x4f, 0xe4, 0x4f, 0xe4, 0x6f, 0xe4, 0x6f, 0xe4, 0x6f, 0xe4, 0x4f, 0xec, 0x90, 0xd4, 0x2f,
    0xab, 0xcd, 0xf7, 0x1a, 0xff, 0x9b, 0xff, 0x9b, 0xff, 0x9b, 0xff, 0x9b, 0xff, 0x9b, 0xff, 0x9b,
    0xff, 0x9b, 0xff, 0x9b, 0xff, 0x9b, 0xff, 0x9b, 0xff, 0x7b, 0xff, 0x7b, 0xff, 0x7b, 0xff, 0x7b,
    0xff, 0x9b, 0xff, 0x9b, 0xff, 0x9b, 0xff, 0x9b, 0xff, 0x9b, 0xff, 0x9b, 0xff, 0x9b, 0xde, 0x16,
    0xbc, 0x2f, 0xd3, 0xcd, 0xec, 0x6f, 0xe4, 0x4f, 0xec, 0x4f, 0xe4, 0x4f, 0xe4, 0x4f, 0xe4, 0x6f,
    0xe4, 0x90, 0xec, 0xb1, 0xec, 0xd1, 0xed, 0x12, 0xed, 0x32, 0xf5, 0x53, 0xf5, 0x53, 0xf5, 0x73,
    0xf5, 0x73, 0xf5, 0x53, 0xf5, 0x33, 0xed, 0x32, 0xed, 0x12, 0xec, 0xd1, 0xe4, 0xb0, 0xe4, 0x70,
    0xe4, 0x4f, 0xe4, 0x4f, 0xe4, 0x4f, 0xec, 0x4f, 0xec, 0x6f, 0xdc, 0x2e, 0xbb, 0xee, 0xee, 0x98,
    0xff, 0x9b, 0xff, 0x9b, 0xff, 0x9b, 0xff, 0x9b, 0xff, 0x9b, 0xff, 0x9b, 0xff, 0x9b, 0xff, 0x9b,
    0xff, 0x9b, 0xff, 0x9b, 0xff, 0x9b, 0xff, 0x9b, 0xff, 0x9b, 0xff, 0x9b, 0xff, 0x9b, 0xff, 0x9b,
    0xff, 0x9b, 0xff, 0x9b, 0xff, 0x9b, 0xff, 0x9b, 0xff, 0x9b, 0xd5, 0x94, 0xcc, 0x50, 0xdb, 0xee,
    0xec, 0x4f, 0xe4, 0x4f, 0xe4, 0x6f, 0xe4, 0x90, 0xec, 0xd1, 0xed, 0x12, 0xf5, 0x53, 0xf5, 0x94,
    0xfd, 0xd5, 0xfd, 0xf5, 0xfe, 0x16, 0xfe, 0x16, 0xfe, 0x16, 0xfe, 0x16, 0xfe, 0x16, 0xfe, 0x16,
    0xfe, 0x16, 0xfe, 0x15, 0xfd, 0xf5, 0xfd, 0xb4, 0xf5, 0x73, 0xed, 0x32, 0xec, 0xd1, 0xe4, 0x90,
    0xe4, 0x70, 0xe4, 0x4f, 0xec, 0x6f, 0xdc, 0x0e, 0xbb, 0xee, 0xee, 0x77, 0xff, 0x9b, 0xff, 0x9b,
    0xff, 0x9b, 0xff, 0x9b, 0xff, 0x9b, 0xff, 0x9b, 0xff, 0x9b, 0xff, 0x9b, 0xff, 0x9b, 0xff, 0x9b,
    0xff, 0x9b, 0xff, 0x9b, 0xff, 0x9b, 0xff, 0x9b, 0xff, 0x9b, 0xff, 0x9b, 0xff, 0x9b, 0xff, 0x7b,
    0xff, 0x9b, 0xff, 0x9b, 0xff, 0x9b, 0xd5, 0x74, 0xcc, 0x30, 0xe3, 0xee, 0xec, 0x70, 0xe4, 0x90,
    0xec, 0xf1, 0xf5, 0x73, 0xfd, 0xd5, 0xfd, 0xf5, 0xfe, 0x15, 0xfe, 0x16, 0xfe, 0x16, 0xfe, 0x16,
    0xfe, 0x16, 0xfe, 0x16, 0xfe, 0x16, 0xfe, 0x16, 0xfe, 0x16, 0xfe, 0x16, 0xfe, 0x16, 0xfe, 0x16,
    0xfe, 0x16, 0xfe, 0x16, 0xfe, 0x16, 0xfe, 0x16, 0xfd, 0xd5, 0xf5, 0x73, 0xec, 0xf2, 0xe4, 0x90,
    0xec, 0x8f, 0xdc, 0x2e, 0xbb, 0xee, 0xe6, 0x77, 0xff, 0x9b, 0xff, 0x9b, 0xff, 0x9b, 0xff, 0x9b,
    0xff, 0x9b, 0xff, 0x9b, 0xff, 0x9b, 0xff, 0x9b, 0xff, 0x9b, 0xff, 0x9b, 0xff, 0x9b, 0xff, 0x9b,
    0xff, 0x9b, 0xff, 0x9b, 0xff, 0x9b, 0xff, 0x9b, 0xff, 0x9b, 0xff, 0x7b, 0xff, 0x9b, 0xff, 0x9b,
    0xff, 0x9b, 0xd5, 0xb5, 0xcc, 0x70, 0xdc, 0x2f, 0xf5, 0x12, 0xf5, 0x94, 0xfd, 0xf5, 0xfe, 0x15,
    0xfe, 0x16, 0xfe, 0x16, 0xfe, 0x16, 0xfe, 0x16, 0xfe, 0x16, 0xfe, 0x16, 0xfe, 0x16, 0xfe, 0x16,
    0xfe, 0x16, 0xfe, 0x16, 0xfe, 0x16, 0xfe, 0x16, 0xfe, 0x16, 0xfe, 0x16, 0xfe, 0x16, 0xfe, 0x16,
    0xfe, 0x16, 0xfe, 0x16, 0xfe, 0x16, 0xfd, 0xf6, 0xfd, 0xd5, 0xf5, 0x93, 0xf5, 0x12, 0xd4, 0x4f,
    0xb3, 0xee, 0xee, 0x98, 0xff, 0x9b, 0xff, 0x9b, 0xff, 0x9b, 0xff, 0x9b, 0xff, 0x9b, 0xff, 0x9b,
    0xff, 0x9b, 0xff, 0x9b, 0xff, 0x9b, 0xff, 0x9b, 0xff, 0x9b, 0xff, 0x9b, 0xff, 0x9b, 0xff, 0x9b,
    0xff, 0x7b, 0xff, 0x9b, 0xff, 0x9b, 0xff, 0x9b, 0xff, 0x9b, 0xff, 0x9b, 0xff, 0x9b, 0xde, 0x37,
    0xcc, 0xb1, 0xe4, 0xf1, 0xfd, 0xf5, 0xfd, 0xf5, 0xfe, 0x16, 0xfe, 0x16, 0xfe, 0x16, 0xfe, 0x16,
    0xfe, 0x16, 0xfe, 0x16, 0xfe, 0x16, 0xfe, 0x16, 0xfe, 0x16, 0xfe, 0x16, 0xfe, 0x16, 0xfe, 0x16,
    0xfe, 0x16, 0xfe, 0x16, 0xfe, 0x16, 0xfe, 0x16, 0xfe, 0x16, 0xfe, 0x16, 0xfe, 0x16, 0xfe, 0x16,
    0xfe, 0x16, 0xfe, 0x16, 0xfe, 0x36, 0xfe, 0x15, 0xfd, 0xf5, 0xe5, 0x12, 0xac, 0x0e, 0xee, 0xd9,
    0xff, 0x9c, 0xff, 0x9b, 0xff, 0x9b, 0xff, 0x9b, 0xff, 0x9b, 0xff, 0x9b, 0xff, 0x9b, 0xff, 0x9b,
    0xff, 0x9b, 0xff, 0x9b, 0xff, 0x9b, 0xff, 0x7b, 0xff, 0x7b, 0xff, 0x7b, 0xff, 0x7b, 0xff, 0x7b,
    0xff, 0x9b, 0xff, 0x9b, 0xff, 0x9b, 0xff, 0x9b, 0xff, 0x9b, 0xee, 0xb9, 0xcc, 0xf2, 0xe5, 0x53,
    0xfe, 0x57, 0xfe, 0x16, 0xfe, 0x16, 0xfe, 0x16, 0xfe, 0x16, 0xfe, 0x16, 0xfe, 0x16, 0xfe, 0x16,
    0xfe, 0x16, 0xfe, 0x16, 0xfe, 0x16, 0xfe, 0x16, 0xfe, 0x16, 0xfe, 0x16, 0xfe, 0x16, 0xfe, 0x16,
    0xfe, 0x16, 0xfe, 0x16, 0xfe, 0x16, 0xfe, 0x16, 0xfe, 0x16, 0xfe, 0x16, 0xfe, 0x16, 0xfe, 0x16,
    0xfe, 0x16, 0xfe, 0x16, 0xfe, 0x36, 0xe5, 0x94, 0xb4, 0xd1, 0xff, 0x5b, 0xff, 0x9b, 0xff, 0x9b,
    0xff, 0x9b, 0xff, 0x9b, 0xff, 0x9b, 0xff, 0x9b, 0xff, 0x9b, 0xff, 0x9b, 0xff, 0x9b, 0xff, 0x9b,
    0xff, 0x7b, 0xff, 0x7b, 0xff, 0x7b, 0xff, 0x7b,
};

const lv_img_dsc_t avatar_asset_mouth_speak3 = {
    .header.always_zero = 0,
    .header.w = 54,
    .header.h = 34,
    .header.cf = LV_IMG_CF_TRUE_COLOR_CHROMA_KEYED,
    .data_size = sizeof(mouth_speak3_map),
    .data = mouth_speak3_map,
};
